{
	"data":
	[
		{
			"id": 1,
			"app_id": 1,
			"identifier": "latest_version",
			"title": "Latest Version",
			"value": "226.0.0.49.120 ",
			"position": 0,
			"created_at": "2020-07-21 06:35:38",
			"updated_at": "2020-07-21 06:35:38"
		},
		{
			"id": 2,
			"app_id": 1,
			"identifier": "published_date",
			"title": "Publish Date",
			"value": "2019-06-18",
			"position": 0,
			"created_at": "2020-07-21 06:35:38",
			"updated_at": "2020-07-21 06:35:38"
		},
		{
			"id": 3,
			"app_id": 1,
			"identifier": "required_android",
			"title": "Requirement",
			"value": "Android 8.0+",
			"position": 0,
			"created_at": "2020-07-21 06:35:38",
			"updated_at": "2020-07-21 06:35:38"
		},
		{
			"id": 4,
			"app_id": 2,
			"identifier": "latest_version",
			"title": "Latest Version",
			"value": "220.0.0.20.121 ",
			"position": 0,
			"created_at": "2020-07-21 06:35:41",
			"updated_at": "2020-07-21 06:35:41"
		},
		{
			"id": 5,
			"app_id": 2,
			"identifier": "published_date",
			"title": "Publish Date",
			"value": "2019-06-18",
			"position": 0,
			"created_at": "2020-07-21 06:35:41",
			"updated_at": "2020-07-21 06:35:41"
		},
		{
			"id": 6,
			"app_id": 2,
			"identifier": "required_android",
			"title": "Requirement",
			"value": "Android 5.0+",
			"position": 0,
			"created_at": "2020-07-21 06:35:41",
			"updated_at": "2020-07-21 06:35:41"
		},
		{
			"id": 7,
			"app_id": 3,
			"identifier": "latest_version",
			"title": "Latest Version",
			"value": "98.0.0.15.119 ",
			"position": 0,
			"created_at": "2020-07-21 06:35:44",
			"updated_at": "2020-07-21 06:35:44"
		},
		{
			"id": 8,
			"app_id": 3,
			"identifier": "published_date",
			"title": "Publish Date",
			"value": "2019-06-18",
			"position": 0,
			"created_at": "2020-07-21 06:35:44",
			"updated_at": "2020-07-21 06:35:44"
		},
		{
			"id": 9,
			"app_id": 3,
			"identifier": "required_android",
			"title": "Requirement",
			"value": "Android 4.4+",
			"position": 0,
			"created_at": "2020-07-21 06:35:44",
			"updated_at": "2020-07-21 06:35:44"
		},
		{
			"id": 10,
			"app_id": 4,
			"identifier": "latest_version",
			"title": "Latest Version",
			"value": "14.23.50 ",
			"position": 0,
			"created_at": "2020-07-21 06:35:47",
			"updated_at": "2020-07-21 06:35:47"
		},
		{
			"id": 11,
			"app_id": 4,
			"identifier": "published_date",
			"title": "Publish Date",
			"value": "2019-06-14",
			"position": 0,
			"created_at": "2020-07-21 06:35:47",
			"updated_at": "2020-07-21 06:35:47"
		},
		{
			"id": 12,
			"app_id": 4,
			"identifier": "required_android",
			"title": "Requirement",
			"value": "Android 4.4+",
			"position": 0,
			"created_at": "2020-07-21 06:35:47",
			"updated_at": "2020-07-21 06:35:47"
		},
		{
			"id": 13,
			"app_id": 5,
			"identifier": "latest_version",
			"title": "Latest Version",
			"value": "3.33.52 ",
			"position": 0,
			"created_at": "2020-07-21 06:35:50",
			"updated_at": "2020-07-21 06:35:50"
		},
		{
			"id": 14,
			"app_id": 5,
			"identifier": "published_date",
			"title": "Publish Date",
			"value": "2018-01-22",
			"position": 0,
			"created_at": "2020-07-21 06:35:50",
			"updated_at": "2020-07-21 06:35:50"
		},
		{
			"id": 15,
			"app_id": 5,
			"identifier": "required_android",
			"title": "Requirement",
			"value": "Android 4.1+",
			"position": 0,
			"created_at": "2020-07-21 06:35:50",
			"updated_at": "2020-07-21 06:35:50"
		},
		{
			"id": 16,
			"app_id": 6,
			"identifier": "latest_version",
			"title": "Latest Version",
			"value": "13.2.7 ",
			"position": 0,
			"created_at": "2020-07-21 06:35:53",
			"updated_at": "2020-07-21 06:35:53"
		},
		{
			"id": 17,
			"app_id": 6,
			"identifier": "published_date",
			"title": "Publish Date",
			"value": "2019-06-20",
			"position": 0,
			"created_at": "2020-07-21 06:35:53",
			"updated_at": "2020-07-21 06:35:53"
		},
		{
			"id": 18,
			"app_id": 6,
			"identifier": "required_android",
			"title": "Requirement",
			"value": "Android 5.0+",
			"position": 0,
			"created_at": "2020-07-21 06:35:53",
			"updated_at": "2020-07-21 06:35:53"
		},
		{
			"id": 19,
			"app_id": 7,
			"identifier": "latest_version",
			"title": "Latest Version",
			"value": "1.3.81.4061 ",
			"position": 0,
			"created_at": "2020-07-21 06:35:56",
			"updated_at": "2020-07-21 06:35:56"
		},
		{
			"id": 20,
			"app_id": 7,
			"identifier": "published_date",
			"title": "Publish Date",
			"value": "2019-06-15",
			"position": 0,
			"created_at": "2020-07-21 06:35:56",
			"updated_at": "2020-07-21 06:35:56"
		},
		{
			"id": 21,
			"app_id": 7,
			"identifier": "required_android",
			"title": "Requirement",
			"value": "Android 4.0.3+",
			"position": 0,
			"created_at": "2020-07-21 06:35:56",
			"updated_at": "2020-07-21 06:35:56"
		},
		{
			"id": 22,
			"app_id": 8,
			"identifier": "latest_version",
			"title": "Latest Version",
			"value": "1.153.0.2 ",
			"position": 0,
			"created_at": "2020-07-21 06:35:59",
			"updated_at": "2020-07-21 06:35:59"
		},
		{
			"id": 23,
			"app_id": 8,
			"identifier": "published_date",
			"title": "Publish Date",
			"value": "2019-06-14",
			"position": 0,
			"created_at": "2020-07-21 06:35:59",
			"updated_at": "2020-07-21 06:35:59"
		},
		{
			"id": 24,
			"app_id": 8,
			"identifier": "required_android",
			"title": "Requirement",
			"value": "Android 4.1+",
			"position": 0,
			"created_at": "2020-07-21 06:35:59",
			"updated_at": "2020-07-21 06:35:59"
		},
		{
			"id": 25,
			"app_id": 9,
			"identifier": "latest_version",
			"title": "Latest Version",
			"value": "3.5.13 ",
			"position": 0,
			"created_at": "2020-07-21 06:36:02",
			"updated_at": "2020-07-21 06:36:02"
		},
		{
			"id": 26,
			"app_id": 9,
			"identifier": "published_date",
			"title": "Publish Date",
			"value": "2019-06-20",
			"position": 0,
			"created_at": "2020-07-21 06:36:02",
			"updated_at": "2020-07-21 06:36:02"
		},
		{
			"id": 27,
			"app_id": 9,
			"identifier": "required_android",
			"title": "Requirement",
			"value": "Android 4.1+",
			"position": 0,
			"created_at": "2020-07-21 06:36:02",
			"updated_at": "2020-07-21 06:36:02"
		},
		{
			"id": 28,
			"app_id": 10,
			"identifier": "latest_version",
			"title": "Latest Version",
			"value": "1.3 ",
			"position": 0,
			"created_at": "2020-07-21 06:36:05",
			"updated_at": "2020-07-21 06:36:05"
		},
		{
			"id": 29,
			"app_id": 10,
			"identifier": "published_date",
			"title": "Publish Date",
			"value": "2019-01-11",
			"position": 0,
			"created_at": "2020-07-21 06:36:05",
			"updated_at": "2020-07-21 06:36:05"
		},
		{
			"id": 30,
			"app_id": 10,
			"identifier": "required_android",
			"title": "Requirement",
			"value": "Android 4.1+",
			"position": 0,
			"created_at": "2020-07-21 06:36:05",
			"updated_at": "2020-07-21 06:36:05"
		},
		{
			"id": 31,
			"app_id": 11,
			"identifier": "latest_version",
			"title": "Latest Version",
			"value": "3.5.00 ",
			"position": 0,
			"created_at": "2020-07-21 06:36:08",
			"updated_at": "2020-07-21 06:36:08"
		},
		{
			"id": 32,
			"app_id": 11,
			"identifier": "published_date",
			"title": "Publish Date",
			"value": "2019-06-17",
			"position": 0,
			"created_at": "2020-07-21 06:36:08",
			"updated_at": "2020-07-21 06:36:08"
		},
		{
			"id": 33,
			"app_id": 11,
			"identifier": "required_android",
			"title": "Requirement",
			"value": "Android 4.4+",
			"position": 0,
			"created_at": "2020-07-21 06:36:08",
			"updated_at": "2020-07-21 06:36:08"
		},
		{
			"id": 34,
			"app_id": 12,
			"identifier": "latest_version",
			"title": "Latest Version",
			"value": "3.9.2 ",
			"position": 0,
			"created_at": "2020-07-21 06:36:11",
			"updated_at": "2020-07-21 06:36:11"
		},
		{
			"id": 35,
			"app_id": 12,
			"identifier": "published_date",
			"title": "Publish Date",
			"value": "2019-06-21",
			"position": 0,
			"created_at": "2020-07-21 06:36:11",
			"updated_at": "2020-07-21 06:36:11"
		},
		{
			"id": 36,
			"app_id": 12,
			"identifier": "required_android",
			"title": "Requirement",
			"value": "Android 2.3.2+",
			"position": 0,
			"created_at": "2020-07-21 06:36:11",
			"updated_at": "2020-07-21 06:36:11"
		},
		{
			"id": 37,
			"app_id": 13,
			"identifier": "latest_version",
			"title": "Latest Version",
			"value": "4.6.1c ",
			"position": 0,
			"created_at": "2020-07-21 06:36:15",
			"updated_at": "2020-07-21 06:36:15"
		},
		{
			"id": 38,
			"app_id": 13,
			"identifier": "published_date",
			"title": "Publish Date",
			"value": "2019-05-28",
			"position": 0,
			"created_at": "2020-07-21 06:36:15",
			"updated_at": "2020-07-21 06:36:15"
		},
		{
			"id": 39,
			"app_id": 13,
			"identifier": "required_android",
			"title": "Requirement",
			"value": "Android 4.1+",
			"position": 0,
			"created_at": "2020-07-21 06:36:15",
			"updated_at": "2020-07-21 06:36:15"
		},
		{
			"id": 40,
			"app_id": 14,
			"identifier": "latest_version",
			"title": "Latest Version",
			"value": "6.26.1 build 15 31696 ",
			"position": 0,
			"created_at": "2020-07-21 06:36:18",
			"updated_at": "2020-07-21 06:36:18"
		},
		{
			"id": 41,
			"app_id": 14,
			"identifier": "published_date",
			"title": "Publish Date",
			"value": "2019-06-20",
			"position": 0,
			"created_at": "2020-07-21 06:36:18",
			"updated_at": "2020-07-21 06:36:18"
		},
		{
			"id": 42,
			"app_id": 14,
			"identifier": "required_android",
			"title": "Requirement",
			"value": "Android 5.0+",
			"position": 0,
			"created_at": "2020-07-21 06:36:18",
			"updated_at": "2020-07-21 06:36:18"
		},
		{
			"id": 43,
			"app_id": 15,
			"identifier": "latest_version",
			"title": "Latest Version",
			"value": "2.3.10 ",
			"position": 0,
			"created_at": "2020-07-21 06:36:21",
			"updated_at": "2020-07-21 06:36:21"
		},
		{
			"id": 44,
			"app_id": 15,
			"identifier": "published_date",
			"title": "Publish Date",
			"value": "2019-05-29",
			"position": 0,
			"created_at": "2020-07-21 06:36:21",
			"updated_at": "2020-07-21 06:36:21"
		},
		{
			"id": 45,
			"app_id": 15,
			"identifier": "required_android",
			"title": "Requirement",
			"value": "Android 4.0+",
			"position": 0,
			"created_at": "2020-07-21 06:36:21",
			"updated_at": "2020-07-21 06:36:21"
		},
		{
			"id": 46,
			"app_id": 16,
			"identifier": "latest_version",
			"title": "Latest Version",
			"value": "7.91 ",
			"position": 0,
			"created_at": "2020-07-21 06:36:24",
			"updated_at": "2020-07-21 06:36:24"
		},
		{
			"id": 47,
			"app_id": 16,
			"identifier": "published_date",
			"title": "Publish Date",
			"value": "2019-06-06",
			"position": 0,
			"created_at": "2020-07-21 06:36:24",
			"updated_at": "2020-07-21 06:36:24"
		},
		{
			"id": 48,
			"app_id": 16,
			"identifier": "required_android",
			"title": "Requirement",
			"value": "Android 4.3+",
			"position": 0,
			"created_at": "2020-07-21 06:36:24",
			"updated_at": "2020-07-21 06:36:24"
		},
		{
			"id": 49,
			"app_id": 17,
			"identifier": "latest_version",
			"title": "Latest Version",
			"value": "",
			"position": 0,
			"created_at": "2020-07-21 06:36:27",
			"updated_at": "2020-07-21 06:36:27"
		},
		{
			"id": 50,
			"app_id": 17,
			"identifier": "published_date",
			"title": "Publish Date",
			"value": "2017-12-21",
			"position": 0,
			"created_at": "2020-07-21 06:36:27",
			"updated_at": "2020-07-21 06:36:27"
		},
		{
			"id": 51,
			"app_id": 17,
			"identifier": "required_android",
			"title": "Requirement",
			"value": "Varies with device",
			"position": 0,
			"created_at": "2020-07-21 06:36:27",
			"updated_at": "2020-07-21 06:36:27"
		},
		{
			"id": 52,
			"app_id": 18,
			"identifier": "latest_version",
			"title": "Latest Version",
			"value": "52.0.1 ",
			"position": 0,
			"created_at": "2020-07-21 06:36:30",
			"updated_at": "2020-07-21 06:36:30"
		},
		{
			"id": 53,
			"app_id": 18,
			"identifier": "published_date",
			"title": "Publish Date",
			"value": "2019-03-07",
			"position": 0,
			"created_at": "2020-07-21 06:36:30",
			"updated_at": "2020-07-21 06:36:30"
		},
		{
			"id": 54,
			"app_id": 18,
			"identifier": "required_android",
			"title": "Requirement",
			"value": "4.3 and up",
			"position": 0,
			"created_at": "2020-07-21 06:36:30",
			"updated_at": "2020-07-21 06:36:30"
		},
		{
			"id": 55,
			"app_id": 19,
			"identifier": "latest_version",
			"title": "Latest Version",
			"value": "2.10.5 ",
			"position": 0,
			"created_at": "2020-07-21 06:36:33",
			"updated_at": "2020-07-21 06:36:33"
		},
		{
			"id": 56,
			"app_id": 19,
			"identifier": "published_date",
			"title": "Publish Date",
			"value": "2019-06-12",
			"position": 0,
			"created_at": "2020-07-21 06:36:33",
			"updated_at": "2020-07-21 06:36:33"
		},
		{
			"id": 57,
			"app_id": 19,
			"identifier": "required_android",
			"title": "Requirement",
			"value": "Android 4.0.3+",
			"position": 0,
			"created_at": "2020-07-21 06:36:33",
			"updated_at": "2020-07-21 06:36:33"
		},
		{
			"id": 58,
			"app_id": 20,
			"identifier": "latest_version",
			"title": "Latest Version",
			"value": "5.5.4 ",
			"position": 0,
			"created_at": "2020-07-21 06:36:36",
			"updated_at": "2020-07-21 06:36:36"
		},
		{
			"id": 59,
			"app_id": 20,
			"identifier": "published_date",
			"title": "Publish Date",
			"value": "2019-06-20",
			"position": 0,
			"created_at": "2020-07-21 06:36:36",
			"updated_at": "2020-07-21 06:36:36"
		},
		{
			"id": 60,
			"app_id": 20,
			"identifier": "required_android",
			"title": "Requirement",
			"value": "Android 4.1+",
			"position": 0,
			"created_at": "2020-07-21 06:36:36",
			"updated_at": "2020-07-21 06:36:36"
		},
		{
			"id": 61,
			"app_id": 21,
			"identifier": "latest_version",
			"title": "Latest Version",
			"value": "",
			"position": 0,
			"created_at": "2020-07-21 06:36:39",
			"updated_at": "2020-07-21 06:36:39"
		},
		{
			"id": 62,
			"app_id": 21,
			"identifier": "published_date",
			"title": "Publish Date",
			"value": "2018-12-06",
			"position": 0,
			"created_at": "2020-07-21 06:36:39",
			"updated_at": "2020-07-21 06:36:39"
		},
		{
			"id": 63,
			"app_id": 21,
			"identifier": "required_android",
			"title": "Requirement",
			"value": "Varies with device",
			"position": 0,
			"created_at": "2020-07-21 06:36:39",
			"updated_at": "2020-07-21 06:36:39"
		},
		{
			"id": 64,
			"app_id": 22,
			"identifier": "latest_version",
			"title": "Latest Version",
			"value": "0.13.0 ",
			"position": 0,
			"created_at": "2020-07-21 06:36:43",
			"updated_at": "2020-07-21 06:36:43"
		},
		{
			"id": 65,
			"app_id": 22,
			"identifier": "published_date",
			"title": "Publish Date",
			"value": "2019-06-12",
			"position": 0,
			"created_at": "2020-07-21 06:36:43",
			"updated_at": "2020-07-21 06:36:43"
		},
		{
			"id": 66,
			"app_id": 22,
			"identifier": "required_android",
			"title": "Requirement",
			"value": "Android 4.3+",
			"position": 0,
			"created_at": "2020-07-21 06:36:43",
			"updated_at": "2020-07-21 06:36:43"
		},
		{
			"id": 67,
			"app_id": 23,
			"identifier": "latest_version",
			"title": "Latest Version",
			"value": "10.59.5.0 ",
			"position": 0,
			"created_at": "2020-07-21 06:36:47",
			"updated_at": "2020-07-21 06:36:47"
		},
		{
			"id": 68,
			"app_id": 23,
			"identifier": "published_date",
			"title": "Publish Date",
			"value": "2019-06-18",
			"position": 0,
			"created_at": "2020-07-21 06:36:47",
			"updated_at": "2020-07-21 06:36:47"
		},
		{
			"id": 69,
			"app_id": 23,
			"identifier": "required_android",
			"title": "Requirement",
			"value": "Android 4.4+",
			"position": 0,
			"created_at": "2020-07-21 06:36:47",
			"updated_at": "2020-07-21 06:36:47"
		},
		{
			"id": 70,
			"app_id": 24,
			"identifier": "latest_version",
			"title": "Latest Version",
			"value": "7.21.0 ",
			"position": 0,
			"created_at": "2020-07-21 06:36:50",
			"updated_at": "2020-07-21 06:36:50"
		},
		{
			"id": 71,
			"app_id": 24,
			"identifier": "published_date",
			"title": "Publish Date",
			"value": "2019-06-19",
			"position": 0,
			"created_at": "2020-07-21 06:36:50",
			"updated_at": "2020-07-21 06:36:50"
		},
		{
			"id": 72,
			"app_id": 24,
			"identifier": "required_android",
			"title": "Requirement",
			"value": "Android 4.4+",
			"position": 0,
			"created_at": "2020-07-21 06:36:50",
			"updated_at": "2020-07-21 06:36:50"
		},
		{
			"id": 73,
			"app_id": 25,
			"identifier": "latest_version",
			"title": "Latest Version",
			"value": "6.8.235641 ",
			"position": 0,
			"created_at": "2020-07-21 06:36:53",
			"updated_at": "2020-07-21 06:36:53"
		},
		{
			"id": 74,
			"app_id": 25,
			"identifier": "published_date",
			"title": "Publish Date",
			"value": "2019-06-18",
			"position": 0,
			"created_at": "2020-07-21 06:36:53",
			"updated_at": "2020-07-21 06:36:53"
		},
		{
			"id": 75,
			"app_id": 25,
			"identifier": "required_android",
			"title": "Requirement",
			"value": "Android 4.4+",
			"position": 0,
			"created_at": "2020-07-21 06:36:53",
			"updated_at": "2020-07-21 06:36:53"
		},
		{
			"id": 76,
			"app_id": 26,
			"identifier": "latest_version",
			"title": "Latest Version",
			"value": "4.2.1 ",
			"position": 0,
			"created_at": "2020-07-21 06:36:56",
			"updated_at": "2020-07-21 06:36:56"
		},
		{
			"id": 77,
			"app_id": 26,
			"identifier": "published_date",
			"title": "Publish Date",
			"value": "2017-10-16",
			"position": 0,
			"created_at": "2020-07-21 06:36:56",
			"updated_at": "2020-07-21 06:36:56"
		},
		{
			"id": 78,
			"app_id": 26,
			"identifier": "required_android",
			"title": "Requirement",
			"value": "Android 4.3+",
			"position": 0,
			"created_at": "2020-07-21 06:36:56",
			"updated_at": "2020-07-21 06:36:56"
		},
		{
			"id": 79,
			"app_id": 27,
			"identifier": "latest_version",
			"title": "Latest Version",
			"value": "8.5.10.774 ",
			"position": 0,
			"created_at": "2020-07-21 06:36:59",
			"updated_at": "2020-07-21 06:36:59"
		},
		{
			"id": 80,
			"app_id": 27,
			"identifier": "published_date",
			"title": "Publish Date",
			"value": "2019-06-18",
			"position": 0,
			"created_at": "2020-07-21 06:36:59",
			"updated_at": "2020-07-21 06:36:59"
		},
		{
			"id": 81,
			"app_id": 27,
			"identifier": "required_android",
			"title": "Requirement",
			"value": "Android 4.1+",
			"position": 0,
			"created_at": "2020-07-21 06:36:59",
			"updated_at": "2020-07-21 06:36:59"
		},
		{
			"id": 82,
			"app_id": 28,
			"identifier": "latest_version",
			"title": "Latest Version",
			"value": "2.0.10-build-860589-x86-play ",
			"position": 0,
			"created_at": "2020-07-21 06:37:02",
			"updated_at": "2020-07-21 06:37:02"
		},
		{
			"id": 83,
			"app_id": 28,
			"identifier": "published_date",
			"title": "Publish Date",
			"value": "2019-06-03",
			"position": 0,
			"created_at": "2020-07-21 06:37:02",
			"updated_at": "2020-07-21 06:37:02"
		},
		{
			"id": 84,
			"app_id": 28,
			"identifier": "required_android",
			"title": "Requirement",
			"value": "Android 2.1+",
			"position": 0,
			"created_at": "2020-07-21 06:37:02",
			"updated_at": "2020-07-21 06:37:02"
		},
		{
			"id": 85,
			"app_id": 29,
			"identifier": "latest_version",
			"title": "Latest Version",
			"value": "v2.90, Build 845 (06.06.2019) ",
			"position": 0,
			"created_at": "2020-07-21 06:37:05",
			"updated_at": "2020-07-21 06:37:05"
		},
		{
			"id": 86,
			"app_id": 29,
			"identifier": "published_date",
			"title": "Publish Date",
			"value": "2019-06-06",
			"position": 0,
			"created_at": "2020-07-21 06:37:05",
			"updated_at": "2020-07-21 06:37:05"
		},
		{
			"id": 87,
			"app_id": 29,
			"identifier": "required_android",
			"title": "Requirement",
			"value": "Android 4.0+",
			"position": 0,
			"created_at": "2020-07-21 06:37:05",
			"updated_at": "2020-07-21 06:37:05"
		},
		{
			"id": 88,
			"app_id": 30,
			"identifier": "latest_version",
			"title": "Latest Version",
			"value": "2019.06.11-release ",
			"position": 0,
			"created_at": "2020-07-21 06:37:08",
			"updated_at": "2020-07-21 06:37:08"
		},
		{
			"id": 89,
			"app_id": 30,
			"identifier": "published_date",
			"title": "Publish Date",
			"value": "2019-06-17",
			"position": 0,
			"created_at": "2020-07-21 06:37:08",
			"updated_at": "2020-07-21 06:37:08"
		},
		{
			"id": 90,
			"app_id": 30,
			"identifier": "required_android",
			"title": "Requirement",
			"value": "Android 4.4+",
			"position": 0,
			"created_at": "2020-07-21 06:37:08",
			"updated_at": "2020-07-21 06:37:08"
		},
		{
			"id": 91,
			"app_id": 31,
			"identifier": "latest_version",
			"title": "Latest Version",
			"value": "7.4.1 ",
			"position": 0,
			"created_at": "2020-07-21 06:37:11",
			"updated_at": "2020-07-21 06:37:11"
		},
		{
			"id": 92,
			"app_id": 31,
			"identifier": "published_date",
			"title": "Publish Date",
			"value": "2019-06-12",
			"position": 0,
			"created_at": "2020-07-21 06:37:11",
			"updated_at": "2020-07-21 06:37:11"
		},
		{
			"id": 93,
			"app_id": 31,
			"identifier": "required_android",
			"title": "Requirement",
			"value": "Android 4.1+",
			"position": 0,
			"created_at": "2020-07-21 06:37:11",
			"updated_at": "2020-07-21 06:37:11"
		},
		{
			"id": 94,
			"app_id": 32,
			"identifier": "latest_version",
			"title": "Latest Version",
			"value": "8.1.2 ",
			"position": 0,
			"created_at": "2020-07-21 06:37:15",
			"updated_at": "2020-07-21 06:37:15"
		},
		{
			"id": 95,
			"app_id": 32,
			"identifier": "published_date",
			"title": "Publish Date",
			"value": "2019-06-06",
			"position": 0,
			"created_at": "2020-07-21 06:37:15",
			"updated_at": "2020-07-21 06:37:15"
		},
		{
			"id": 96,
			"app_id": 32,
			"identifier": "required_android",
			"title": "Requirement",
			"value": "Android 4.1+",
			"position": 0,
			"created_at": "2020-07-21 06:37:15",
			"updated_at": "2020-07-21 06:37:15"
		},
		{
			"id": 97,
			"app_id": 33,
			"identifier": "latest_version",
			"title": "Latest Version",
			"value": "9.0 ",
			"position": 0,
			"created_at": "2020-07-21 06:37:18",
			"updated_at": "2020-07-21 06:37:18"
		},
		{
			"id": 98,
			"app_id": 33,
			"identifier": "published_date",
			"title": "Publish Date",
			"value": "2019-06-19",
			"position": 0,
			"created_at": "2020-07-21 06:37:18",
			"updated_at": "2020-07-21 06:37:18"
		},
		{
			"id": 99,
			"app_id": 33,
			"identifier": "required_android",
			"title": "Requirement",
			"value": "Android 5.0+",
			"position": 0,
			"created_at": "2020-07-21 06:37:18",
			"updated_at": "2020-07-21 06:37:18"
		},
		{
			"id": 100,
			"app_id": 34,
			"identifier": "latest_version",
			"title": "Latest Version",
			"value": "1.2.4 ",
			"position": 0,
			"created_at": "2020-07-21 06:37:21",
			"updated_at": "2020-07-21 06:37:21"
		},
		{
			"id": 101,
			"app_id": 34,
			"identifier": "published_date",
			"title": "Publish Date",
			"value": "2019-04-29",
			"position": 0,
			"created_at": "2020-07-21 06:37:21",
			"updated_at": "2020-07-21 06:37:21"
		},
		{
			"id": 102,
			"app_id": 34,
			"identifier": "required_android",
			"title": "Requirement",
			"value": "Android 4.2+",
			"position": 0,
			"created_at": "2020-07-21 06:37:21",
			"updated_at": "2020-07-21 06:37:21"
		},
		{
			"id": 103,
			"app_id": 35,
			"identifier": "latest_version",
			"title": "Latest Version",
			"value": "8.2.0 ",
			"position": 0,
			"created_at": "2020-07-21 06:37:24",
			"updated_at": "2020-07-21 06:37:24"
		},
		{
			"id": 104,
			"app_id": 35,
			"identifier": "published_date",
			"title": "Publish Date",
			"value": "2019-06-19",
			"position": 0,
			"created_at": "2020-07-21 06:37:24",
			"updated_at": "2020-07-21 06:37:24"
		},
		{
			"id": 105,
			"app_id": 35,
			"identifier": "required_android",
			"title": "Requirement",
			"value": "Android 4.0.3+",
			"position": 0,
			"created_at": "2020-07-21 06:37:24",
			"updated_at": "2020-07-21 06:37:24"
		},
		{
			"id": 106,
			"app_id": 36,
			"identifier": "latest_version",
			"title": "Latest Version",
			"value": "1.0.28 ",
			"position": 0,
			"created_at": "2020-07-21 06:37:27",
			"updated_at": "2020-07-21 06:37:27"
		},
		{
			"id": 107,
			"app_id": 36,
			"identifier": "published_date",
			"title": "Publish Date",
			"value": "2019-06-19",
			"position": 0,
			"created_at": "2020-07-21 06:37:27",
			"updated_at": "2020-07-21 06:37:27"
		},
		{
			"id": 108,
			"app_id": 36,
			"identifier": "required_android",
			"title": "Requirement",
			"value": "Android 4.2+",
			"position": 0,
			"created_at": "2020-07-21 06:37:27",
			"updated_at": "2020-07-21 06:37:27"
		},
		{
			"id": 109,
			"app_id": 37,
			"identifier": "latest_version",
			"title": "Latest Version",
			"value": "9.9.1 ",
			"position": 0,
			"created_at": "2020-07-21 06:37:30",
			"updated_at": "2020-07-21 06:37:30"
		},
		{
			"id": 110,
			"app_id": 37,
			"identifier": "published_date",
			"title": "Publish Date",
			"value": "2019-06-20",
			"position": 0,
			"created_at": "2020-07-21 06:37:30",
			"updated_at": "2020-07-21 06:37:30"
		},
		{
			"id": 111,
			"app_id": 37,
			"identifier": "required_android",
			"title": "Requirement",
			"value": "Android 6.0+",
			"position": 0,
			"created_at": "2020-07-21 06:37:30",
			"updated_at": "2020-07-21 06:37:30"
		},
		{
			"id": 112,
			"app_id": 38,
			"identifier": "latest_version",
			"title": "Latest Version",
			"value": "5.18.1 ",
			"position": 0,
			"created_at": "2020-07-21 06:37:33",
			"updated_at": "2020-07-21 06:37:33"
		},
		{
			"id": 113,
			"app_id": 38,
			"identifier": "published_date",
			"title": "Publish Date",
			"value": "2019-06-12",
			"position": 0,
			"created_at": "2020-07-21 06:37:33",
			"updated_at": "2020-07-21 06:37:33"
		},
		{
			"id": 114,
			"app_id": 38,
			"identifier": "required_android",
			"title": "Requirement",
			"value": "Android 5.0+",
			"position": 0,
			"created_at": "2020-07-21 06:37:33",
			"updated_at": "2020-07-21 06:37:33"
		},
		{
			"id": 115,
			"app_id": 39,
			"identifier": "latest_version",
			"title": "Latest Version",
			"value": "7.1.6 ",
			"position": 0,
			"created_at": "2020-07-21 06:37:36",
			"updated_at": "2020-07-21 06:37:36"
		},
		{
			"id": 116,
			"app_id": 39,
			"identifier": "published_date",
			"title": "Publish Date",
			"value": "2019-06-18",
			"position": 0,
			"created_at": "2020-07-21 06:37:36",
			"updated_at": "2020-07-21 06:37:36"
		},
		{
			"id": 117,
			"app_id": 39,
			"identifier": "required_android",
			"title": "Requirement",
			"value": "Android 6.0+",
			"position": 0,
			"created_at": "2020-07-21 06:37:36",
			"updated_at": "2020-07-21 06:37:36"
		},
		{
			"id": 118,
			"app_id": 40,
			"identifier": "latest_version",
			"title": "Latest Version",
			"value": "1.3.2 ",
			"position": 0,
			"created_at": "2020-07-21 06:37:39",
			"updated_at": "2020-07-21 06:37:39"
		},
		{
			"id": 119,
			"app_id": 40,
			"identifier": "published_date",
			"title": "Publish Date",
			"value": "2019-06-03",
			"position": 0,
			"created_at": "2020-07-21 06:37:39",
			"updated_at": "2020-07-21 06:37:39"
		},
		{
			"id": 120,
			"app_id": 40,
			"identifier": "required_android",
			"title": "Requirement",
			"value": "Android 4.4+",
			"position": 0,
			"created_at": "2020-07-21 06:37:39",
			"updated_at": "2020-07-21 06:37:39"
		},
		{
			"id": 121,
			"app_id": 41,
			"identifier": "latest_version",
			"title": "Latest Version",
			"value": "5.29.0.RC05.247256929 ",
			"position": 0,
			"created_at": "2020-07-21 06:37:42",
			"updated_at": "2020-07-21 06:37:42"
		},
		{
			"id": 122,
			"app_id": 41,
			"identifier": "published_date",
			"title": "Publish Date",
			"value": "2019-05-10",
			"position": 0,
			"created_at": "2020-07-21 06:37:42",
			"updated_at": "2020-07-21 06:37:42"
		},
		{
			"id": 123,
			"app_id": 41,
			"identifier": "required_android",
			"title": "Requirement",
			"value": "Android 5.0+",
			"position": 0,
			"created_at": "2020-07-21 06:37:42",
			"updated_at": "2020-07-21 06:37:42"
		},
		{
			"id": 124,
			"app_id": 42,
			"identifier": "latest_version",
			"title": "Latest Version",
			"value": "3.6.04.11 ",
			"position": 0,
			"created_at": "2020-07-21 06:37:46",
			"updated_at": "2020-07-21 06:37:46"
		},
		{
			"id": 125,
			"app_id": 42,
			"identifier": "published_date",
			"title": "Publish Date",
			"value": "2019-06-18",
			"position": 0,
			"created_at": "2020-07-21 06:37:46",
			"updated_at": "2020-07-21 06:37:46"
		},
		{
			"id": 126,
			"app_id": 42,
			"identifier": "required_android",
			"title": "Requirement",
			"value": "Android 4.0+",
			"position": 0,
			"created_at": "2020-07-21 06:37:46",
			"updated_at": "2020-07-21 06:37:46"
		},
		{
			"id": 127,
			"app_id": 43,
			"identifier": "latest_version",
			"title": "Latest Version",
			"value": "7.1.0.139.4334 ",
			"position": 0,
			"created_at": "2020-07-21 06:37:49",
			"updated_at": "2020-07-21 06:37:49"
		},
		{
			"id": 128,
			"app_id": 43,
			"identifier": "published_date",
			"title": "Publish Date",
			"value": "2019-05-02",
			"position": 0,
			"created_at": "2020-07-21 06:37:49",
			"updated_at": "2020-07-21 06:37:49"
		},
		{
			"id": 129,
			"app_id": 43,
			"identifier": "required_android",
			"title": "Requirement",
			"value": "Android 4.1+",
			"position": 0,
			"created_at": "2020-07-21 06:37:49",
			"updated_at": "2020-07-21 06:37:49"
		},
		{
			"id": 130,
			"app_id": 44,
			"identifier": "latest_version",
			"title": "Latest Version",
			"value": "5.8 (US) ",
			"position": 0,
			"created_at": "2020-07-21 06:37:52",
			"updated_at": "2020-07-21 06:37:52"
		},
		{
			"id": 131,
			"app_id": 44,
			"identifier": "published_date",
			"title": "Publish Date",
			"value": "2019-06-16",
			"position": 0,
			"created_at": "2020-07-21 06:37:52",
			"updated_at": "2020-07-21 06:37:52"
		},
		{
			"id": 132,
			"app_id": 44,
			"identifier": "required_android",
			"title": "Requirement",
			"value": "Android 4.1+",
			"position": 0,
			"created_at": "2020-07-21 06:37:52",
			"updated_at": "2020-07-21 06:37:52"
		},
		{
			"id": 133,
			"app_id": 45,
			"identifier": "latest_version",
			"title": "Latest Version",
			"value": "1.8.2 ",
			"position": 0,
			"created_at": "2020-07-21 06:37:55",
			"updated_at": "2020-07-21 06:37:55"
		},
		{
			"id": 134,
			"app_id": 45,
			"identifier": "published_date",
			"title": "Publish Date",
			"value": "2018-02-23",
			"position": 0,
			"created_at": "2020-07-21 06:37:55",
			"updated_at": "2020-07-21 06:37:55"
		},
		{
			"id": 135,
			"app_id": 45,
			"identifier": "required_android",
			"title": "Requirement",
			"value": "Android 3.2+",
			"position": 0,
			"created_at": "2020-07-21 06:37:55",
			"updated_at": "2020-07-21 06:37:55"
		},
		{
			"id": 136,
			"app_id": 46,
			"identifier": "latest_version",
			"title": "Latest Version",
			"value": "2.10.0 ",
			"position": 0,
			"created_at": "2020-07-21 06:37:58",
			"updated_at": "2020-07-21 06:37:58"
		},
		{
			"id": 137,
			"app_id": 46,
			"identifier": "published_date",
			"title": "Publish Date",
			"value": "2018-12-27",
			"position": 0,
			"created_at": "2020-07-21 06:37:58",
			"updated_at": "2020-07-21 06:37:58"
		},
		{
			"id": 138,
			"app_id": 46,
			"identifier": "required_android",
			"title": "Requirement",
			"value": "Android 4.1+",
			"position": 0,
			"created_at": "2020-07-21 06:37:58",
			"updated_at": "2020-07-21 06:37:58"
		},
		{
			"id": 139,
			"app_id": 47,
			"identifier": "latest_version",
			"title": "Latest Version",
			"value": "3.0.3 ",
			"position": 0,
			"created_at": "2020-07-21 06:38:02",
			"updated_at": "2020-07-21 06:38:02"
		},
		{
			"id": 140,
			"app_id": 47,
			"identifier": "published_date",
			"title": "Publish Date",
			"value": "2013-10-28",
			"position": 0,
			"created_at": "2020-07-21 06:38:02",
			"updated_at": "2020-07-21 06:38:02"
		},
		{
			"id": 141,
			"app_id": 47,
			"identifier": "required_android",
			"title": "Requirement",
			"value": "Android 2.1+",
			"position": 0,
			"created_at": "2020-07-21 06:38:02",
			"updated_at": "2020-07-21 06:38:02"
		},
		{
			"id": 142,
			"app_id": 48,
			"identifier": "latest_version",
			"title": "Latest Version",
			"value": "3.0.4 ",
			"position": 0,
			"created_at": "2020-07-21 06:38:05",
			"updated_at": "2020-07-21 06:38:05"
		},
		{
			"id": 143,
			"app_id": 48,
			"identifier": "published_date",
			"title": "Publish Date",
			"value": "2014-05-16",
			"position": 0,
			"created_at": "2020-07-21 06:38:05",
			"updated_at": "2020-07-21 06:38:05"
		},
		{
			"id": 144,
			"app_id": 48,
			"identifier": "required_android",
			"title": "Requirement",
			"value": "Android 2.1+",
			"position": 0,
			"created_at": "2020-07-21 06:38:06",
			"updated_at": "2020-07-21 06:38:06"
		},
		{
			"id": 145,
			"app_id": 49,
			"identifier": "latest_version",
			"title": "Latest Version",
			"value": "2.6.0.1 ",
			"position": 0,
			"created_at": "2020-07-21 06:38:09",
			"updated_at": "2020-07-21 06:38:09"
		},
		{
			"id": 146,
			"app_id": 49,
			"identifier": "published_date",
			"title": "Publish Date",
			"value": "2019-05-09",
			"position": 0,
			"created_at": "2020-07-21 06:38:09",
			"updated_at": "2020-07-21 06:38:09"
		},
		{
			"id": 147,
			"app_id": 49,
			"identifier": "required_android",
			"title": "Requirement",
			"value": "Android 4.0.3+",
			"position": 0,
			"created_at": "2020-07-21 06:38:09",
			"updated_at": "2020-07-21 06:38:09"
		},
		{
			"id": 148,
			"app_id": 50,
			"identifier": "latest_version",
			"title": "Latest Version",
			"value": "2.0.1 ",
			"position": 0,
			"created_at": "2020-07-21 06:38:13",
			"updated_at": "2020-07-21 06:38:13"
		},
		{
			"id": 149,
			"app_id": 50,
			"identifier": "published_date",
			"title": "Publish Date",
			"value": "2017-03-14",
			"position": 0,
			"created_at": "2020-07-21 06:38:13",
			"updated_at": "2020-07-21 06:38:13"
		},
		{
			"id": 150,
			"app_id": 50,
			"identifier": "required_android",
			"title": "Requirement",
			"value": "Android 2.3.2+",
			"position": 0,
			"created_at": "2020-07-21 06:38:13",
			"updated_at": "2020-07-21 06:38:13"
		}
	]
}