{
	"data":
	[
		{
			"id": 1,
			"parent_category_id": 1,
			"identifier": "business",
			"title": "Business",
			"description": "Business",
			"seo_title": "Business",
			"seo_keywords": "business",
			"seo_descriptions": "Business",
			"is_enabled": 1,
			"is_featured": 1,
			"icon": "",
			"views": 0,
			"is_demo": 0,
			"created_at": "2017-09-09 07:12:17",
			"updated_at": "2017-09-09 07:13:27"
		},
		{
			"id": 2,
			"parent_category_id": 1,
			"identifier": "comics",
			"title": "Comics",
			"description": "Comics",
			"seo_title": "Comics",
			"seo_keywords": "comics",
			"seo_descriptions": "Comics",
			"is_enabled": 1,
			"is_featured": 0,
			"icon": "",
			"views": 0,
			"is_demo": 0,
			"created_at": "2017-09-09 07:12:17",
			"updated_at": "2017-09-09 07:12:17"
		},
		{
			"id": 3,
			"parent_category_id": 1,
			"identifier": "communication",
			"title": "Communication",
			"description": "Communication",
			"seo_title": "Communication",
			"seo_keywords": "communication",
			"seo_descriptions": "Communication",
			"is_enabled": 1,
			"is_featured": 1,
			"icon": "",
			"views": 0,
			"is_demo": 0,
			"created_at": "2017-09-09 07:12:17",
			"updated_at": "2017-09-09 07:12:17"
		},
		{
			"id": 4,
			"parent_category_id": 1,
			"identifier": "dating",
			"title": "Dating",
			"description": "Dating",
			"seo_title": "Dating",
			"seo_keywords": "dating",
			"seo_descriptions": "Dating",
			"is_enabled": 1,
			"is_featured": 1,
			"icon": "",
			"views": 0,
			"is_demo": 0,
			"created_at": "2017-09-09 07:12:17",
			"updated_at": "2017-09-09 07:12:17"
		},
		{
			"id": 5,
			"parent_category_id": 1,
			"identifier": "education",
			"title": "Education",
			"description": "Education",
			"seo_title": "Education",
			"seo_keywords": "education",
			"seo_descriptions": "Education",
			"is_enabled": 1,
			"is_featured": 0,
			"icon": "",
			"views": 0,
			"is_demo": 0,
			"created_at": "2017-09-09 07:12:17",
			"updated_at": "2017-09-09 07:12:17"
		},
		{
			"id": 6,
			"parent_category_id": 1,
			"identifier": "entertainment",
			"title": "Entertainment",
			"description": "Entertainment",
			"seo_title": "Entertainment",
			"seo_keywords": "entertainment",
			"seo_descriptions": "Entertainment",
			"is_enabled": 1,
			"is_featured": 1,
			"icon": "",
			"views": 0,
			"is_demo": 0,
			"created_at": "2017-09-09 07:12:17",
			"updated_at": "2017-09-09 07:12:17"
		},
		{
			"id": 7,
			"parent_category_id": 1,
			"identifier": "events",
			"title": "Events",
			"description": "Events",
			"seo_title": "Events",
			"seo_keywords": "events",
			"seo_descriptions": "Events",
			"is_enabled": 1,
			"is_featured": 0,
			"icon": "",
			"views": 0,
			"is_demo": 0,
			"created_at": "2017-09-09 07:12:17",
			"updated_at": "2017-09-09 07:12:17"
		},
		{
			"id": 8,
			"parent_category_id": 1,
			"identifier": "finance",
			"title": "Finance",
			"description": "Finance",
			"seo_title": "Finance",
			"seo_keywords": "finance",
			"seo_descriptions": "Finance",
			"is_enabled": 1,
			"is_featured": 1,
			"icon": "",
			"views": 0,
			"is_demo": 0,
			"created_at": "2017-09-09 07:12:17",
			"updated_at": "2017-09-09 07:12:17"
		},
		{
			"id": 9,
			"parent_category_id": 1,
			"identifier": "food-drink",
			"title": "Food & Drink",
			"description": "Food & Drink",
			"seo_title": "Food & Drink",
			"seo_keywords": "food-drink",
			"seo_descriptions": "Food & Drink",
			"is_enabled": 1,
			"is_featured": 1,
			"icon": "",
			"views": 0,
			"is_demo": 0,
			"created_at": "2017-09-09 07:12:17",
			"updated_at": "2017-09-09 07:12:17"
		},
		{
			"id": 10,
			"parent_category_id": 1,
			"identifier": "health-fitness",
			"title": "Health & Fitness",
			"description": "Health & Fitness",
			"seo_title": "Health & Fitness",
			"seo_keywords": "health-fitness",
			"seo_descriptions": "Health & Fitness",
			"is_enabled": 1,
			"is_featured": 1,
			"icon": "",
			"views": 0,
			"is_demo": 0,
			"created_at": "2017-09-09 07:12:17",
			"updated_at": "2017-09-09 07:12:17"
		},
		{
			"id": 11,
			"parent_category_id": 1,
			"identifier": "house-home",
			"title": "House & Home",
			"description": "House & Home",
			"seo_title": "House & Home",
			"seo_keywords": "house-home",
			"seo_descriptions": "House & Home",
			"is_enabled": 1,
			"is_featured": 0,
			"icon": "",
			"views": 0,
			"is_demo": 0,
			"created_at": "2017-09-09 07:12:17",
			"updated_at": "2017-09-09 07:12:17"
		},
		{
			"id": 12,
			"parent_category_id": 1,
			"identifier": "libraries-demo",
			"title": "Libraries & Demo",
			"description": "Libraries & Demo",
			"seo_title": "Libraries & Demo",
			"seo_keywords": "libraries-demo",
			"seo_descriptions": "Libraries & Demo",
			"is_enabled": 1,
			"is_featured": 0,
			"icon": "",
			"views": 0,
			"is_demo": 0,
			"created_at": "2017-09-09 07:12:17",
			"updated_at": "2017-09-09 07:12:17"
		},
		{
			"id": 13,
			"parent_category_id": 1,
			"identifier": "lifestyle",
			"title": "Lifestyle",
			"description": "Lifestyle",
			"seo_title": "Lifestyle",
			"seo_keywords": "lifestyle",
			"seo_descriptions": "Lifestyle",
			"is_enabled": 1,
			"is_featured": 0,
			"icon": "",
			"views": 0,
			"is_demo": 0,
			"created_at": "2017-09-09 07:12:17",
			"updated_at": "2017-09-09 07:12:17"
		},
		{
			"id": 14,
			"parent_category_id": 1,
			"identifier": "maps-navigation",
			"title": "Maps & Navigation",
			"description": "Maps & Navigation",
			"seo_title": "Maps & Navigation",
			"seo_keywords": "maps-navigation",
			"seo_descriptions": "Maps & Navigation",
			"is_enabled": 1,
			"is_featured": 0,
			"icon": "",
			"views": 0,
			"is_demo": 0,
			"created_at": "2017-09-09 07:12:17",
			"updated_at": "2017-09-09 07:12:17"
		},
		{
			"id": 15,
			"parent_category_id": 1,
			"identifier": "medical",
			"title": "Medical",
			"description": "Medical",
			"seo_title": "Medical",
			"seo_keywords": "medical",
			"seo_descriptions": "Medical",
			"is_enabled": 1,
			"is_featured": 0,
			"icon": "",
			"views": 0,
			"is_demo": 0,
			"created_at": "2017-09-09 07:12:17",
			"updated_at": "2017-09-09 07:12:17"
		},
		{
			"id": 16,
			"parent_category_id": 1,
			"identifier": "music-audio",
			"title": "Music & Audio",
			"description": "Music & Audio",
			"seo_title": "Music & Audio",
			"seo_keywords": "music-audio",
			"seo_descriptions": "Music & Audio",
			"is_enabled": 1,
			"is_featured": 1,
			"icon": "",
			"views": 0,
			"is_demo": 0,
			"created_at": "2017-09-09 07:12:17",
			"updated_at": "2017-09-09 07:12:17"
		},
		{
			"id": 17,
			"parent_category_id": 1,
			"identifier": "news-magazines",
			"title": "News & Magazines",
			"description": "News & Magazines",
			"seo_title": "News & Magazines",
			"seo_keywords": "news-magazines",
			"seo_descriptions": "News & Magazines",
			"is_enabled": 1,
			"is_featured": 1,
			"icon": "",
			"views": 0,
			"is_demo": 0,
			"created_at": "2017-09-09 07:12:17",
			"updated_at": "2017-09-09 07:12:17"
		},
		{
			"id": 18,
			"parent_category_id": 1,
			"identifier": "parenting",
			"title": "Parenting",
			"description": "Parenting",
			"seo_title": "Parenting",
			"seo_keywords": "parenting",
			"seo_descriptions": "Parenting",
			"is_enabled": 1,
			"is_featured": 0,
			"icon": "",
			"views": 0,
			"is_demo": 0,
			"created_at": "2017-09-09 07:12:17",
			"updated_at": "2017-09-09 07:12:17"
		},
		{
			"id": 19,
			"parent_category_id": 1,
			"identifier": "personalization",
			"title": "Personalization",
			"description": "Personalization",
			"seo_title": "Personalization",
			"seo_keywords": "personalization",
			"seo_descriptions": "Personalization",
			"is_enabled": 1,
			"is_featured": 0,
			"icon": "",
			"views": 0,
			"is_demo": 0,
			"created_at": "2017-09-09 07:12:17",
			"updated_at": "2017-09-09 07:12:17"
		},
		{
			"id": 20,
			"parent_category_id": 1,
			"identifier": "photography",
			"title": "Photography",
			"description": "Photography",
			"seo_title": "Photography",
			"seo_keywords": "photography",
			"seo_descriptions": "Photography",
			"is_enabled": 1,
			"is_featured": 1,
			"icon": "",
			"views": 0,
			"is_demo": 0,
			"created_at": "2017-09-09 07:12:17",
			"updated_at": "2017-09-09 07:12:17"
		},
		{
			"id": 21,
			"parent_category_id": 1,
			"identifier": "productivity",
			"title": "Productivity",
			"description": "Productivity",
			"seo_title": "Productivity",
			"seo_keywords": "productivity",
			"seo_descriptions": "Productivity",
			"is_enabled": 1,
			"is_featured": 0,
			"icon": "",
			"views": 0,
			"is_demo": 0,
			"created_at": "2017-09-09 07:12:17",
			"updated_at": "2017-09-09 07:12:17"
		},
		{
			"id": 22,
			"parent_category_id": 1,
			"identifier": "shopping",
			"title": "Shopping",
			"description": "Shopping",
			"seo_title": "Shopping",
			"seo_keywords": "shopping",
			"seo_descriptions": "Shopping",
			"is_enabled": 1,
			"is_featured": 0,
			"icon": "",
			"views": 0,
			"is_demo": 0,
			"created_at": "2017-09-09 07:12:17",
			"updated_at": "2017-09-09 07:12:17"
		},
		{
			"id": 23,
			"parent_category_id": 1,
			"identifier": "social",
			"title": "Social",
			"description": "Social",
			"seo_title": "Social",
			"seo_keywords": "social",
			"seo_descriptions": "Social",
			"is_enabled": 1,
			"is_featured": 1,
			"icon": "",
			"views": 0,
			"is_demo": 0,
			"created_at": "2017-09-09 07:12:17",
			"updated_at": "2017-09-09 07:12:17"
		},
		{
			"id": 24,
			"parent_category_id": 2,
			"identifier": "sports",
			"title": "Sports",
			"description": "Sports",
			"seo_title": "Sports",
			"seo_keywords": "sports",
			"seo_descriptions": "Sports",
			"is_enabled": 1,
			"is_featured": 1,
			"icon": "",
			"views": 0,
			"is_demo": 0,
			"created_at": "2017-09-09 07:12:17",
			"updated_at": "2017-09-09 07:12:17"
		},
		{
			"id": 25,
			"parent_category_id": 1,
			"identifier": "tools",
			"title": "Tools",
			"description": "Tools",
			"seo_title": "Tools",
			"seo_keywords": "tools",
			"seo_descriptions": "Tools",
			"is_enabled": 1,
			"is_featured": 0,
			"icon": "",
			"views": 0,
			"is_demo": 0,
			"created_at": "2017-09-09 07:12:17",
			"updated_at": "2017-09-09 07:12:17"
		},
		{
			"id": 26,
			"parent_category_id": 1,
			"identifier": "travel-local",
			"title": "Travel & Local",
			"description": "Travel & Local",
			"seo_title": "Travel & Local",
			"seo_keywords": "travel-local",
			"seo_descriptions": "Travel & Local",
			"is_enabled": 1,
			"is_featured": 0,
			"icon": "",
			"views": 0,
			"is_demo": 0,
			"created_at": "2017-09-09 07:12:17",
			"updated_at": "2017-09-09 07:12:17"
		},
		{
			"id": 27,
			"parent_category_id": 1,
			"identifier": "video-players-editors",
			"title": "Video Players & Editors",
			"description": "Video Players & Editors",
			"seo_title": "Video Players & Editors",
			"seo_keywords": "video-players-editors",
			"seo_descriptions": "Video Players & Editors",
			"is_enabled": 1,
			"is_featured": 1,
			"icon": "",
			"views": 0,
			"is_demo": 0,
			"created_at": "2017-09-09 07:12:17",
			"updated_at": "2017-09-09 07:12:17"
		},
		{
			"id": 28,
			"parent_category_id": 1,
			"identifier": "weather",
			"title": "Weather",
			"description": "Weather",
			"seo_title": "Weather",
			"seo_keywords": "weather",
			"seo_descriptions": "Weather",
			"is_enabled": 1,
			"is_featured": 0,
			"icon": "",
			"views": 0,
			"is_demo": 0,
			"created_at": "2017-09-09 07:12:17",
			"updated_at": "2017-09-09 07:12:17"
		},
		{
			"id": 29,
			"parent_category_id": 2,
			"identifier": "action",
			"title": "Action",
			"description": "Action",
			"seo_title": "Action",
			"seo_keywords": "action",
			"seo_descriptions": "Action",
			"is_enabled": 1,
			"is_featured": 0,
			"icon": "",
			"views": 0,
			"is_demo": 0,
			"created_at": "2017-09-09 07:12:17",
			"updated_at": "2017-09-09 07:12:17"
		},
		{
			"id": 30,
			"parent_category_id": 2,
			"identifier": "adventure",
			"title": "Adventure",
			"description": "Adventure",
			"seo_title": "Adventure",
			"seo_keywords": "adventure",
			"seo_descriptions": "Adventure",
			"is_enabled": 1,
			"is_featured": 1,
			"icon": "",
			"views": 0,
			"is_demo": 0,
			"created_at": "2017-09-09 07:12:17",
			"updated_at": "2017-09-09 07:12:17"
		},
		{
			"id": 31,
			"parent_category_id": 2,
			"identifier": "arcade",
			"title": "Arcade",
			"description": "Arcade",
			"seo_title": "Arcade",
			"seo_keywords": "arcade",
			"seo_descriptions": "Arcade",
			"is_enabled": 1,
			"is_featured": 1,
			"icon": "",
			"views": 0,
			"is_demo": 0,
			"created_at": "2017-09-09 07:12:17",
			"updated_at": "2017-09-09 07:12:17"
		},
		{
			"id": 32,
			"parent_category_id": 2,
			"identifier": "board",
			"title": "Board",
			"description": "Board",
			"seo_title": "Board",
			"seo_keywords": "board",
			"seo_descriptions": "Board",
			"is_enabled": 1,
			"is_featured": 1,
			"icon": "",
			"views": 0,
			"is_demo": 0,
			"created_at": "2017-09-09 07:12:17",
			"updated_at": "2017-09-09 07:12:17"
		},
		{
			"id": 33,
			"parent_category_id": 2,
			"identifier": "card",
			"title": "Card",
			"description": "Card",
			"seo_title": "Card",
			"seo_keywords": "card",
			"seo_descriptions": "Card",
			"is_enabled": 1,
			"is_featured": 0,
			"icon": "",
			"views": 0,
			"is_demo": 0,
			"created_at": "2017-09-09 07:12:17",
			"updated_at": "2017-09-09 07:12:17"
		},
		{
			"id": 34,
			"parent_category_id": 2,
			"identifier": "casino",
			"title": "Casino",
			"description": "Casino",
			"seo_title": "Casino",
			"seo_keywords": "casino",
			"seo_descriptions": "Casino",
			"is_enabled": 1,
			"is_featured": 0,
			"icon": "",
			"views": 0,
			"is_demo": 0,
			"created_at": "2017-09-09 07:12:17",
			"updated_at": "2017-09-09 07:12:17"
		},
		{
			"id": 35,
			"parent_category_id": 2,
			"identifier": "casual",
			"title": "Casual",
			"description": "Casual",
			"seo_title": "Casual",
			"seo_keywords": "casual",
			"seo_descriptions": "Casual",
			"is_enabled": 1,
			"is_featured": 0,
			"icon": "",
			"views": 0,
			"is_demo": 0,
			"created_at": "2017-09-09 07:12:17",
			"updated_at": "2017-09-09 07:12:17"
		},
		{
			"id": 36,
			"parent_category_id": 2,
			"identifier": "educational",
			"title": "Educational",
			"description": "Educational",
			"seo_title": "Educational",
			"seo_keywords": "educational",
			"seo_descriptions": "Educational",
			"is_enabled": 1,
			"is_featured": 0,
			"icon": "",
			"views": 0,
			"is_demo": 0,
			"created_at": "2017-09-09 07:12:17",
			"updated_at": "2017-09-09 07:12:17"
		},
		{
			"id": 37,
			"parent_category_id": 2,
			"identifier": "music",
			"title": "Music",
			"description": "Music",
			"seo_title": "Music",
			"seo_keywords": "music",
			"seo_descriptions": "Music",
			"is_enabled": 1,
			"is_featured": 1,
			"icon": "",
			"views": 0,
			"is_demo": 0,
			"created_at": "2017-09-09 07:12:17",
			"updated_at": "2017-09-09 07:12:17"
		},
		{
			"id": 38,
			"parent_category_id": 2,
			"identifier": "puzzle",
			"title": "Puzzle",
			"description": "Puzzle",
			"seo_title": "Puzzle",
			"seo_keywords": "puzzle",
			"seo_descriptions": "Puzzle",
			"is_enabled": 1,
			"is_featured": 0,
			"icon": "",
			"views": 0,
			"is_demo": 0,
			"created_at": "2017-09-09 07:12:17",
			"updated_at": "2017-09-09 07:12:17"
		},
		{
			"id": 39,
			"parent_category_id": 2,
			"identifier": "racing",
			"title": "Racing",
			"description": "Racing",
			"seo_title": "Racing",
			"seo_keywords": "racing",
			"seo_descriptions": "Racing",
			"is_enabled": 1,
			"is_featured": 1,
			"icon": "",
			"views": 0,
			"is_demo": 0,
			"created_at": "2017-09-09 07:12:17",
			"updated_at": "2017-09-09 07:12:17"
		},
		{
			"id": 40,
			"parent_category_id": 2,
			"identifier": "role-playing",
			"title": "Role Playing",
			"description": "Role Playing",
			"seo_title": "Role Playing",
			"seo_keywords": "role-playing",
			"seo_descriptions": "Role Playing",
			"is_enabled": 1,
			"is_featured": 1,
			"icon": "",
			"views": 0,
			"is_demo": 0,
			"created_at": "2017-09-09 07:12:17",
			"updated_at": "2017-09-09 07:12:17"
		},
		{
			"id": 41,
			"parent_category_id": 2,
			"identifier": "simulation",
			"title": "Simulation",
			"description": "Simulation",
			"seo_title": "Simulation",
			"seo_keywords": "simulation",
			"seo_descriptions": "Simulation",
			"is_enabled": 1,
			"is_featured": 0,
			"icon": "",
			"views": 0,
			"is_demo": 0,
			"created_at": "2017-09-09 07:12:17",
			"updated_at": "2017-09-09 07:12:17"
		},
		{
			"id": 42,
			"parent_category_id": 2,
			"identifier": "strategy",
			"title": "Strategy",
			"description": "Strategy",
			"seo_title": "Strategy",
			"seo_keywords": "strategy",
			"seo_descriptions": "Strategy",
			"is_enabled": 1,
			"is_featured": 1,
			"icon": "",
			"views": 0,
			"is_demo": 0,
			"created_at": "2017-09-09 07:12:17",
			"updated_at": "2017-09-09 07:12:17"
		},
		{
			"id": 43,
			"parent_category_id": 2,
			"identifier": "trivia",
			"title": "Trivia",
			"description": "Trivia",
			"seo_title": "Trivia",
			"seo_keywords": "trivia",
			"seo_descriptions": "Trivia",
			"is_enabled": 1,
			"is_featured": 1,
			"icon": "",
			"views": 0,
			"is_demo": 0,
			"created_at": "2017-09-09 07:12:17",
			"updated_at": "2017-09-09 07:12:17"
		},
		{
			"id": 44,
			"parent_category_id": 2,
			"identifier": "word",
			"title": "Word",
			"description": "Word",
			"seo_title": "Word",
			"seo_keywords": "word",
			"seo_descriptions": "Word",
			"is_enabled": 1,
			"is_featured": 0,
			"icon": "",
			"views": 0,
			"is_demo": 0,
			"created_at": "2017-09-09 07:12:17",
			"updated_at": "2017-09-09 07:12:17"
		},
		{
			"id": 45,
			"parent_category_id": 2,
			"identifier": "family",
			"title": "Family",
			"description": "Family",
			"seo_title": "Family",
			"seo_keywords": "family",
			"seo_descriptions": "Family",
			"is_enabled": 1,
			"is_featured": 0,
			"icon": "",
			"views": 0,
			"is_demo": 0,
			"created_at": "2017-09-09 07:12:17",
			"updated_at": "2017-09-09 07:12:17"
		},
		{
			"id": 46,
			"parent_category_id": 3,
			"identifier": "live-wallpaper",
			"title": "Live Wallpaper",
			"description": "Live Wallpaper",
			"seo_title": "Live Wallpaper",
			"seo_keywords": "live-wallpaper",
			"seo_descriptions": "Live Wallpaper",
			"is_enabled": 1,
			"is_featured": 0,
			"icon": "",
			"views": 0,
			"is_demo": 0,
			"created_at": "2017-09-09 07:12:17",
			"updated_at": "2017-09-09 07:12:17"
		},
		{
			"id": 47,
			"parent_category_id": 3,
			"identifier": "go-theme",
			"title": "Go Theme",
			"description": "Go Theme",
			"seo_title": "Go Theme",
			"seo_keywords": "go-theme",
			"seo_descriptions": "Go Theme",
			"is_enabled": 1,
			"is_featured": 0,
			"icon": "",
			"views": 0,
			"is_demo": 0,
			"created_at": "2017-09-09 07:12:17",
			"updated_at": "2017-09-09 07:12:17"
		},
		{
			"id": 48,
			"parent_category_id": 3,
			"identifier": "360-theme",
			"title": "360 Theme",
			"description": "360 Theme",
			"seo_title": "360 Theme",
			"seo_keywords": "360-theme",
			"seo_descriptions": "360 Theme",
			"is_enabled": 1,
			"is_featured": 0,
			"icon": "",
			"views": 0,
			"is_demo": 0,
			"created_at": "2017-09-09 07:12:17",
			"updated_at": "2017-09-09 07:12:17"
		},
		{
			"id": 49,
			"parent_category_id": 3,
			"identifier": "mi-theme",
			"title": "MI Theme",
			"description": "MI Theme",
			"seo_title": "MI Theme",
			"seo_keywords": "mi-theme",
			"seo_descriptions": "MI Theme",
			"is_enabled": 1,
			"is_featured": 0,
			"icon": "",
			"views": 0,
			"is_demo": 0,
			"created_at": "2017-09-09 07:12:17",
			"updated_at": "2017-09-09 07:12:17"
		}
	]
}