{
	"data":
	[
		{
			"app_id": "com.soundcloud.android",
			"image_url": "//lh3.googleusercontent.com/NXJ8vi7HqCMmj2bm05AETVXBXtiIrRP0Vsnvj7nII16hUZS2LrnNrtEZi6oH49uFLg=h310"
		},
		{
			"app_id": "com.soundcloud.android",
			"image_url": "//lh3.googleusercontent.com/JPnySIxiI9vLSSzo5yKIjvzs7d34Igkh9EOYchZ1zfbBr5d1ANS2-NUcUEaPi_OIVkk=h310"
		},
		{
			"app_id": "com.soundcloud.android",
			"image_url": "//lh3.googleusercontent.com/Wbg3h8pj2SE4SD40HkkYSVltUN_qv-Gmuip6bKHrYnSL-1448mWVA8ZIKVBeL8ZPag2C=h310"
		},
		{
			"app_id": "com.soundcloud.android",
			"image_url": "//lh3.googleusercontent.com/rv4uHrWuwJUlUAdAskqgF2MStTrzwbpb-7oTOedwRPB340ajXLIussOVYBe8YCJCDUVT=h310"
		},
		{
			"app_id": "com.cloudmusic.freemusic",
			"image_url": "//lh3.googleusercontent.com/bjLWLcg6ye4knhB0gjOv8YIPCsrXLXHJOJJDOhIVSFCt8FUMFR81HnVpGGafjF5JHCI=h310"
		},
		{
			"app_id": "com.cloudmusic.freemusic",
			"image_url": "//lh3.googleusercontent.com/KI7SOJDdPbTkJ8j16gw7-eU8LMF78R6816yvFyfyxBvxoGHDyCDQBwdqWXJt38b7Ww=h310"
		},
		{
			"app_id": "com.cloudmusic.freemusic",
			"image_url": "//lh3.googleusercontent.com/-CR6ShKKP8XzmiMrexgNfvwA3R7omnZmYxGLqSOUgQyGUCo0YUtFEVX2hpol8hWCwTY=h310"
		},
		{
			"app_id": "com.cloudmusic.freemusic",
			"image_url": "//lh3.googleusercontent.com/EfPLBepz2OtKzTJvt7FRXWzAEtjdWuhRr1G6mboNjhh-BpjXoAu3iBwp4D1Kb6FbNxM=h310"
		},
		{
			"app_id": "com.cloudmusic.freemusic",
			"image_url": "//lh3.googleusercontent.com/QWAkZnOE4EwnGpD1_niGxcClpPemU3hBK9MLlxIG7SVnViZQ8q-BTGE4srmTHW9hhjBo=h310"
		},
		{
			"app_id": "com.cloudmusic.freemusic",
			"image_url": "//lh3.googleusercontent.com/Ax8XuF8NP9jgy8bx2NOmxFKTEqfSsdkr2Lj4KrjZCkKkYiBF9NeAZ0Xy0d3SrFZIxqA=h310"
		},
		{
			"app_id": "com.cloudmusic.freemusic",
			"image_url": "//lh3.googleusercontent.com/OJV9AfLo7XFUvAX7bFgdJzK-Wu0XBqxZDcWbC31hbFJNOdYM0gjWyvR77lVhSEOWQmE=h310"
		},
		{
			"app_id": "com.nbadigital.gametimelite",
			"image_url": "//lh3.googleusercontent.com/hatUENbbieuphZcnRNlVzzkVIlnHeV_zWuU3AsKqnk18yAi4kSQ-mwsLf5Y54ATB3z8j=h900"
		},
		{
			"app_id": "com.nbadigital.gametimelite",
			"image_url": "//lh3.googleusercontent.com/t0xOlrDq__yvxJqvtfY-kNa4VgWq6relgPzEf1uuYrgIqqpCg639oObtlVoLiXkM0CU=h900"
		},
		{
			"app_id": "com.nbadigital.gametimelite",
			"image_url": "//lh3.googleusercontent.com/kj0dOTrrC-GTNnrFBBYtMp2Abhiq5qNVWCh1NKnOM2Z0mej75GdhlWBbgW5rkZ1yLsU=h900"
		},
		{
			"app_id": "com.nbadigital.gametimelite",
			"image_url": "//lh3.googleusercontent.com/vNCd6IhFh41_kIKzoWUV74VPaKOkcRzZhw0vZ5ulAF17K3egYvugdAkEqronN8VUj7Um=h900"
		},
		{
			"app_id": "com.nbadigital.gametimelite",
			"image_url": "//lh3.googleusercontent.com/rV8id_YgDSG4hhHgIUQKQCnltoEQ9RTedqV8d37LKQ6yBh_JdEE_-iBMHhMkfLheCpU=h900"
		},
		{
			"app_id": "com.nbadigital.gametimelite",
			"image_url": "//lh3.googleusercontent.com/H6tpGjL-rCKcNnmyytJfFn10--x4nnk3M9Kn3N3Evj0EPOHKHh-HNi9VLzLlYQM5vI8=h900"
		},
		{
			"app_id": "com.nbadigital.gametimelite",
			"image_url": "//lh3.googleusercontent.com/D_WzPlIm60RV0E0qtG0jCTioJrCILiQJJWM1E4IOI4PQvVchwo7XZzxf77nhJLAOifg=h900"
		},
		{
			"app_id": "com.nbadigital.gametimelite",
			"image_url": "//lh3.googleusercontent.com/VXu-A6DHunlKELS6K8iaRtO1uh-qvptQqZ4NOa9JzQ0TQGEdQwLocwLwLoqVDjWFbYi2=h900"
		},
		{
			"app_id": "com.nbadigital.gametimelite",
			"image_url": "//lh3.googleusercontent.com/zfF7YurrHb2YtLI4KVuom2q1U-qAM_zvSJgyxzKmJqzGinZ9fslwwVDsRLJ2QIbGuQ=h900"
		},
		{
			"app_id": "com.t2ksports.nba2k17android",
			"image_url": "//lh3.googleusercontent.com/jbtjCIZ7C72mQlmWMLjrQLD4OU5cw1oo4RkXYQeLnVdXsvqguiLEMHYSrEnKR65oL2s=h900-rw"
		},
		{
			"app_id": "com.t2ksports.nba2k17android",
			"image_url": "//lh3.googleusercontent.com/vTA_vaJpzcTYRZ4pCi3S0059EuIOLtb0gEnhmkGtKMQMiCnM_hlDzAH570lvplsBnw=h900-rw"
		},
		{
			"app_id": "com.t2ksports.nba2k17android",
			"image_url": "//lh3.googleusercontent.com/3yxh0xmuE4L4l_nTV7YIoKkcrJiVlvNwQtLDES9wcagaR5M0ZSTj9cNlpGCg2ad2Nw=h900-rw"
		},
		{
			"app_id": "com.t2ksports.nba2k17android",
			"image_url": "//lh3.googleusercontent.com/e-bmIdyPg5hlxt6CmpVziwXD1c2tntdi5eYjl2Ihxij6ZfykFfcKWhjZVrN9F7V23g=h900-rw"
		},
		{
			"app_id": "com.t2ksports.nba2k17android",
			"image_url": "//lh3.googleusercontent.com/UJWBAqPVctBEeu4gVdcK3MthlykM0hBgnKxRfs1-maEIEIZthSFBMDo50hx21Z6JNw=h900-rw"
		},
		{
			"app_id": "com.t2ksports.nba2k17android",
			"image_url": "//lh3.googleusercontent.com/LUtXl3gYnjcCNUebtJW9hH9IFQ87fjgBkDCJKxq4h9bVpcvhWt385QPiJfLGwWbxL0s=h900-rw"
		},
		{
			"app_id": "com.t2ksports.nba2k17android",
			"image_url": "//lh3.googleusercontent.com/0CnWJinpnSjsPW1y7FEih6Ig9s3cQ2sI9sYaIWhYhnkfm7eUbkqSOc6oIh0ayax_tUU=h900-rw"
		},
		{
			"app_id": "com.t2ksports.nba2k17android",
			"image_url": "//lh3.googleusercontent.com/GIjeoAIs1lNQBXOknsYfnsk4Kb9imVqtJCklfA6fLo6XNirFdvlO6S2JfxYruyOsbA=h900-rw"
		},
		{
			"app_id": "com.t2ksports.nba2k17android",
			"image_url": "//lh3.googleusercontent.com/X_zrYT_mD5zLAZTww_iPoQrHDdGZv2VyhdF-Bv_R77QfhWK5FeQfw0qUdLUjJrryuAA=h900-rw"
		},
		{
			"app_id": "com.t2ksports.nba2k17android",
			"image_url": "//lh3.googleusercontent.com/6wmdYxItAY4a-H_fu-K616drLSUAzuZKQek6bU06Cub0j4oc63VvHGhxBa0hx8LlBn3i=h900-rw"
		},
		{
			"app_id": "com.t2ksports.nba2k17android",
			"image_url": "//lh3.googleusercontent.com/Akbjwki6-JIF2nDc_ularZbowTdzBPtQ_malIVzYpssm02Wy5RRlzoxqpLpRBa9eJFA=h900-rw"
		},
		{
			"app_id": "com.t2ksports.nba2k17android",
			"image_url": "//lh3.googleusercontent.com/pFOd68pVaCwhrn9xaiPIGqMEmkt0TDdx3SkpPCzOn18PwnP99ZKyve52lSa0hl9227s=h900-rw"
		},
		{
			"app_id": "com.t2ksports.nba2k17android",
			"image_url": "//lh3.googleusercontent.com/OujTcCI9fLpEbGvk6IJcr23335kvVywim9ly00-3TGeL6exdPgLit3NK-CVGRlyrlPMe=h900-rw"
		},
		{
			"app_id": "com.t2ksports.nba2k17android",
			"image_url": "//lh3.googleusercontent.com/zAbSgU3fMAbD1ocdWlZWfCa8PzLlGU5byHuFdYw0JIMVT1gAlNhtWo3B93HBXCE5fgk=h900-rw"
		},
		{
			"app_id": "com.t2ksports.nba2k17android",
			"image_url": "//lh3.googleusercontent.com/1hivPHppXgkTy8UvAs3Iqp1L91Y3WxextKtKa8DXR8YzhhSQ_om7gT-PJLmeuw7fmKA=h900-rw"
		},
		{
			"app_id": "com.t2ksports.nba2k17android",
			"image_url": "//lh3.googleusercontent.com/KFqtTzO64JsVpnunM82OLPpqp6arSsb7N_vkDNX7nrrpiHLlCVZgsn7ITsoYfD4FIeo=h900-rw"
		},
		{
			"app_id": "com.t2ksports.nba2k17android",
			"image_url": "//lh3.googleusercontent.com/y3HYq4DKvNrIJydLSFeiOb6K-BHkjDwR_ijxOn_nQzjeEWsMHIuroyIf0Td60AgzrPI0=h900-rw"
		},
		{
			"app_id": "com.t2ksports.nba2k17android",
			"image_url": "//lh3.googleusercontent.com/WodpsYM7rA5MSqft607jxl04WAf3tgBMEdQIsPQaTcKMQq__wfjM6tJqZFX4yWPCJuc=h900-rw"
		},
		{
			"app_id": "com.mojang.minecraftpe",
			"image_url": "//lh3.googleusercontent.com/28b1vxJQe916wOaSVB4CmcnDujk8M2SNaCwqtQ4cUS0wYKYn9kCYeqxX0uyI2X-nQv0=h900"
		},
		{
			"app_id": "com.mojang.minecraftpe",
			"image_url": "//lh3.googleusercontent.com/VkLE0e0EDuRID6jdTE97cC8BomcDReJtZOem9Jlb14jw9O7ytAGvE-2pLqvoSJ7w3IdK=h900"
		},
		{
			"app_id": "com.mojang.minecraftpe",
			"image_url": "//lh3.googleusercontent.com/6mIBfmrZhUA-JXHV_Q1nU6MekAU79HJEsZlbF7XQCSIFZwS0MFqyvrJhlktVHT8vqz0=h900"
		},
		{
			"app_id": "com.mojang.minecraftpe",
			"image_url": "//lh3.googleusercontent.com/oBRpVTu9NiHqrQrmVxher607QAK82SkLQ_vdtVyLvMdfF2sYxEpdXPM12f_C81U-OMs=h900"
		},
		{
			"app_id": "com.mojang.minecraftpe",
			"image_url": "//lh3.googleusercontent.com/CLW2FpIpeoNn5iwaUy1dP88RmbNDG_nbKlKaDEBzsnCVCs1zSt42zQMjGUOTM65zcNs=h900"
		},
		{
			"app_id": "com.mojang.minecraftpe",
			"image_url": "//lh3.googleusercontent.com/3XuoK41YAdM5cFw6Oo1aNpEr9PbDLjG7zaFJSQ1zF7pd8dMwjM-pdUBbxezWOMKVzO8=h900"
		},
		{
			"app_id": "com.mojang.minecraftpe",
			"image_url": "//lh3.googleusercontent.com/uMM6rCoBN2eL6nIsEQcObesjLG3Df8LRFo7GD_B8Ykzhn7r0Rw-BQOXwefigJLI0gAo=h900"
		},
		{
			"app_id": "com.mojang.minecraftpe",
			"image_url": "//lh3.googleusercontent.com/EQzTMJFchqPFwQir1ngay0gTO6IQPXqSyi3-QUNgS3uI5VoAE1HdAR6iB7i8PqE4ueHV=h900"
		},
		{
			"app_id": "com.mojang.minecraftpe",
			"image_url": "//lh3.googleusercontent.com/3Gvlc97txN8Spf0EFQeUmF5nGflCmebgFH8JlVZGONG3FBfSzeDrEluovKtfx7A4drQS=h900"
		},
		{
			"app_id": "com.mojang.minecraftpe",
			"image_url": "//lh3.googleusercontent.com/VONu2F1QvtTPBBgHvDZQbZBuierz1MIHGoQ9_QRsGpiu4ulrLQqeemJTboUI5Pnlcg=h900"
		},
		{
			"app_id": "com.mojang.minecraftpe",
			"image_url": "//lh3.googleusercontent.com/N6XB3KXpnQ4OAz5jDJi74XM8dvwfJxiwrObSLpd7hdy3HzCxW-cZY0Mu5hJORtjeqa0=h900"
		},
		{
			"app_id": "com.mojang.minecraftpe",
			"image_url": "//lh3.googleusercontent.com/ROmCPAxImqbTv-qIMAUv8DOzkR_zoldCssX4YYCnFOuRWnKRFJV0QuKAlXYdIqSub3I=h900"
		},
		{
			"app_id": "com.mojang.minecraftpe",
			"image_url": "//lh3.googleusercontent.com/kJiO7WbFuRjc4U8HMnI_VpeOk4ohIcOhTPqEBlVeYjaZEeH61ym3_djLgwawT7FJCMc=h900"
		},
		{
			"app_id": "com.mojang.minecraftpe",
			"image_url": "//lh5.ggpht.com/E8E6swAo-5gkP912v7bVE2m-KSvxrkMSPbO324nS5QEgR07eOvzJH-cPSGhgdqzkHeY=h900"
		},
		{
			"app_id": "com.mojang.minecraftpe",
			"image_url": "//lh3.googleusercontent.com/A_2-4DrQlH6VsLU-k9iH5UAetu4uYz3hvEnXq_2XwuC37750VoQYBemf_oSuhFpCyjlm=h900"
		},
		{
			"app_id": "com.mojang.minecraftpe",
			"image_url": "//lh3.googleusercontent.com/wcIv4WBMa-QcWCboqCAMpAv3GyF9SbVYd67ibc31eSi-nK4athsS6hUH0ILHDZF4khbb=h900"
		},
		{
			"app_id": "com.mojang.minecraftpe",
			"image_url": "//lh3.googleusercontent.com/dffWg8mjOtf28pa36HOh3FFR7vIaj9m9lX9PXIBc0g0NCeD8A3Mtt8IeJPMZBG3z1w=h900"
		},
		{
			"app_id": "com.mojang.minecraftpe",
			"image_url": "//lh3.googleusercontent.com/d-zSpUAXLrWOZsj6mkGuUGqFUNACoAaeLNZcJ2lRtOYgqT1nwrDEsPGy__pNRJ2m0U4=h900"
		},
		{
			"app_id": "com.mojang.minecraftpe",
			"image_url": "//lh3.googleusercontent.com/Yvc7oRtGD_WtnZbp5gSdRwhvzcYSKq-VOtQdOi8-ZRUZkn1RpnCSGnEXlk9zea7YYZMs=h900"
		},
		{
			"app_id": "com.mojang.minecraftpe",
			"image_url": "//lh3.googleusercontent.com/ZqkGLAAcHK8JjzKZUkCDuV2eE5mCIB2wJZgPdF5C3-iLs5KGXjG_-oQndEHEQRp-GMc=h900"
		},
		{
			"app_id": "com.mojang.minecraftpe",
			"image_url": "//lh3.googleusercontent.com/BfgyePsgWTE0x6CyoGTHDT4jTfzTIAkz3kqPvbiEZZFKdkDKxD9JFzxdPa-028tXaGr2=h900"
		},
		{
			"app_id": "com.mojang.minecraftpe",
			"image_url": "//lh5.ggpht.com/wF2ixJ-PSvBD_pq8Ta0sCUsSH_XFajAf8ww9YQSsePix41nxqcsjJD6PZOvPWAekMYQ=h900"
		},
		{
			"app_id": "com.instagram.android",
			"image_url": "//lh3.googleusercontent.com/K4x1RjVE_PIPI7IV2PJj9bnYOmQeJGZvMP80czUw0clMGhVrYavHvaIr2Tf3MUf0L90=h900"
		},
		{
			"app_id": "com.instagram.android",
			"image_url": "//lh3.googleusercontent.com/Wv-aIJZB-qjqxYw2_sJX-6uoGSJRJFq_KcLto-TpDSbByxy0Rry1fvzchnjKlOZfxe84=h900"
		},
		{
			"app_id": "com.instagram.android",
			"image_url": "//lh3.googleusercontent.com/VAE67LcFqQZFXWZCroKpfyzEVpEfVfNIPVG6WBQeokU_9iEbSVg9xrBRhCHgEs9y3vzl=h900"
		},
		{
			"app_id": "com.instagram.android",
			"image_url": "//lh3.googleusercontent.com/MIO6WKggeoYeQso7jUdF-OgXx4_lc49s4Vc6ktNiUIBwXYVwoa-gkNO2XbkHPornwWA=h900"
		},
		{
			"app_id": "com.instagram.android",
			"image_url": "//lh3.googleusercontent.com/RfsBrhjkNVhg52QNm3rQrOk_6u4xvTe4QPoEQFMRofa0_hN2qWVqGmySMl-_TxC5sQ=h900"
		},
		{
			"app_id": "com.google.android.apps.maps",
			"image_url": "//lh3.googleusercontent.com/dMuV0f82mr4quxVdhGKNhXAC4352Tmikcq8l-cM-qM2HMrq8KuQBzLHjSPacOWEbkA=h900"
		},
		{
			"app_id": "com.google.android.apps.maps",
			"image_url": "//lh3.googleusercontent.com/TustExWLmScRu3Zcxs02nZ_r75fJqlpenoP2wKs_jx8Cyp0ZjqlV4RRXTMdhBfj5aHqC=h900"
		},
		{
			"app_id": "com.google.android.apps.maps",
			"image_url": "//lh3.googleusercontent.com/Qjvgc-nnEaEPpBHrjJQYL1nt3p4_ZRn966aeksgaZ9PZQYLwfqGEcAxt7x92l0l66NU=h900"
		},
		{
			"app_id": "com.google.android.apps.maps",
			"image_url": "//lh3.googleusercontent.com/NbbiIVl5NEbdBlbFjVDckk9Urfuqrz4JU2PEqNcJ0czKAGmgQcLeNjX_JYbw9gLdXlaC=h900"
		},
		{
			"app_id": "com.google.android.apps.maps",
			"image_url": "//lh3.googleusercontent.com/2DZ2yRBFFJcMQJWsOBJML_9OllizaxrvX9Rmfd1YSm18cECRMJ_Cde47s2q6xuM8Eg=h900"
		},
		{
			"app_id": "com.google.android.apps.maps",
			"image_url": "//lh3.googleusercontent.com/sVaLDNV1wnTO08UgdgZSTIddzPXIH8WDG5NE7ccKzTb_tv0f_VZ0Xvn3CZSj38Pv_2U=h900"
		},
		{
			"app_id": "com.google.android.apps.maps",
			"image_url": "//lh3.googleusercontent.com/g422_ikUbGl7adLb1ZTpXDHK-IB0leJ0N5bhcyRNewz800nOeybOdRmZwMlE00EK4KE=h900"
		},
		{
			"app_id": "com.google.android.apps.maps",
			"image_url": "//lh3.googleusercontent.com/bRyB4F5NHKXHly09Ljbsdr05F7eLzjrqnGzaiaS3evihJjEQMvQmjwB6s0yUWAibdc4=h900"
		},
		{
			"app_id": "com.google.android.apps.maps",
			"image_url": "//lh3.googleusercontent.com/nMYDAh_uAVJwdUMrldBhJoJbAo6c2nOrzJHlj1L_5Pr-KxS6NZP0BN4I1IGvPQpTPvM=h900"
		},
		{
			"app_id": "com.google.android.apps.maps",
			"image_url": "//lh3.googleusercontent.com/j3ie0r4OgyoxJ6uYC5SIUL1Jrh2zstVn3Lq_N9QbMjhC6qzbz_U9_Rnlp9AjXWYHUg=h900"
		},
		{
			"app_id": "com.google.android.apps.maps",
			"image_url": "//lh3.googleusercontent.com/VIWtxGqi0t7r6xBk5I3GxrX0r7SaB2pxLICKf_frFlENdorlWIr0AdL6aam4ZpIz1L-E=h900"
		},
		{
			"app_id": "com.google.android.apps.maps",
			"image_url": "//lh3.googleusercontent.com/H01Rq4yLLWzXeVNv1_dZpN1hUXVS2um1td-4MV4QpaeEp8NJVjS7GWtL2suk-ZWUn_M=h900"
		},
		{
			"app_id": "com.google.android.apps.maps",
			"image_url": "//lh3.googleusercontent.com/BjMBjq8a85USfXrf_Bta7gdPGAhHd5HkausCns05qKE9AOPa19af7S5bwwLfsFAVYv3Y=h900"
		},
		{
			"app_id": "com.google.android.apps.maps",
			"image_url": "//lh3.googleusercontent.com/IOxpItUvwASYpWNBjYKIgHKtb0VekTSjke7RQfivNrAHJyKgRPB8cq9SYivk4kP3TTIf=h900"
		},
		{
			"app_id": "com.google.android.apps.maps",
			"image_url": "//lh3.googleusercontent.com/yIvO-5ymaTwH-Q3I_auPp1d9OJpZKjiHHNGQCAyJvRPBtc4JXdQ14lKJIgc5UFMLY4E=h900"
		},
		{
			"app_id": "com.google.android.apps.maps",
			"image_url": "//lh3.googleusercontent.com/jJiCBmpnboxxwA9_fqq-ZwQdkevSKtOfagG2TlJGkLCcFKXSGFHLNIf652QwNHoSjw=h900"
		},
		{
			"app_id": "com.google.android.apps.maps",
			"image_url": "//lh3.googleusercontent.com/eAjXucba0K068B4vftcTCP_my9c1Jc2cVoBHJ4iOKC0sCmJbfH4DA2apFXW_afEedJK5=h900"
		},
		{
			"app_id": "com.google.android.apps.maps",
			"image_url": "//lh3.googleusercontent.com/CtsHG3eIDWZLPvfx9EHyvy1C-a79N93mAH1SE7KpBwgfWUUfgMFhideRpcynzXWNzQ=h900"
		},
		{
			"app_id": "com.google.android.apps.maps",
			"image_url": "//lh3.googleusercontent.com/pY3-lUJH2B4EiUIW0Os8rSGtIXi2D1SBBpUUsODoTK55Rqq_nk8mFqeX-LmQdRDTCQ=h900"
		},
		{
			"app_id": "com.google.android.apps.maps",
			"image_url": "//lh3.googleusercontent.com/XB6MPAFJh0nh3NzSygUU5vdp53HO4gcYaaw3ifeao-i5b0nmL2sm1i0ewWkJN1PKXQ=h900"
		},
		{
			"app_id": "com.google.android.apps.maps",
			"image_url": "//lh3.googleusercontent.com/bV3JqTSIxqcbqPEcEEKLIfBO3Z04Q0vtMRYXFTKH3pspCe0da0s-HtbcVy9IwX23qOA=h900"
		},
		{
			"app_id": "com.google.android.apps.maps",
			"image_url": "//lh3.googleusercontent.com/DLpbKo2JM6C7mCM5CRjhYyNRFvE5LB6EpW2ke7JaGklg-rO2ZCHvOepMgZpvQEjiHw=h900"
		},
		{
			"app_id": "com.google.android.apps.maps",
			"image_url": "//lh3.googleusercontent.com/ZJ219UkXj0fWgaj6MowzMVQSu3Yi5yatHj1gkO8O5u2A6BTTkBAIXulNwvcQBO021lQ=h900"
		},
		{
			"app_id": "com.google.android.apps.maps",
			"image_url": "//lh3.googleusercontent.com/uUzei9bj47jnqynYszL-4bv1og_icGxkg0EGHj3-H7bAcc1WrSZDCbRvYECxyFjn2XFd=h900"
		},
		{
			"app_id": "com.google.android.apps.maps",
			"image_url": "//lh3.googleusercontent.com/YGsfi5jLZ8psaSlydpAzChbKKBCozlfvipTi10qzyg58OLpfYJAguHs9DcdQhLkJ1ZI=h900"
		},
		{
			"app_id": "com.google.android.apps.maps",
			"image_url": "//lh3.googleusercontent.com/-m-Cq_wHoapnBrSqMli3gYCT0guULXiao5sgHCtcOCai0sNqCOXu4e8IEbiMuCos7Gw=h900"
		},
		{
			"app_id": "com.google.android.apps.maps",
			"image_url": "//lh3.googleusercontent.com/Cp2LTc_gPQGh20D_VK0KbLHyNLCv18injhoNvq5hbmOK09_UsJJUqa4H8SetVCUKqhk=h900"
		},
		{
			"app_id": "com.google.android.apps.maps",
			"image_url": "//lh3.googleusercontent.com/ZY_NVdKYNy7lckykNyAHmreLJmUpfiTft0V11u3LedZ7hIDDX5NjWobFPHMOd01g56LT=h900"
		},
		{
			"app_id": "com.google.android.apps.maps",
			"image_url": "//lh3.googleusercontent.com/C8nyfINzE4Nk1s0G6EuoNw584d72LD9JiIIBBjXBfAFTJzmOZ7hiVZoxU2exP2gejvur=h900"
		},
		{
			"app_id": "com.google.android.apps.maps",
			"image_url": "//lh3.googleusercontent.com/ipK6_gZIq9F1-NS7v7NmN18bfhNbDOHocWdHdag2lx0dLJdM9yQ2PBjzDD_F3H0GGEOz=h900"
		},
		{
			"app_id": "com.google.android.apps.maps",
			"image_url": "//lh3.googleusercontent.com/7SywzOHaBR3PJsUHSPnc-aYRpzOpYnryAcznIRlZTCwDJHIuU3AeICnX-OvjBtR_Wic=h900"
		},
		{
			"app_id": "com.waze",
			"image_url": "//lh3.googleusercontent.com/GBbGWKkDqrLDpS31Xq9A2DYFXtm7czXzQQjeX3HEaUIDxbiifL_io7emiphH9FIXbmXP=h900"
		},
		{
			"app_id": "com.waze",
			"image_url": "//lh3.googleusercontent.com/tcCfMID1zl6ZfXMqPSGjSqCqQ3By1OFuhP2d0j_zc5AO7kRFZR6E3RdqjaTk-f0xXLPJ=h900"
		},
		{
			"app_id": "com.waze",
			"image_url": "//lh3.googleusercontent.com/wbhzEhO9j2VCdiP9ztxw2CVlX_Ht_DSZZyvHmZ7lk7hRfGRVPchtipuDut7_N5DayEqh=h900"
		},
		{
			"app_id": "com.waze",
			"image_url": "//lh3.googleusercontent.com/lNgXVrAeq4cKY_d2Zaa-L-WduIoBSYkwHqTic_4zdjKInvNt-L-plv6X7_6qGi_BEQ=h900"
		},
		{
			"app_id": "com.waze",
			"image_url": "//lh3.googleusercontent.com/u9fXh1nTOcdBAO9jeJ04IvdE6z5z4GgL7GUOhLV1F-Ta7R5fB1J9vsycDsLI4L2b7VY=h900"
		},
		{
			"app_id": "com.waze",
			"image_url": "//lh3.googleusercontent.com/7dfPzztSHZfOuLr91wgU9TESRCZbnxF_S2tc15526usxZfdFEsnTgEz2R9yxDfCnPYdr=h900"
		},
		{
			"app_id": "com.waze",
			"image_url": "//lh3.googleusercontent.com/O23Z1j8JXBa6k_53SomAJytp5a9GXexCu2JzAfRfZmER4WAhxAYuy0BL2ItOzjqk9Z8=h900"
		},
		{
			"app_id": "com.waze",
			"image_url": "//lh3.googleusercontent.com/Xh14lzcLtMFHjGQ-jNL9M64IPz9ZCGfywan8sF6fACunYCBdB-ETabhdsqOu1C3N6p4=h900"
		},
		{
			"app_id": "com.waze",
			"image_url": "//lh3.googleusercontent.com/qZlfKmPiBKkvGlAGMfrIWONKjXSm7zf5zRt2b0_gU_DuTCTPFbZ2L5Gdromdqn0pcQ=h900"
		},
		{
			"app_id": "com.waze",
			"image_url": "//lh3.googleusercontent.com/ZUeNo4YFU8eaQMAGHeCSc0wzyiN823FWfkAQJy4KARA3svnvVx67J1KkLvweftlPfac=h900"
		},
		{
			"app_id": "com.waze",
			"image_url": "//lh3.googleusercontent.com/G8jjWcf5b-b4l65qv9pQGpDM6z5CjgX36gk4Y_RAboS6EFPGH4IY1PNYmJqDUduAeQ=h900"
		},
		{
			"app_id": "com.waze",
			"image_url": "//lh3.googleusercontent.com/_UrLRSqozgUmvFmgnEwcNdN46QJxyhLtqQ25UxGpbRnIMTUkr7b1Ga2X4Xl4dMs6O1k=h900"
		},
		{
			"app_id": "com.waze",
			"image_url": "//lh3.googleusercontent.com/cPE6yRoCrjjEcALfb_Iw6rzhxuXx3V_FVw1tlCvlxikv0XHt0u2reVf2rwdqFzzQCAak=h900"
		},
		{
			"app_id": "com.waze",
			"image_url": "//lh3.googleusercontent.com/mnkyCxQcJEdo5wmP5SsbSNg4eT8Yk5ZxLFWTgAOD_hLUDwegpomjvETheEjEZaEgGWo=h900"
		},
		{
			"app_id": "com.waze",
			"image_url": "//lh3.googleusercontent.com/_-Aq0CYJ9EEXB3w-gPqUDZ5qIq5sCqCl60fUJQLdTptGofbWIvWKiySUK-INWpDINA=h900"
		},
		{
			"app_id": "com.spotify.music",
			"image_url": "//lh3.googleusercontent.com/0A2Xd5l_bHkvyzYva1e7ZYO7NjLx16W-u1-_9Fot4ifbWOQOwiAPJoOnJHNUsQjkyew=h900-rw"
		},
		{
			"app_id": "com.spotify.music",
			"image_url": "//lh3.googleusercontent.com/4t3ujuQtge4NMlGBO8zVfR89sP73u_pJKCdD7o9pElTD2KV642elpsr3vjP_1DbZmlA=h900-rw"
		},
		{
			"app_id": "com.spotify.music",
			"image_url": "//lh3.googleusercontent.com/gOO302FxYo-QvUQkPFLjDeeWbF3T0DYUQIp0let0hRDpwHb21XckE5I5x0ZiTlOzMQ=h900-rw"
		},
		{
			"app_id": "com.spotify.music",
			"image_url": "//lh3.googleusercontent.com/v1sLYCSYdq-KeOEkAxuyzXEaf6VHPWULrpa7y6QlNfEDnl5wUzMH70gG99_fZmUnGQ=h900-rw"
		},
		{
			"app_id": "com.spotify.music",
			"image_url": "//lh3.googleusercontent.com/QOOnkhdMDuTyfemebpa83lp8izNkcC_UsjQHg51NmGYzY3t4BmirwwT4s8nlgNkoWfc=h900-rw"
		},
		{
			"app_id": "com.spotify.music",
			"image_url": "//lh3.googleusercontent.com/p1nVDzn6JemzRWRpnlByp_CUarzKXkt7BaGT1CRa8PuRCRJecCQGulZRhouKI1iLHKk=h900-rw"
		},
		{
			"app_id": "com.spotify.music",
			"image_url": "//lh3.googleusercontent.com/_F2_zygpyc9YBzKkTmv5hLyqwS_xTxa6nUJTqW1O2zXz1VzjGqGmZcTZO08kozY7S_o=h900-rw"
		},
		{
			"app_id": "com.spotify.music",
			"image_url": "//lh3.googleusercontent.com/JU23Gi_Kt7Vd7fcfERKP1LTkeJFYVIdHplPD7kyuw4vydH7AAK88ajwZnwPve2Oxr34=h900-rw"
		},
		{
			"app_id": "com.spotify.music",
			"image_url": "//lh3.googleusercontent.com/RvuUdChMqG5bvj4pG0y7QbbQpdKemPmylS7r5OwS74uDoWutp61RP2vqf5Pnm3j9-g=h900-rw"
		},
		{
			"app_id": "com.spotify.music",
			"image_url": "//lh3.googleusercontent.com/2nBvxKTMs2DqwoUSJAFV_lV3_YtcMzPzJ3yA_O9rA7V3lfIBXeOH4Clp8alLVhRDzQ=h900-rw"
		},
		{
			"app_id": "com.spotify.music",
			"image_url": "//lh3.googleusercontent.com/lwMTjszBgATNb2R_2Q3RfeFtROojX4C8hJguMGFbWhvQwXmwbzL6n9rFs1MG-e9kofXK=h900-rw"
		},
		{
			"app_id": "com.google.android.youtube",
			"image_url": "//lh3.googleusercontent.com/lqo3oUKQhCymWfaGwVdOG6z6Dozf3-cuaARnnzTP9D5z2BcxHyaHqiay_8tI0Z_nyg=h900-rw"
		},
		{
			"app_id": "com.google.android.youtube",
			"image_url": "//lh3.googleusercontent.com/8t4YN99eLrX4I14W8CR8ewNONF7-sew0X5N7aqMVVlCO8oreo2wZqfrLhEoZV4qSZg=h900-rw"
		},
		{
			"app_id": "com.google.android.youtube",
			"image_url": "//lh3.googleusercontent.com/bh8rlNMbUoYgVTuWUTtlaH09d1TRnY5qfgwsCtsgH7GoFLqln1DQlmw_Mal_y128xEmb=h900-rw"
		},
		{
			"app_id": "com.google.android.youtube",
			"image_url": "//lh3.googleusercontent.com/G5i3KaQxICbiqKEG_7UeVgEztsJVjHMoQ2F2gQPWq8RcSjz-tLKdYpSvD30D2pkW5YY=h900-rw"
		},
		{
			"app_id": "com.google.android.youtube",
			"image_url": "//lh3.googleusercontent.com/_4XFHqMdRc5zIML2i4jAfAKY2u_eR52f5JbdcZjyz3pw32U1tWY5jWSM3UxiyOzUwSJq=h900-rw"
		},
		{
			"app_id": "com.zentertain.music.player",
			"image_url": "//lh3.googleusercontent.com/HrnN9BStUi3aoLpvyh0m1IItE0XznUpkDxJ6JKr6RbtBUcZ8jf6nEq1_8c1mwidsVA=h900"
		},
		{
			"app_id": "com.zentertain.music.player",
			"image_url": "//lh3.googleusercontent.com/anox6he1uJGL7OOLjp3Z7bZ2-7PQD_pLxs-WntNVoMouNsjzOUxJWWEdlYQ9dvCksg=h900"
		},
		{
			"app_id": "com.zentertain.music.player",
			"image_url": "//lh3.googleusercontent.com/4uHZi61lZ7MgS9CCnf_5JVlQbC-IU_zfZq0iGz1IA0OJbSGyr4Hlq7ECob0cVNOvyw=h900"
		},
		{
			"app_id": "com.zentertain.music.player",
			"image_url": "//lh3.googleusercontent.com/qVlAL1s3Q2l8RQQhYsgAYmuuoVJviqErddEO4KyvMLFoZDDQ1dCR7ToSZ4gP9GhGtsE=h900"
		},
		{
			"app_id": "com.zentertain.music.player",
			"image_url": "//lh3.googleusercontent.com/yLZJIl3LEZslbFAUpuYpA9iizLuiZkZ48hFHS24eWqwywEbBKOklhtNg1v6R0bPMrXES=h900"
		},
		{
			"app_id": "com.zentertain.music.player",
			"image_url": "//lh3.googleusercontent.com/8D291Oi0CeOODn9hepElTdkMfo_ImhO43dt01k5jtzNKcbN8VnDi71iLRYX5bIPoJXM=h900"
		},
		{
			"app_id": "com.zentertain.music.player",
			"image_url": "//lh3.googleusercontent.com/gSO__HwmV5cNdLHNNWjnTvhq9UiJlyLlWRRDLobSomNoeTygPwL0dGLWheIqzwKtWPY=h900"
		},
		{
			"app_id": "com.zentertain.music.player",
			"image_url": "//lh3.googleusercontent.com/egZINdP2UDIcLjprSm1UQ07joAGos1HF3W6jp5AeSzStv4V1_9elhj1HjwBp5iblMnJ2=h900"
		},
		{
			"app_id": "com.zentertain.music.player",
			"image_url": "//lh3.googleusercontent.com/VmYmXDe8H-pOJOVUI22kEAVGoo0e94K4xYGObFU7hPeeM7E7cPktDlkkrYM4ATbF5Ls=h900"
		},
		{
			"app_id": "com.zentertain.music.player",
			"image_url": "//lh3.googleusercontent.com/yPdqDUn9CcLSmT5BHL4l82_hJUJKQs-oH7krRts9hOMc5251e3M5vF_CyaXALfnvyAO8=h900"
		},
		{
			"app_id": "com.zentertain.music.player",
			"image_url": "//lh3.googleusercontent.com/mm844AuQ8XZwv38hh_lWfrLejaIGA3uMB1NcEYt1ZHVWyqG7UU-dx5iQy88twCZ9GXP0=h900"
		},
		{
			"app_id": "com.zentertain.music.player",
			"image_url": "//lh3.googleusercontent.com/LiB8HD5CTNJqsvkpB09U0BqbNlqRDoj2ITA8Vihm0ATrK-SmgvKsc4WXVdF4_IE7PSe5=h900"
		},
		{
			"app_id": "com.zentertain.music.player",
			"image_url": "//lh3.googleusercontent.com/_0yLQcpTrF1jklHLDmP6L6i5OOKrU32hYXQoyPzLSAhL_i3AVYyy3P4SW6dghpC86TXh=h900"
		},
		{
			"app_id": "com.zentertain.music.player",
			"image_url": "//lh3.googleusercontent.com/AZCHT1rJrmSB5pUXTAGN05hqE1vRHSMQKMg-3G3JdohY9dfXXVU8v4YaehgvOnIG3aE=h900"
		},
		{
			"app_id": "com.zentertain.music.player",
			"image_url": "//lh3.googleusercontent.com/1KwBz0FKQJSxe_wj4nKZRX3PBF1COQhXTmsa_jEIVRpk1fbmsS0HJdlPCOi760sbdtA=h900"
		},
		{
			"app_id": "com.zentertain.music.player",
			"image_url": "//lh3.googleusercontent.com/w7O0huI83JJmPNSLoon5gnkn34Sn4v3OEVV2xRsDOImJ_YBi8XsakFbL6X1TehP8o00=h900"
		},
		{
			"app_id": "com.zentertain.music.player",
			"image_url": "//lh3.googleusercontent.com/Nivn4LZ1V8jNKo5d_ZApXXK13TxsrzYuX7neKfdCG7Kzjkr_5GWO39cAOWNdHhzPylY=h900"
		},
		{
			"app_id": "com.zentertain.music.player",
			"image_url": "//lh3.googleusercontent.com/R9TKd9z9cU-KY5NC6e55UB0n65TU364n2HavAAT7QJxmmIQzSlkxj_s-cUJpkWQu8g=h900"
		},
		{
			"app_id": "com.apple.android.music",
			"image_url": "//lh3.googleusercontent.com/X6ME8wvBzlWnMj_m_Nc4W5GoKAnRh_VDNyS27ftOP4n4bYfr1ExkSnCDdgBy1JONbqU=h900-rw"
		},
		{
			"app_id": "com.apple.android.music",
			"image_url": "//lh3.googleusercontent.com/IMhdNkqxFo-3eOsySnR_st8BfWo4UrXRpJKetSSl55sFzzYaB8Srn0z-b2CJoyLT5mc=h900-rw"
		},
		{
			"app_id": "com.apple.android.music",
			"image_url": "//lh3.googleusercontent.com/5VnriGp6zcRroD-k66sl6gggilXuzfcGMkJgv8DjxbGSILmGJFqMBl55DwAQROaTbMH6=h900-rw"
		},
		{
			"app_id": "com.apple.android.music",
			"image_url": "//lh3.googleusercontent.com/q0i0YWMBYBVEN_A9catw21Or3eEUZxaFxuEvbh1lzZj3qyf0Km3X5bl02vmjh1xwI4s=h900-rw"
		},
		{
			"app_id": "com.apple.android.music",
			"image_url": "//lh3.googleusercontent.com/p5eqUAduyn2lM4ErF5xqs6aBJZSTaxeYNKWP249YqB8TayWaAkCb8DxqKHoOvUDVLXM0=h900-rw"
		},
		{
			"app_id": "com.vevo",
			"image_url": "//lh3.googleusercontent.com/ai_8BMjxLnqru7bDQO9wdtKyru2VSyeNBEUVkKI8BDNn6wR8pQD6PQ8mI9Te-E-mG0Nm=h900"
		},
		{
			"app_id": "com.vevo",
			"image_url": "//lh3.googleusercontent.com/L45OipAlHGffh--chE3lPN2hB1kmV_1FTDh7TWr0Nwy7qha2zlBFDoaDrqwtJyLm_hwC=h900"
		},
		{
			"app_id": "com.vevo",
			"image_url": "//lh3.googleusercontent.com/vlNxuLfPWQTg0oyr3o2cEnLTvC1xQ7MDs-JCLgvATphY0w412NjYxG60q0G6bV1j4es=h900"
		},
		{
			"app_id": "com.vevo",
			"image_url": "//lh3.googleusercontent.com/9q11l_V0r0seSzRjMkrYwRKrq3VYm9Ae9Ilp0Ef9bMTjFxaQeOl_Id-2DXaaEVok2g=h900"
		},
		{
			"app_id": "com.vevo",
			"image_url": "//lh3.googleusercontent.com/EpR55rP3oIs4B1iSnXQLog6uU7HsViWZQ6ZpoLw2WtH8_3QYmyMm08q6PKaxhiYbCA=h900"
		},
		{
			"app_id": "com.vevo",
			"image_url": "//lh3.googleusercontent.com/HugKmhJCZbd0MP2yNR7wdJ0tQsx5wm3fqvy7wxMYpzfO0lcaDCkSxxVY7hBhOFTsHCmM=h900"
		},
		{
			"app_id": "com.vevo",
			"image_url": "//lh3.googleusercontent.com/0BCdpEaHpqvf2BFavVhP3dD5GkMhEimrg_PYDBxgFz0VpYuaNn9IN2hjvB6M5NP93_E=h900"
		},
		{
			"app_id": "com.vevo",
			"image_url": "//lh3.googleusercontent.com/kYjY_X16xhLUHr1xijqAMdN4oOBGCLG1PN-fiQYiva4DfrBAsqHeii22NBWHN144Lhdg=h900"
		},
		{
			"app_id": "com.vevo",
			"image_url": "//lh3.googleusercontent.com/LlohbgK3ZAb25a8JrRdAKBc1IqzQv8oh_XwBAxDGGQ_sZqYUZ1406kSbQuLptwbg9w=h900"
		},
		{
			"app_id": "com.vevo",
			"image_url": "//lh3.googleusercontent.com/2L-0BU2-BByU5YOUp_Qa_9qiQY2esH42WG2Gr4iqpik31FNW3CpxYTN2FkorXTgFIQ=h900"
		},
		{
			"app_id": "com.vevo",
			"image_url": "//lh3.googleusercontent.com/9cacnJb3suTWOKs53qjY0SxpNM4lkzqamrwHCtrjKGNyvHwe1ixbgDsRvs5wogFr-fUq=h900"
		},
		{
			"app_id": "com.vevo",
			"image_url": "//lh3.googleusercontent.com/Uxs9EWUHZP5Xl6GWEUrUBTjFIenwJoNsJZsbJz5zSpzazjE9nvzv7owtnrc8Rd9e0uSe=h900"
		},
		{
			"app_id": "com.vevo",
			"image_url": "//lh3.googleusercontent.com/iNHrMqby-ZivvgYLxv-LMVQZFG23iNcSdM1OJJ6iQn_DMB-StP408zXNbiMsa6JijTay=h900"
		},
		{
			"app_id": "com.vevo",
			"image_url": "//lh3.googleusercontent.com/p4oyd_imOSK_N6vTlSHcFOFMj0ZHv6NXkINyhk1tb3aFOmofLSkLXEOUAKXM0c6MUg=h900"
		},
		{
			"app_id": "com.vevo",
			"image_url": "//lh3.googleusercontent.com/OmHiHBXO1K68Z7BK9HkZ_OjCHLydzpkOVxsiaVVIvCsLqCNVJDCqfNRSoYGmRhdDXtfO=h900"
		},
		{
			"app_id": "com.smule.magicpiano",
			"image_url": "//lh3.googleusercontent.com/kmEkPI5Oftwu23T7mjT3QevmdbRr7t1UErUmzv-LurZaFf9t08_cvY4W2NX2E1kTG_XK=h900"
		},
		{
			"app_id": "com.smule.magicpiano",
			"image_url": "//lh3.googleusercontent.com/IjBW2Dl5X_BTn3JwazWc6Dtpc-RojGfC-P1ARFNxRyVur47wZkkw4kgEmGQtdlWdiA=h900"
		},
		{
			"app_id": "com.smule.magicpiano",
			"image_url": "//lh3.googleusercontent.com/dFVBuNTmY37N1BaZ5fSkg0H0iu2NTexed_a_pTe0HFYa_AB1K2KDiGc83R1bb6JBdOa5=h900"
		},
		{
			"app_id": "com.smule.magicpiano",
			"image_url": "//lh3.googleusercontent.com/psJtyOGPlkyXDKBCpfyN13wq3bGsq-XrQjVRY5aRncho91Ww_f4DZFRymSAAyvt5Uw=h900"
		},
		{
			"app_id": "com.smule.magicpiano",
			"image_url": "//lh3.googleusercontent.com/sajRNNzIqSP_fi1gzeyAN94cB65IzRrxC9inIVr4U9BtwDSNb84DBM6O9RpxTUcs-w=h900"
		},
		{
			"app_id": "com.smule.magicpiano",
			"image_url": "//lh3.googleusercontent.com/JnvkPO_I9CeuTOsteVqVntk8rLm8x2ZioEvZwOUV75Uj9_BiHyEDd2L_TUsDQYIJ6Q=h900"
		},
		{
			"app_id": "com.smule.magicpiano",
			"image_url": "//lh3.googleusercontent.com/fl1Go_D1PGixKkwmTatcszFQTiEp_KfpWtmjdLTHyiqVBAVhXr7yvBuxmntVavY4LHaK=h900"
		},
		{
			"app_id": "com.smule.magicpiano",
			"image_url": "//lh3.googleusercontent.com/6fE5YDoshKrouszWGjOUEEK9QhOFoUrus5lyC6JhSIHIlaCl7oqSrMTdDKYqTKHgRg=h900"
		},
		{
			"app_id": "com.smule.magicpiano",
			"image_url": "//lh3.googleusercontent.com/QeB7FdSR9fKEisPqk2IlMxwP6jvG1-f21ExOrZHhppaFOCYUrj8hxho8WOqELek4jS6i=h900"
		},
		{
			"app_id": "com.smule.magicpiano",
			"image_url": "//lh3.googleusercontent.com/d3Vuu6-YKbFgRabtiQ6ehV9271g6fJNqW_KIwL8-6Al4NccAzV24X60jBr-A8yJQobM=h900"
		},
		{
			"app_id": "com.smule.magicpiano",
			"image_url": "//lh3.googleusercontent.com/gWuowvz3EAnonpdIPfyR7CSJPKEXGIq8Ug-qLZnymWq4-uSR7yzn_1MzdPQaupKtGw=h900"
		},
		{
			"app_id": "com.smule.magicpiano",
			"image_url": "//lh3.googleusercontent.com/_ejzVj44hJpBKQXjHiNLFTM-JxVlXglNSvOM0Z0VD4Gy9SXUpzqKywjocoIoYr7DB3o=h900"
		},
		{
			"app_id": "com.smule.magicpiano",
			"image_url": "//lh3.googleusercontent.com/xvtonYovIL1ZDktM9gm2bkn35IAPvJqkBn-kT3KVSxymu8pE-DKhgX-saGJIPdsD7w=h900"
		},
		{
			"app_id": "com.smule.magicpiano",
			"image_url": "//lh3.googleusercontent.com/t0Xi-z20P7jyDeW87cjHTccR4KWONEWt0R-cDejTov_BYih6ErSvaWzQzQAxZo_ie50=h900"
		},
		{
			"app_id": "com.smule.magicpiano",
			"image_url": "//lh3.googleusercontent.com/Jitb9FnJnKzqOzWzJD3b0Nb1OBBfqDf_vlf51sDgz2C6ggnNEHjmCD68MRvJDXLkpyI=h900"
		},
		{
			"app_id": "com.smule.singandroid",
			"image_url": "//lh3.googleusercontent.com/uRvhJn3QuHadBb7sjuVuikfj8RqF6YX6xp4d1VsHVu6zD-4EngtWkPParROYalk5c3I=h900-rw"
		},
		{
			"app_id": "com.smule.singandroid",
			"image_url": "//lh3.googleusercontent.com/GJLIPxq4JX37_lXhvBy-ydnvnf-uhFAQIP6RVi6RBvR_C-9Zjlvg7GiEu6B738qP2A=h900-rw"
		},
		{
			"app_id": "com.smule.singandroid",
			"image_url": "//lh3.googleusercontent.com/1g4IaDh19YYn7JDZHQGi-m7cqL0OQNTFapZFrF7VN7uHXV07IrPoS6yXmjdll-gTCQ=h900-rw"
		},
		{
			"app_id": "com.smule.singandroid",
			"image_url": "//lh3.googleusercontent.com/IB8mhXTPzWPBPV-aCd-nNLmP7PezDLSdr7SPDU4Bo2qJWthVoT_qsPRuZe1ARlji_g=h900-rw"
		},
		{
			"app_id": "com.smule.singandroid",
			"image_url": "//lh3.googleusercontent.com/Xcq7lyXiOcXfTQpTJCNUIITSa1Ze8_yq-mq_cxbug5PH_x7o5lP1i2bnu3RrRZQbntNT=h900-rw"
		},
		{
			"app_id": "com.facebook.orca",
			"image_url": "//lh3.googleusercontent.com/X-7km-ZbmWzeQ9IPYb7F1RsxR1m-PQP30fTgkPMQ4B9bKeGdvXWagujsfT_ZDXzc2xw=h900"
		},
		{
			"app_id": "com.facebook.orca",
			"image_url": "//lh3.googleusercontent.com/mD90pAw4RL6tv5gFmarSsUuPtTqO2WEBagbFGXEw-5qdBzA-giCd5f_wwjQvNF2V0g=h900"
		},
		{
			"app_id": "com.facebook.orca",
			"image_url": "//lh3.googleusercontent.com/ThIwGgGqT-cMX_8nICixYSwN8NRruUr0io4HsUQkOqwjRSw0rcSJdapE-WAomPjaJ34=h900"
		},
		{
			"app_id": "com.facebook.orca",
			"image_url": "//lh3.googleusercontent.com/idgO2Vxw3e107SRc3YM5CE2p0a7B1vaKNnCHx6IIqrTUa_08fXp2Tu8OdHOQmG_KVjB_=h900"
		},
		{
			"app_id": "com.facebook.orca",
			"image_url": "//lh3.googleusercontent.com/L0MHXxoPUJqLY3ANVTATSv26EKDiyN_ZlXLaHWtIo5zKgIySJ7u34BIpEfK9emVpXQ=h900"
		},
		{
			"app_id": "com.facebook.pages.app",
			"image_url": "//lh3.googleusercontent.com/A3zDX33MNas_pCxNaR33LaDDMxON6JDa8skUbIfWLaUphcz5rim53dlqoqyyQDDp8Vo=h900-rw"
		},
		{
			"app_id": "com.facebook.pages.app",
			"image_url": "//lh3.googleusercontent.com/UM-m5riunVU40HRVdwMHSsFdNn9KWgYNPxjFH2vilMWfY7V8nvqwdh4-eAzyDp_yi1Y=h900-rw"
		},
		{
			"app_id": "com.facebook.pages.app",
			"image_url": "//lh3.googleusercontent.com/n8mPIsAaXUlg8Pq4meBf_zgzYcq7DhIJ-gErij5s1hIV08jCMdGVCGsqIKwxXddB3g=h900-rw"
		},
		{
			"app_id": "com.facebook.pages.app",
			"image_url": "//lh3.googleusercontent.com/xZ9G-eFNazN2_u-t1d_eOW6lAXXC7sYmUUTfssJB9LbJ9YNjfs2Evh3wUCYYg2plQg=h900-rw"
		},
		{
			"app_id": "com.bigfishgames.gummydropgoogle",
			"image_url": "//lh3.googleusercontent.com/sDB7KuzIx34_0w4R8SxY_qS7vhy_ZD4BTc1E2X3cslgtXvy6qhDY7lgi6EyeFxpoxa4=h900"
		},
		{
			"app_id": "com.bigfishgames.gummydropgoogle",
			"image_url": "//lh3.googleusercontent.com/jNUB0Sl21GAKDXanUVVoG3JUZHl7FTvk3StJ98zsawIo__n7crEkWdN4brDnARKnxQ=h900"
		},
		{
			"app_id": "com.bigfishgames.gummydropgoogle",
			"image_url": "//lh3.googleusercontent.com/c0cCRL-Ksn48wUs0sWFg3_JrlrlRKW8dN7oQBawLtaplP9atxpzuDYNrR0TDJHUUJA=h900"
		},
		{
			"app_id": "com.bigfishgames.gummydropgoogle",
			"image_url": "//lh3.googleusercontent.com/hrh1EpDPXkPo7b0AQ32pcWn2D5IY_Wfo3M5aR4KTOcLchh7APMZEP8ZJSUUydnGwwO-Q=h900"
		},
		{
			"app_id": "com.bigfishgames.gummydropgoogle",
			"image_url": "//lh3.googleusercontent.com/Qwh2y4HJW-bfX6iSnvCrWqtC9GE6yv6GJCIEnSg_gQRwN9da2oeV1Xxd9mNMK0x81A=h900"
		},
		{
			"app_id": "com.bigfishgames.gummydropgoogle",
			"image_url": "//lh3.googleusercontent.com/MbtSBbaFyMCTKJ_KpGw-ost5k_YOw5wc_fjDdS4v30evq0202JpvtH-QWMiMNSfkrQ=h900"
		},
		{
			"app_id": "com.bigfishgames.gummydropgoogle",
			"image_url": "//lh3.googleusercontent.com/xtZ2lU-SO1crXKr2F80egrYs0akph9-y1yvaTDt2fC86rc5p0RZ40-bhqqMCNMqeaw=h900"
		},
		{
			"app_id": "com.bigfishgames.gummydropgoogle",
			"image_url": "//lh3.googleusercontent.com/2PlC1BUNS1c_ColJsOjuBamcVcqlnOFq0is1EN_O124I2QHkq_mvfa73CYCIOSP-Ww=h900"
		},
		{
			"app_id": "com.bigfishgames.gummydropgoogle",
			"image_url": "//lh3.googleusercontent.com/cd17PA2Hizq4gAhh1fRXi3dDSBPtqYm64QAFc3AM0VTdj9nba7a1sssLDC0d7fthTg=h900"
		},
		{
			"app_id": "com.bigfishgames.gummydropgoogle",
			"image_url": "//lh3.googleusercontent.com/8qKzEJ-QKs_hLXvM0bvXt3YaogoyUjQe0xILWGySn_D1Ee7HCDswWvEqlgfImf21IVA=h900"
		},
		{
			"app_id": "com.bigfishgames.gummydropgoogle",
			"image_url": "//lh3.googleusercontent.com/cvUIDVaJO5geoWRp3kGOMAlnkEGYmsEvyFfdryh1O4B_CVKtxOj5vU87LKN7Gyjun0vG=h900"
		},
		{
			"app_id": "com.bigfishgames.gummydropgoogle",
			"image_url": "//lh3.googleusercontent.com/b0g783oDfv2S66Vgqc87I9dVcvWJbAioFlQZ73O-ra53YfRhypcC2GWbrjOFQ7uox03p=h900"
		},
		{
			"app_id": "com.bigfishgames.gummydropgoogle",
			"image_url": "//lh3.googleusercontent.com/WL_14BBEriUaRwKAHYLYzroc1cVvQKC_w9qdZw-JDZ592wz1T_gQTTNoXKz2NUo1ahY=h900"
		},
		{
			"app_id": "com.bigfishgames.gummydropgoogle",
			"image_url": "//lh3.googleusercontent.com/gxthRkzioEA9-oOxXvB4gdRnEzjJTUR7r3QPA1FpZQ5pT84b-FOY-LfA2A0awQKkZw=h900"
		},
		{
			"app_id": "com.bigfishgames.gummydropgoogle",
			"image_url": "//lh3.googleusercontent.com/RBYOkgaMWVV6B6Y3U-OfanJyLLgDn2gOR_rqSu8IqeU-54Dfsln_mKiiLNC_e368L7s=h900"
		}
	]
}