{
	"data":
	[
		{
			"id": 1,
			"user_id": 1,
			"status_identifier": "published",
			"identifier": "about_us",
			"page_id": 0,
			"slug": "about-us",
			"title": "About Us",
			"content": "<div><div><h1 class=\"t-heading -color-inherit -size-l h-m0 is-hidden-phone\" style=\"text-align: left; font-size: 28px; margin-bottom: 16px; padding: 0px; color: rgb(69, 69, 69); font-weight: 700; -webkit-font-smoothing: antialiased; font-family: &quot;Helvetica Neue&quot;, Helvetica, Arial, sans-serif; margin-right: 0px !important; margin-left: 0px !important;\">Google Play App Store V2 [CMS]<br></h1> <h2 id=\"item-description__about-our-product\" style=\"margin: 30px 0px 20px; padding: 0px 0px 10px; color: rgb(84, 84, 84); font-weight: inherit; font-size: 20px; line-height: 30px; border-bottom: 1px solid rgb(212, 212, 212); font-family: &quot;Helvetica Neue&quot;, Helvetica, Arial, sans-serif;\">About Our Product</h2> <ul style=\"list-style-position: initial; list-style-image: initial; margin-right: 0px; margin-bottom: 20px; margin-left: 0px; padding: 0px 0px 0px 35px; color: rgb(84, 84, 84); font-family: &quot;Helvetica Neue&quot;, Helvetica, Arial, sans-serif; font-size: 16px;\"> <li><strong>Google Play Store CMS</strong>&nbsp;is an android market site specifically for Google Play Store. You can add apps / games / themes etc in this CMS based on your needs.</li> <li>You can get details such as title, images, screenshots etc of a specific apps / games using our admin page.</li> </ul> <h2 id=\"item-description__features\" style=\"margin: 30px 0px 20px; padding: 0px 0px 10px; color: rgb(84, 84, 84); font-weight: inherit; font-size: 20px; line-height: 30px; border-bottom: 1px solid rgb(212, 212, 212); font-family: &quot;Helvetica Neue&quot;, Helvetica, Arial, sans-serif;\">You want to download our cms?</h2> <h1 style=\"text-align: center; margin: 30px 0px 20px; padding: 0px 0px 10px; color: rgb(84, 84, 84); font-size: 20px; line-height: 30px; font-family: &quot;Helvetica Neue&quot;, Helvetica, Arial, sans-serif;\"><b>&gt;&gt;&gt;&nbsp;<a href=\"https://codecanyon.net/item/google-play-app-store-cms/20614679\" target=\"_blank\">Get It Here</a>&nbsp;&lt;&lt;&lt;</b></h1> <h2 id=\"item-description__features\" style=\"margin: 30px 0px 20px; padding: 0px 0px 10px; color: rgb(84, 84, 84); font-weight: inherit; font-size: 20px; line-height: 30px; border-bottom: 1px solid rgb(212, 212, 212); font-family: &quot;Helvetica Neue&quot;, Helvetica, Arial, sans-serif;\">Features</h2> <ul style=\"list-style-position: initial; list-style-image: initial; margin-right: 0px; margin-bottom: 20px; margin-left: 0px; padding: 0px 0px 0px 35px; color: rgb(84, 84, 84); font-family: &quot;Helvetica Neue&quot;, Helvetica, Arial, sans-serif; font-size: 16px;\"> <li>Allow to add your own app / games / themes and can automate to get details if the app was published in google play store.</li> <li>Allow Developer / Users to submit apps.</li> <li>Review Submitted apps / games.</li> <li>Add or Upload apk file.</li> <li>Add featured apps.</li> <li>Responsive Design.</li> <li>Google Analytics Ready.</li> <li>Report Spam Contents.</li> <li>Contact us page.</li> <li>Unlimited Add Pages.</li> <li>Advertisements Ready</li> <li>And many more . . .</li> </ul> <p><br></p> <h2 id=\"item-description__technology-used\" style=\"margin: 30px 0px 20px; padding: 0px 0px 10px; color: rgb(84, 84, 84); font-weight: inherit; font-size: 20px; line-height: 30px; border-bottom: 1px solid rgb(212, 212, 212); font-family: &quot;Helvetica Neue&quot;, Helvetica, Arial, sans-serif;\">Technology Used</h2> <ul style=\"list-style-position: initial; list-style-image: initial; margin-right: 0px; margin-bottom: 20px; margin-left: 0px; padding: 0px 0px 0px 35px; color: rgb(84, 84, 84); font-family: &quot;Helvetica Neue&quot;, Helvetica, Arial, sans-serif; font-size: 16px;\"> <li>Built using Laravel 5.7 Framework</li> <li>ReactJS</li> <li>WebpackJS</li> <li>Bootstrap 4</li> </ul> <h2 id=\"item-description__server-requirements\" style=\"margin: 30px 0px 20px; padding: 0px 0px 10px; color: rgb(84, 84, 84); font-weight: inherit; font-size: 20px; line-height: 30px; border-bottom: 1px solid rgb(212, 212, 212); font-family: &quot;Helvetica Neue&quot;, Helvetica, Arial, sans-serif;\">Server Requirements</h2> <ul style=\"list-style-position: initial; list-style-image: initial; margin-right: 0px; margin-bottom: 20px; margin-left: 0px; padding: 0px 0px 0px 35px; color: rgb(84, 84, 84); font-family: &quot;Helvetica Neue&quot;, Helvetica, Arial, sans-serif; font-size: 16px;\"> <li style=\"margin: 8px; line-height: 1.65;\">PHP &gt;= 7.1.3</li> <li style=\"margin: 8px; line-height: 1.65;\">OpenSSL PHP Extension</li> <li style=\"margin: 8px; line-height: 1.65;\">PDO PHP Extension</li> <li style=\"margin: 8px; line-height: 1.65;\">Mbstring PHP Extension</li> <li style=\"margin: 8px; line-height: 1.65;\">Tokenizer PHP Extension</li> <li style=\"margin: 8px; line-height: 1.65;\">XML PHP Extension</li> <li style=\"margin: 8px; line-height: 1.65;\">Ctype PHP Extension</li> <li style=\"margin: 8px; line-height: 1.65;\">JSON PHP Extension</li> <li style=\"margin: 8px; line-height: 1.65;\">BCMath PHP Extension<br></li> </ul><br><br><br><br><br><br></div></div>",
			"icon": "fa fa-address-card",
			"seo_title": "About Us",
			"seo_keyword": "google-play-store,free-android,download-app-store,google-apps,codecanyon,google-play-store-for-android",
			"seo_description": "Know more about Google Play Store CMS created by Anthony Pillos. Download Apk now. google-play-store,free-android-apps,download-app-store,google-play-store-apps",
			"position": 0,
			"is_enabled": 1,
			"is_demo": 0,
			"created_at": "2019-04-18 06:56:39",
			"updated_at": "2019-04-18 07:01:54",
			"deleted_at": null
		},
		{
			"id": 2,
			"user_id": 1,
			"status_identifier": "published",
			"identifier": "privacy_policy",
			"page_id": 0,
			"slug": "privacy-policy",
			"title": "Privacy Policy",
			"content": "<div><h1>Privacy Policy</h1> <p>Effective date: April 18, 2019</p> <p>Google Play Store Apk Download - Anthony Pillos (\"us\", \"we\", or \"our\") operates the http://googelplayappstore.info website (hereinafter referred to as the \"Service\").</p> <p>This page informs you of our policies regarding the collection, use, and disclosure of personal data when you use our Service and the choices you have associated with that data. Our Privacy Policy for Google Play Store Apk Download - Anthony Pillos is created with the help of the <a href=\"https://privacypolicies.com/privacy-policy-generator/\">PrivacyPolicies.com Privacy Policy Generator</a>.</p> <p>We use your data to provide and improve the Service. By using the Service, you agree to the collection and use of information in accordance with this policy. Unless otherwise defined in this Privacy Policy, the terms used in this Privacy Policy have the same meanings as in our Terms and Conditions, accessible from http://googelplayappstore.info</p> <h2>Information Collection And Use</h2> <p>We collect several different types of information for various purposes to provide and improve our Service to you.</p> <h3>Types of Data Collected</h3> <h4>Personal Data</h4> <p>While using our Service, we may ask you to provide us with certain personally identifiable information that can be used to contact or identify you (\"Personal Data\"). Personally identifiable information may include, but is not limited to:</p> <ul> <li>Email address</li><li>First name and last name</li><li>Cookies and Usage Data</li> </ul> <h4>Usage Data</h4> <p>We may also collect information on how the Service is accessed and used (\"Usage Data\"). This Usage Data may include information such as your computer's Internet Protocol address (e.g. IP address), browser type, browser version, the pages of our Service that you visit, the time and date of your visit, the time spent on those pages, unique device identifiers and other diagnostic data.</p> <h4>Tracking &amp; Cookies Data</h4> <p>We use cookies and similar tracking technologies to track the activity on our Service and hold certain information.</p> <p>Cookies are files with small amount of data which may include an anonymous unique identifier. Cookies are sent to your browser from a website and stored on your device. Tracking technologies also used are beacons, tags, and scripts to collect and track information and to improve and analyze our Service.</p> <p>You can instruct your browser to refuse all cookies or to indicate when a cookie is being sent. However, if you do not accept cookies, you may not be able to use some portions of our Service. You can learn more how to manage cookies in the <a href=\"https://privacypolicies.com/blog/how-to-delete-cookies/\">Browser Cookies Guide</a>.</p> <p>Examples of Cookies we use:</p> <ul> <li><strong>Session Cookies.</strong> We use Session Cookies to operate our Service.</li> <li><strong>Preference Cookies.</strong> We use Preference Cookies to remember your preferences and various settings.</li> <li><strong>Security Cookies.</strong> We use Security Cookies for security purposes.</li> </ul> <h2>Use of Data</h2> <p>Google Play Store Apk Download - Anthony Pillos uses the collected data for various purposes:</p> <ul> <li>To provide and maintain the Service</li> <li>To notify you about changes to our Service</li> <li>To allow you to participate in interactive features of our Service when you choose to do so</li> <li>To provide customer care and support</li> <li>To provide analysis or valuable information so that we can improve the Service</li> <li>To monitor the usage of the Service</li> <li>To detect, prevent and address technical issues</li> </ul> <h2>Transfer Of Data</h2> <p>Your information, including Personal Data, may be transferred to — and maintained on — computers located outside of your state, province, country or other governmental jurisdiction where the data protection laws may differ than those from your jurisdiction.</p> <p>If you are located outside Singapore and choose to provide information to us, please note that we transfer the data, including Personal Data, to Singapore and process it there.</p> <p>Your consent to this Privacy Policy followed by your submission of such information represents your agreement to that transfer.</p> <p>Google Play Store Apk Download - Anthony Pillos will take all steps reasonably necessary to ensure that your data is treated securely and in accordance with this Privacy Policy and no transfer of your Personal Data will take place to an organization or a country unless there are adequate controls in place including the security of your data and other personal information.</p> <h2>Disclosure Of Data</h2> <h3>Legal Requirements</h3> <p>Google Play Store Apk Download - Anthony Pillos may disclose your Personal Data in the good faith belief that such action is necessary to:</p> <ul> <li>To comply with a legal obligation</li> <li>To protect and defend the rights or property of Google Play Store Apk Download - Anthony Pillos</li> <li>To prevent or investigate possible wrongdoing in connection with the Service</li> <li>To protect the personal safety of users of the Service or the public</li> <li>To protect against legal liability</li> </ul> <h2>Security Of Data</h2> <p>The security of your data is important to us, but remember that no method of transmission over the Internet, or method of electronic storage is 100% secure. While we strive to use commercially acceptable means to protect your Personal Data, we cannot guarantee its absolute security.</p> <h2>Service Providers</h2> <p>We may employ third party companies and individuals to facilitate our Service (\"Service Providers\"), to provide the Service on our behalf, to perform Service-related services or to assist us in analyzing how our Service is used.</p> <p>These third parties have access to your Personal Data only to perform these tasks on our behalf and are obligated not to disclose or use it for any other purpose.</p> <h3>Analytics</h3> <p>We may use third-party Service Providers to monitor and analyze the use of our Service.</p> <ul> <li> <p><strong>Google Analytics</strong></p> <p>Google Analytics is a web analytics service offered by Google that tracks and reports website traffic. Google uses the data collected to track and monitor the use of our Service. This data is shared with other Google services. Google may use the collected data to contextualize and personalize the ads of its own advertising network.</p> <p>You can opt-out of having made your activity on the Service available to Google Analytics by installing the Google Analytics opt-out browser add-on. The add-on prevents the Google Analytics JavaScript (ga.js, analytics.js, and dc.js) from sharing information with Google Analytics about visits activity.</p> <p>For more information on the privacy practices of Google, please visit the Google Privacy &amp; Terms web page: <a href=\"https://policies.google.com/privacy?hl=en\">https://policies.google.com/privacy?hl=en</a></p> </li> </ul> <h2>Links To Other Sites</h2> <p>Our Service may contain links to other sites that are not operated by us. If you click on a third party link, you will be directed to that third party's site. We strongly advise you to review the Privacy Policy of every site you visit.</p> <p>We have no control over and assume no responsibility for the content, privacy policies or practices of any third party sites or services.</p> <h2>Children's Privacy</h2> <p>Our Service does not address anyone under the age of 18 (\"Children\").</p> <p>We do not knowingly collect personally identifiable information from anyone under the age of 18. If you are a parent or guardian and you are aware that your Children has provided us with Personal Data, please contact us. If we become aware that we have collected Personal Data from children without verification of parental consent, we take steps to remove that information from our servers.</p> <h2>Changes To This Privacy Policy</h2> <p>We may update our Privacy Policy from time to time. We will notify you of any changes by posting the new Privacy Policy on this page.</p> <p>We will let you know via email and/or a prominent notice on our Service, prior to the change becoming effective and update the \"effective date\" at the top of this Privacy Policy.</p> <p>You are advised to review this Privacy Policy periodically for any changes. Changes to this Privacy Policy are effective when they are posted on this page.</p> <h2>Contact Us</h2> <p>If you have any questions about this Privacy Policy, please contact us:</p> <ul> <li>By visiting this page on our website: http://googelplayappstore.info/contact-us</li> </ul><br /></div>",
			"icon": "fa fa-user-secret",
			"seo_title": "Privacy Policy",
			"seo_keyword": "privacy-policy,google-play-store,download-apk,privacy-policy-app",
			"seo_description": "Privacy Policy",
			"position": 0,
			"is_enabled": 1,
			"is_demo": 0,
			"created_at": "2019-04-18 06:56:39",
			"updated_at": "2019-04-18 06:56:39",
			"deleted_at": null
		},
		{
			"id": 3,
			"user_id": 1,
			"status_identifier": "published",
			"identifier": "dmca_disclaimer",
			"page_id": 0,
			"slug": "dmca-disclaimer",
			"title": "DMCA Disclaimer",
			"content": "<div><h1>Disclaimer for Google Play Store Apk Download</h1> <p>If you require any more information or have any questions about our site's disclaimer, please feel free to contact us by email at asfasfasfasf@gmail.com</p> <h2>Disclaimers for Google Play Store Apk Download</h2> <p>All the information on this website - http://googelplayappstore.info - is published in good faith and for general information purpose only. Google Play Store Apk Download does not make any warranties about the completeness, reliability and accuracy of this information. Any action you take upon the information you find on this website (Google Play Store Apk Download), is strictly at your own risk. Google Play Store Apk Download will not be liable for any losses and/or damages in connection with the use of our website. Our Disclaimer was generated with the help of the <a href=\"https://disclaimergenerator.net/\">Disclaimer Generator</a> and the <a href=\"https://disclaimer-template.com\">Disclaimer Template</a>.</p> <p>From our website, you can visit other websites by following hyperlinks to such external sites. While we strive to provide only quality links to useful and ethical websites, we have no control over the content and nature of these sites. These links to other websites do not imply a recommendation for all the content found on these sites. Site owners and content may change without notice and may occur before we have the opportunity to remove a link which may have gone 'bad'.</p> <p>Please be also aware that when you leave our website, other sites may have different privacy policies and terms which are beyond our control. Please be sure to check the Privacy Policies of these sites as well as their \"Terms of Service\" before engaging in any business or uploading any information.</p> <h2>Consent</h2> <p>By using our website, you hereby consent to our disclaimer and agree to its terms.</p> <h2>Update</h2> <p>Should we update, amend or make any changes to this document, those changes will be prominently posted here.</p><br /></div>",
			"icon": "fa fa-balance-scale",
			"seo_title": "DMCA Disclaimer",
			"seo_keyword": "dmca-disclaimer,google-play-store-apk-download,google-play-store",
			"seo_description": "DMCA Disclaimer for Google Play Store Apk Download",
			"position": 0,
			"is_enabled": 1,
			"is_demo": 0,
			"created_at": "2019-04-18 06:56:39",
			"updated_at": "2019-04-18 06:56:39",
			"deleted_at": null
		},
		{
			"id": 4,
			"user_id": 1,
			"status_identifier": "published",
			"identifier": "terms_of_use",
			"page_id": 0,
			"slug": "terms-of-use",
			"title": "Terms of Use",
			"content": "<div><h2><br></h2><h2>Website Terms of Use<br></h2> <p>Version 1.0</p> <p>The Google Play Store Apk Download - Anthony Pillos website located at http://googelplayappstore.info is a copyrighted work belonging to Google Play Store Apk Download . Certain features of the Site may be subject to additional guidelines, terms, or rules, which will be posted on the Site in connection with such features.</p> <p>All such additional terms, guidelines, and rules are incorporated by reference into these Terms.</p> <p>These Terms of Use described the legally binding terms and conditions that oversee your use of the Site.&nbsp;BY LOGGING INTO THE SITE, YOU ARE BEING COMPLIANT THAT THESE TERMS and you represent that you have the authority and capacity to enter into these Terms.&nbsp;YOU SHOULD BE AT LEAST 18 YEARS OF AGE TO ACCESS THE SITE. IF YOU DISAGREE WITH ALL OF THE PROVISION OF THESE TERMS, DO NOT LOG INTO AND/OR USE THE SITE.</p><p> </p><p>These terms require the use of arbitration Section 10.2 on an individual basis to resolve disputes and also limit the remedies available to you in the event of a dispute. These Terms of Use were created with the help of the Terms Of Use Generator and the Privacy Policy Template.</p> <h2>Access to the Site</h2> <p><strong>Subject to these Terms.</strong> Company grants you a non-transferable, non-exclusive, revocable, limited license to access the Site solely for your own personal, noncommercial use.</p> <p><strong>Certain Restrictions.</strong> The rights approved to you in these Terms are subject to the following restrictions: (a) you shall not sell, rent, lease, transfer, assign, distribute, host, or otherwise commercially exploit the Site; (b) you shall not change, make derivative works of, disassemble, reverse compile or reverse engineer any part of the Site; (c) you shall not access the Site in order to build a similar or competitive website; and (d) except as expressly stated herein, no part of the Site may be copied, reproduced, distributed, republished, downloaded, displayed, posted or transmitted in any form or by any means unless otherwise indicated, any future release, update, or other addition to functionality of the Site shall be subject to these Terms.&nbsp; All copyright and other proprietary notices on the Site must be retained on all copies thereof.</p> <p>Company reserves the right to change, suspend, or cease the Site with or without notice to you.&nbsp; You approved that Company will not be held liable to you or any third-party for any change, interruption, or termination of the Site or any part.</p> <p><strong>No Support or Maintenance.</strong> You agree that Company will have no obligation to provide you with any support in connection with the Site.</p> <p>Excluding any User Content that you may provide, you are aware that all the intellectual property rights, including copyrights, patents, trademarks, and trade secrets, in the Site and its content are owned by Company or Company’s suppliers. Note that these Terms and access to the Site do not give you any rights, title or interest in or to any intellectual property rights, except for the limited access rights expressed in Section 2.1. Company and its suppliers reserve all rights not granted in these Terms.</p> <h2>User Content</h2> <p><strong>User Content.</strong> \"User Content\" means any and all information and content that a user submits to the Site. You are exclusively responsible for your User Content. You bear all risks associated with use of your User Content.&nbsp; You hereby certify that your User Content does not violate our Acceptable Use Policy.&nbsp; You may not represent or imply to others that your User Content is in any way provided, sponsored or endorsed by Company. Because you alone are responsible for your User Content, you may expose yourself to liability. Company is not obliged to backup any User Content that you post; also, your User Content may be deleted at any time without prior notice to you. You are solely responsible for making your own backup copies of your User Content if you desire.</p> <p>You hereby grant to Company an irreversible, nonexclusive, royalty-free and fully paid, worldwide license to reproduce, distribute, publicly display and perform, prepare derivative works of, incorporate into other works, and otherwise use and exploit your User Content, and to grant sublicenses of the foregoing rights, solely for the purposes of including your User Content in the Site.&nbsp; You hereby irreversibly waive any claims and assertions of moral rights or attribution with respect to your User Content.</p> <p><strong>Acceptable Use Policy.</strong> The following terms constitute our \"Acceptable Use Policy\": You agree not to use the Site to collect, upload, transmit, display, or distribute any User Content (i) that violates any third-party right or any intellectual property or proprietary right; (ii) that is unlawful, harassing, abusive, tortious, threatening, harmful, invasive of another’s privacy, vulgar, defamatory, false, intentionally misleading, trade libelous, pornographic, obscene, patently offensive, promotes racism, bigotry, hatred, or physical harm of any kind against any group or individual; (iii) that is harmful to minors in any way; or (iv) that is in violation of any law, regulation, or obligations or restrictions imposed by any third party.</p> <p>In addition, you agree not to: (i) upload, transmit, or distribute to or through the Site any software intended to damage or alter a computer system or data; (ii) send through the Site unsolicited or unauthorized advertising, promotional materials, junk mail, spam, chain letters, pyramid schemes, or any other form of duplicative or unsolicited messages; (iii) use the Site to harvest, collect, gather or assemble information or data regarding other users without their consent; (iv) interfere with, disrupt, or create an undue burden on servers or networks connected to the Site, or violate the regulations, policies or procedures of such networks; (v) attempt to gain unauthorized access to the Site, whether through password mining or any other means; (vi) harass or interfere with any other user’s use and enjoyment of the Site; or (vi) use software or automated agents or scripts to produce multiple accounts on the Site, or to generate automated searches, requests, or queries to the Site.</p> <p>We reserve the right to review any User Content, and to investigate and/or take appropriate action against you in our sole discretion if you violate the Acceptable Use Policy or any other provision of these Terms or otherwise create liability for us or any other person. Such action may include removing or modifying your User Content, terminating your Account in accordance with Section 8, and/or reporting you to law enforcement authorities.</p> <p>If you provide Company with any feedback or suggestions regarding the Site, you hereby assign to Company all rights in such Feedback and agree that Company shall have the right to use and fully exploit such Feedback and related information in any manner it believes appropriate.&nbsp; Company will treat any Feedback you provide to Company as non-confidential and non-proprietary.</p> <p>You agree to indemnify and hold Company and its officers, employees, and agents harmless, including costs and attorneys’ fees, from any claim or demand made by any third-party due to or arising out of (a) your use of the Site, (b) your violation of these Terms, (c) your violation of applicable laws or regulations or (d) your User Content.&nbsp; Company reserves the right to assume the exclusive defense and control of any matter for which you are required to indemnify us, and you agree to cooperate with our defense of these claims.&nbsp; You agree not to settle any matter without the prior written consent of Company.&nbsp; Company will use reasonable efforts to notify you of any such claim, action or proceeding upon becoming aware of it.</p> <h2>Third-Party Links &amp; Ads; Other Users</h2> <p><strong>Third-Party Links &amp; Ads.</strong> The Site may contain links to third-party websites and services, and/or display advertisements for third-parties.&nbsp; Such Third-Party Links &amp; Ads are not under the control of Company, and Company is not responsible for any Third-Party Links &amp; Ads.&nbsp; Company provides access to these Third-Party Links &amp; Ads only as a convenience to you, and does not review, approve, monitor, endorse, warrant, or make any representations with respect to Third-Party Links &amp; Ads.&nbsp; You use all Third-Party Links &amp; Ads at your own risk, and should apply a suitable level of caution and discretion in doing so. When you click on any of the Third-Party Links &amp; Ads, the applicable third party’s terms and policies apply, including the third party’s privacy and data gathering practices.</p> <p><strong>Other Users.</strong> Each Site user is solely responsible for any and all of its own User Content.&nbsp; Because we do not control User Content, you acknowledge and agree that we are not responsible for any User Content, whether provided by you or by others.&nbsp; You agree that Company will not be responsible for any loss or damage incurred as the result of any such interactions.&nbsp; If there is a dispute between you and any Site user, we are under no obligation to become involved.</p> <p>You hereby release and forever discharge the Company and our officers, employees, agents, successors, and assigns from, and hereby waive and relinquish, each and every past, present and future dispute, claim, controversy, demand, right, obligation, liability, action and cause of action of every kind and nature, that has arisen or arises directly or indirectly out of, or that relates directly or indirectly to, the Site. If you are a California resident, you hereby waive California civil code section 1542 in connection with the foregoing, which states: \"a general release does not extend to claims which the creditor does not know or suspect to exist in his or her favor at the time of executing the release, which if known by him or her must have materially affected his or her settlement with the debtor.\"</p> <p><strong>Cookies and Web Beacons.</strong> Like any other website, Google Play Store Apk Download - Anthony Pillos uses ‘cookies’. These cookies are used to store information including visitors’ preferences, and the pages on the website that the visitor accessed or visited. The information is used to optimize the users’ experience by customizing our web page content based on visitors’ browser type and/or other information.</p> <p><strong>Google DoubleClick DART Cookie.</strong> Google is one of a third-party vendor on our site. It also uses cookies, known as DART cookies, to serve ads to our site visitors based upon their visit to www.website.com and other sites on the internet. However, visitors may choose to decline the use of DART cookies by visiting the Google ad and content network Privacy Policy at the following URL – <a href=\"https://policies.google.com/technologies/ads\">https://policies.google.com/technologies/ads</a></p> <h2>Disclaimers</h2> <p>The site is provided on an \"as-is\" and \"as available\" basis, and company and our suppliers expressly disclaim any and all warranties and conditions of any kind, whether express, implied, or statutory, including all warranties or conditions of merchantability, fitness for a particular purpose, title, quiet enjoyment, accuracy, or non-infringement.&nbsp; We and our suppliers make not guarantee that the site will meet your requirements, will be available on an uninterrupted, timely, secure, or error-free basis, or will be accurate, reliable, free of viruses or other harmful code, complete, legal, or safe.&nbsp; If applicable law requires any warranties with respect to the site, all such warranties are limited in duration to ninety (90) days from the date of first use.</p> <p>Some jurisdictions do not allow the exclusion of implied warranties, so the above exclusion may not apply to you.&nbsp; Some jurisdictions do not allow limitations on how long an implied warranty lasts, so the above limitation may not apply to you.</p> <h2>Limitation on Liability</h2> <p>To the maximum extent permitted by law, in no event shall company or our suppliers be liable to you or any third-party for any lost profits, lost data, costs of procurement of substitute products, or any indirect, consequential, exemplary, incidental, special or punitive damages arising from or relating to these terms or your use of, or incapability to use the site even if company has been advised of the possibility of such damages.&nbsp; Access to and use of the site is at your own discretion and risk, and you will be solely responsible for any damage to your device or computer system, or loss of data resulting therefrom.</p> <p>To the maximum extent permitted by law, notwithstanding anything to the contrary contained herein, our liability to you for any damages arising from or related to this agreement, will at all times be limited to a maximum of fifty U.S. dollars (u.s. $50). The existence of more than one claim will not enlarge this limit.&nbsp; You agree that our suppliers will have no liability of any kind arising from or relating to this agreement.</p> <p>Some jurisdictions do not allow the limitation or exclusion of liability for incidental or consequential damages, so the above limitation or exclusion may not apply to you.</p> <p><strong>Term and Termination.</strong> Subject to this Section, these Terms will remain in full force and effect while you use the Site.&nbsp; We may suspend or terminate your rights to use the Site at any time for any reason at our sole discretion, including for any use of the Site in violation of these Terms.&nbsp; Upon termination of your rights under these Terms, your Account and right to access and use the Site will terminate immediately.&nbsp; You understand that any termination of your Account may involve deletion of your User Content associated with your Account from our live databases.&nbsp; Company will not have any liability whatsoever to you for any termination of your rights under these Terms.&nbsp; Even after your rights under these Terms are terminated, the following provisions of these Terms will remain in effect: Sections 2 through 2.5, Section 3 and Sections 4 through 10.</p> <h2>Copyright Policy.</h2> <p>Company respects the intellectual property of others and asks that users of our Site do the same.&nbsp; In connection with our Site, we have adopted and implemented a policy respecting copyright law that provides for the removal of any infringing materials and for the termination of users of our online Site who are repeated infringers of intellectual property rights, including copyrights.&nbsp; If you believe that one of our users is, through the use of our Site, unlawfully infringing the copyright(s) in a work, and wish to have the allegedly infringing material removed, the following information in the form of a written notification (pursuant to 17 U.S.C. § 512(c)) must be provided to our designated Copyright Agent:</p> <ul> <li>your physical or electronic signature;</li> <li>identification of the copyrighted work(s) that you claim to have been infringed;</li> <li>identification of the material on our services that you claim is infringing and that you request us to remove;</li> <li>sufficient information to permit us to locate such material;</li> <li>your address, telephone number, and e-mail address;</li> <li>a statement that you have a good faith belief that use of the objectionable material is not authorized by the copyright owner, its agent, or under the law; and</li> <li>a statement that the information in the notification is accurate, and under penalty of perjury, that you are either the owner of the copyright that has allegedly been infringed or that you are authorized to act on behalf of the copyright owner.</li> </ul> <p>Please note that, pursuant to 17 U.S.C. § 512(f), any misrepresentation of material fact in a written notification automatically subjects the complaining party to liability for any damages, costs and attorney’s fees incurred by us in connection with the written notification and allegation of copyright infringement.</p> <h2>General</h2> <p>These Terms are subject to occasional revision, and if we make any substantial changes, we may notify you by sending you an e-mail to the last e-mail address you provided to us and/or by prominently posting notice of the changes on our Site.&nbsp; You are responsible for providing us with your most current e-mail address.&nbsp; In the event that the last e-mail address that you have provided us is not valid our dispatch of the e-mail containing such notice will nonetheless constitute effective notice of the changes described in the notice.&nbsp; Any changes to these Terms will be effective upon the earliest of thirty (30) calendar days following our dispatch of an e-mail notice to you or thirty (30) calendar days following our posting of notice of the changes on our Site.&nbsp; These changes will be effective immediately for new users of our Site.&nbsp; Continued use of our Site following notice of such changes shall indicate your acknowledgement of such changes and agreement to be bound by the terms and conditions of such changes. Dispute Resolution. Please read this Arbitration Agreement carefully. It is part of your contract with Company and affects your rights.&nbsp; It contains procedures for MANDATORY BINDING ARBITRATION AND A CLASS ACTION WAIVER.</p> <p><strong>Applicability of Arbitration Agreement.</strong> All claims and disputes in connection with the Terms or the use of any product or service provided by the Company that cannot be resolved informally or in small claims court shall be resolved by binding arbitration on an individual basis under the terms of this Arbitration Agreement.&nbsp; Unless otherwise agreed to, all arbitration proceedings shall be held in English.&nbsp; This Arbitration Agreement applies to you and the Company, and to any subsidiaries, affiliates, agents, employees, predecessors in interest, successors, and assigns, as well as all authorized or unauthorized users or beneficiaries of services or goods provided under the Terms.</p> <p><strong>Notice Requirement and Informal Dispute Resolution.</strong> Before either party may seek arbitration, the party must first send to the other party a written Notice of Dispute describing the nature and basis of the claim or dispute, and the requested relief.&nbsp; A Notice to the Company should be sent to: Singapore. After the Notice is received, you and the Company may attempt to resolve the claim or dispute informally.&nbsp; If you and the Company do not resolve the claim or dispute within thirty (30) days after the Notice is received, either party may begin an arbitration proceeding.&nbsp; The amount of any settlement offer made by any party may not be disclosed to the arbitrator until after the arbitrator has determined the amount of the award to which either party is entitled.</p> <p><strong>Arbitration Rules.</strong> Arbitration shall be initiated through the American Arbitration Association, an established alternative dispute resolution provider that offers arbitration as set forth in this section.&nbsp; If AAA is not available to arbitrate, the parties shall agree to select an alternative ADR Provider.&nbsp; The rules of the ADR Provider shall govern all aspects of the arbitration except to the extent such rules are in conflict with the Terms.&nbsp; The AAA Consumer Arbitration Rules governing the arbitration are available online at adr.org or by calling the AAA at 1-800-778-7879.&nbsp; The arbitration shall be conducted by a single, neutral arbitrator.&nbsp; Any claims or disputes where the total amount of the award sought is less than Ten Thousand U.S. Dollars (US $10,000.00) may be resolved through binding non-appearance-based arbitration, at the option of the party seeking relief.&nbsp; For claims or disputes where the total amount of the award sought is Ten Thousand U.S. Dollars (US $10,000.00) or more, the right to a hearing will be determined by the Arbitration Rules.&nbsp; Any hearing will be held in a location within 100 miles of your residence, unless you reside outside of the United States, and unless the parties agree otherwise.&nbsp; If you reside outside of the U.S., the arbitrator shall give the parties reasonable notice of the date, time and place of any oral hearings. Any judgment on the award rendered by the arbitrator may be entered in any court of competent jurisdiction.&nbsp; If the arbitrator grants you an award that is greater than the last settlement offer that the Company made to you prior to the initiation of arbitration, the Company will pay you the greater of the award or $2,500.00.&nbsp; Each party shall bear its own costs and disbursements arising out of the arbitration and shall pay an equal share of the fees and costs of the ADR Provider.</p> <p><strong>Additional Rules for Non-Appearance Based Arbitration.</strong> If non-appearance based arbitration is elected, the arbitration shall be conducted by telephone, online and/or based solely on written submissions; the specific manner shall be chosen by the party initiating the arbitration.&nbsp; The arbitration shall not involve any personal appearance by the parties or witnesses unless otherwise agreed by the parties.</p> <p><strong>Time Limits.</strong> If you or the Company pursues arbitration, the arbitration action must be initiated and/or demanded within the statute of limitations and within any deadline imposed under the AAA Rules for the pertinent claim.</p> <p><strong>Authority of Arbitrator.</strong> If arbitration is initiated, the arbitrator will decide the rights and liabilities of you and the Company, and the dispute will not be consolidated with any other matters or joined with any other cases or parties.&nbsp; The arbitrator shall have the authority to grant motions dispositive of all or part of any claim.&nbsp; The arbitrator shall have the authority to award monetary damages, and to grant any non-monetary remedy or relief available to an individual under applicable law, the AAA Rules, and the Terms.&nbsp; The arbitrator shall issue a written award and statement of decision describing the essential findings and conclusions on which the award is based.&nbsp; The arbitrator has the same authority to award relief on an individual basis that a judge in a court of law would have.&nbsp; The award of the arbitrator is final and binding upon you and the Company.</p> <p><strong>Waiver of Jury Trial.</strong> THE PARTIES HEREBY WAIVE THEIR CONSTITUTIONAL AND STATUTORY RIGHTS TO GO TO COURT AND HAVE A TRIAL IN FRONT OF A JUDGE OR A JURY, instead electing that all claims and disputes shall be resolved by arbitration under this Arbitration Agreement.&nbsp; Arbitration procedures are typically more limited, more efficient and less expensive than rules applicable in a court and are subject to very limited review by a court.&nbsp; In the event any litigation should arise between you and the Company in any state or federal court in a suit to vacate or enforce an arbitration award or otherwise, YOU AND THE COMPANY WAIVE ALL RIGHTS TO A JURY TRIAL, instead electing that the dispute be resolved by a judge.</p> <p><strong>Waiver of Class or Consolidated Actions.</strong> All claims and disputes within the scope of this arbitration agreement must be arbitrated or litigated on an individual basis and not on a class basis, and claims of more than one customer or user cannot be arbitrated or litigated jointly or consolidated with those of any other customer or user.</p> <p><strong>Confidentiality.</strong> All aspects of the arbitration proceeding shall be strictly confidential.&nbsp; The parties agree to maintain confidentiality unless otherwise required by law.&nbsp; This paragraph shall not prevent a party from submitting to a court of law any information necessary to enforce this Agreement, to enforce an arbitration award, or to seek injunctive or equitable relief.</p> <p><strong>Severability.</strong> If any part or parts of this Arbitration Agreement are found under the law to be invalid or unenforceable by a court of competent jurisdiction, then such specific part or parts shall be of no force and effect and shall be severed and the remainder of the Agreement shall continue in full force and effect.</p> <p><strong>Right to Waive.</strong> Any or all of the rights and limitations set forth in this Arbitration Agreement may be waived by the party against whom the claim is asserted.&nbsp; Such waiver shall not waive or affect any other portion of this Arbitration Agreement.</p> <p><strong>Survival of Agreement.</strong> This Arbitration Agreement will survive the termination of your relationship with Company.</p> <p><strong>Small Claims Court.</strong> Nonetheless the foregoing, either you or the Company may bring an individual action in small claims court.</p> <p><strong>Emergency Equitable Relief.</strong> Anyhow the foregoing, either party may seek emergency equitable relief before a state or federal court in order to maintain the status quo pending arbitration.&nbsp; A request for interim measures shall not be deemed a waiver of any other rights or obligations under this Arbitration Agreement.</p> <p><strong>Claims Not Subject to Arbitration.</strong> Notwithstanding the foregoing, claims of defamation, violation of the Computer Fraud and Abuse Act, and infringement or misappropriation of the other party’s patent, copyright, trademark or trade secrets shall not be subject to this Arbitration Agreement.</p> <p>In any circumstances where the foregoing Arbitration Agreement permits the parties to litigate in court, the parties hereby agree to submit to the personal jurisdiction of the courts located within Netherlands County, California, for such purposes.</p> <p>The Site may be subject to U.S. export control laws and may be subject to export or import regulations in other countries. You agree not to export, re-export, or transfer, directly or indirectly, any U.S. technical data acquired from Company, or any products utilizing such data, in violation of the United States export laws or regulations.</p> <p>Company is located at the address in Section 10.8. If you are a California resident, you may report complaints to the Complaint Assistance Unit of the Division of Consumer Product of the California Department of Consumer Affairs by contacting them in writing at 400 R Street, Sacramento, CA 95814, or by telephone at (800) 952-5210.</p> <p><strong>Electronic Communications.</strong> The communications between you and Company use electronic means, whether you use the Site or send us emails, or whether Company posts notices on the Site or communicates with you via email. For contractual purposes, you (a) consent to receive communications from Company in an electronic form; and (b) agree that all terms and conditions, agreements, notices, disclosures, and other communications that Company provides to you electronically satisfy any legal obligation that such communications would satisfy if it were be in a hard copy writing.</p> <p><strong>Entire Terms.</strong> These Terms constitute the entire agreement between you and us regarding the use of the Site. Our failure to exercise or enforce any right or provision of these Terms shall not operate as a waiver of such right or provision. The section titles in these Terms are for convenience only and have no legal or contractual effect. The word \"including\" means \"including without limitation\". If any provision of these Terms is held to be invalid or unenforceable, the other provisions of these Terms will be unimpaired and the invalid or unenforceable provision will be deemed modified so that it is valid and enforceable to the maximum extent permitted by law.&nbsp; Your relationship to Company is that of an independent contractor, and neither party is an agent or partner of the other.&nbsp; These Terms, and your rights and obligations herein, may not be assigned, subcontracted, delegated, or otherwise transferred by you without Company’s prior written consent, and any attempted assignment, subcontract, delegation, or transfer in violation of the foregoing will be null and void.&nbsp; Company may freely assign these Terms.&nbsp; The terms and conditions set forth in these Terms shall be binding upon assignees.</p> <p><strong>Copyright/Trademark Information.</strong> Copyright ©. All rights reserved.&nbsp; All trademarks, logos and service marks displayed on the Site are our property or the property of other third-parties. You are not permitted to use these Marks without our prior written consent or the consent of such third party which may own the Marks.</p> <h2>Contact Information</h2> <p>Address: Singapore</p><p><span style=\"font-size: 0.9rem;\">Contact Us:&nbsp;</span><a href=\"http://googelplayappstore.info/contact-us\" style=\"font-size: 0.9rem; background-color: rgb(255, 255, 255);\">http://googelplayappstore.info/contact-us</a></p><br><br><br><br><br><br></div>",
			"icon": "fa fa-user-shield",
			"seo_title": "Terms of Use for Google Play Store Apk Download",
			"seo_keyword": "terms-of-use,googel-play-store,apk-download,access-site-apk,privacy-policy",
			"seo_description": "Terms of Use",
			"position": 0,
			"is_enabled": 1,
			"is_demo": 0,
			"created_at": "2019-04-18 06:56:39",
			"updated_at": "2019-04-18 06:56:39",
			"deleted_at": null
		}
	]
}