{"app_id":"com.snapchat.android","value":"com.snapchat.android","title":"Snapchat","label":"Snapchat","slug":"snapchat","app_image_url":"https:\/\/image.winudf.com\/v2\/image1\/Y29tLnNuYXBjaGF0LmFuZHJvaWRfaWNvbl8xNTU3MzI1OTc4XzA3MA\/icon.png?w=170&fakeurl=1","app_link":"https:\/\/play.google.com\/store\/apps\/details?id=com.snapchat.android","description":"Snapchat is the most fun way to share the moment with friends and family \ud83d\udc7b <br><br>Snapchat opens right to the camera, so you can send a Snap in seconds! Just take a photo or video, add a caption, and send it to your best friends and family. Express yourself with Filters, Lenses, Bitmojis, and all kinds of fun effects.<br><br><br>SNAP \ud83d\udcf8 <br>\u2022 Snapchat opens right to the camera. Tap to take a photo, or press and hold for video.<br>\u2022 Add a Lens or Filter to your photo \u2014 new ones are added every day! Change the way you look, dance with your 3D Bitmoji, and discover games you can play with your face.<br>\u2022 Create your own Filters to add to photos and videos \u2014 or try out Lenses made by our community!<br><br>CHAT \ud83d\udcac <br>\u2022 Stay in touch and Chat with friends with live messaging, or share your day with Group Stories.<br>\u2022 Video Chat with up to 16 friends at once. You can even use Filters and Lenses!<br>\u2022 Express yourself with Friendmojis \u2014 exclusive Bitmojis made just for you and a friend.<br><br>DISCOVER \ud83d\udd0d<br>\u2022 Follow friends and watch their Stories to see their day unfold.<br>\u2022 Keep up to date with exclusive Stories from top publishers and creators.<br>\u2022 Watch breaking news, original Shows, and community Stories \u2014 made just for your phone.<br><br>SNAP MAP \ud83d\uddfa<br>\u2022 See where your friends are hanging out, if they\u2019ve shared their location with you.<br>\u2022 Share your location with your best friends, or go off the grid with Ghost Mode.<br>\u2022 Discover live Stories from the community nearby, or across the world!<br><br>MEMORIES \ud83c\udf9e\ufe0f<br>\u2022 Look back on Snaps you\u2019ve saved with free cloud storage.<br>\u2022 Edit and send old moments to friends, or save them to your Camera Roll.<br>\u2022 Create Stories from your favorite memories to share with friends and family.<br><br>FRIENDSHIP PROFILE \ud83d\udc65<br>\u2022 Every friendship has its own special profile to see the moments you\u2019ve saved together.<br>\u2022 Discover new things you have in common with Charms. See how long you\u2019ve been friends, your astrological compatibility, your Bitmojis\u2019 fashion sense, and more!<br>\u2022 Friendship Profiles are just between you and a friend, so you can bond over what makes your friendship special.<br><br>Happy Snapping!<br><br>\u2022 \u2022 \u2022<br><br>Please note: Friends, family, and other Snapchatters can always capture or save your messages by taking a screenshot, using a camera, or otherwise. Be mindful of what you Snap!","status_identifier":"active","short_description":"Snapchat is the most fun way to share the moment with friends and family \ud83d\udc7b Snapchat opens right to the camera, so you can send a Snap in seconds! Just take a photo or video, add a caption, and send it...","current_ratings":4.35,"categories":[{"label":"Social","value":"social"}],"screenshots":[{"id":1,"image_link":"https:\/\/image.winudf.com\/v2\/image1\/Y29tLnNuYXBjaGF0LmFuZHJvaWRfc2NyZWVuXzBfMTU1NTQ1MDgwN18wMzY\/screen-0.jpg?fakeurl=1&type=.jpg","preview":"https:\/\/image.winudf.com\/v2\/image1\/Y29tLnNuYXBjaGF0LmFuZHJvaWRfc2NyZWVuXzBfMTU1NTQ1MDgwN18wMzY\/screen-0.jpg?fakeurl=1&type=.jpg"},{"id":1,"image_link":"https:\/\/image.winudf.com\/v2\/image1\/Y29tLnNuYXBjaGF0LmFuZHJvaWRfc2NyZWVuXzFfMTU1NTQ1MDgwOF8wMDQ\/screen-1.jpg?fakeurl=1&type=.jpg","preview":"https:\/\/image.winudf.com\/v2\/image1\/Y29tLnNuYXBjaGF0LmFuZHJvaWRfc2NyZWVuXzFfMTU1NTQ1MDgwOF8wMDQ\/screen-1.jpg?fakeurl=1&type=.jpg"},{"id":1,"image_link":"https:\/\/image.winudf.com\/v2\/image1\/Y29tLnNuYXBjaGF0LmFuZHJvaWRfc2NyZWVuXzJfMTU1NTQ1MDgwOF8wNjY\/screen-2.jpg?fakeurl=1&type=.jpg","preview":"https:\/\/image.winudf.com\/v2\/image1\/Y29tLnNuYXBjaGF0LmFuZHJvaWRfc2NyZWVuXzJfMTU1NTQ1MDgwOF8wNjY\/screen-2.jpg?fakeurl=1&type=.jpg"},{"id":1,"image_link":"https:\/\/image.winudf.com\/v2\/image1\/Y29tLnNuYXBjaGF0LmFuZHJvaWRfc2NyZWVuXzNfMTU1NTQ1MDgwOV8wOTI\/screen-3.jpg?fakeurl=1&type=.jpg","preview":"https:\/\/image.winudf.com\/v2\/image1\/Y29tLnNuYXBjaGF0LmFuZHJvaWRfc2NyZWVuXzNfMTU1NTQ1MDgwOV8wOTI\/screen-3.jpg?fakeurl=1&type=.jpg"}],"screenshot_previews":[{"id":1,"image_link":"https:\/\/image.winudf.com\/v2\/image1\/Y29tLnNuYXBjaGF0LmFuZHJvaWRfc2NyZWVuXzBfMTU1NTQ1MDgwN18wMzY\/screen-0.jpg?fakeurl=1&type=.jpg","preview":"https:\/\/image.winudf.com\/v2\/image1\/Y29tLnNuYXBjaGF0LmFuZHJvaWRfc2NyZWVuXzBfMTU1NTQ1MDgwN18wMzY\/screen-0.jpg?fakeurl=1&type=.jpg"},{"id":1,"image_link":"https:\/\/image.winudf.com\/v2\/image1\/Y29tLnNuYXBjaGF0LmFuZHJvaWRfc2NyZWVuXzFfMTU1NTQ1MDgwOF8wMDQ\/screen-1.jpg?fakeurl=1&type=.jpg","preview":"https:\/\/image.winudf.com\/v2\/image1\/Y29tLnNuYXBjaGF0LmFuZHJvaWRfc2NyZWVuXzFfMTU1NTQ1MDgwOF8wMDQ\/screen-1.jpg?fakeurl=1&type=.jpg"},{"id":1,"image_link":"https:\/\/image.winudf.com\/v2\/image1\/Y29tLnNuYXBjaGF0LmFuZHJvaWRfc2NyZWVuXzJfMTU1NTQ1MDgwOF8wNjY\/screen-2.jpg?fakeurl=1&type=.jpg","preview":"https:\/\/image.winudf.com\/v2\/image1\/Y29tLnNuYXBjaGF0LmFuZHJvaWRfc2NyZWVuXzJfMTU1NTQ1MDgwOF8wNjY\/screen-2.jpg?fakeurl=1&type=.jpg"},{"id":1,"image_link":"https:\/\/image.winudf.com\/v2\/image1\/Y29tLnNuYXBjaGF0LmFuZHJvaWRfc2NyZWVuXzNfMTU1NTQ1MDgwOV8wOTI\/screen-3.jpg?fakeurl=1&type=.jpg","preview":"https:\/\/image.winudf.com\/v2\/image1\/Y29tLnNuYXBjaGF0LmFuZHJvaWRfc2NyZWVuXzNfMTU1NTQ1MDgwOV8wOTI\/screen-3.jpg?fakeurl=1&type=.jpg"}],"total_ratings":924829,"developer":"Snap Inc","developer_url":"https:\/\/play.google.com\/store\/apps\/developer?id=Snap Inc","tags":["Social"],"versions":[{"identifier":"10.59.5.0","download_link":"https:\/\/apkpure.com\/snapchat\/com.snapchat.android\/download?from=details","is_link_external":1}],"more_details":[{"title":"Latest Version","identifier":"latest_version","value":"10.59.5.0 "},{"title":"Publish Date","identifier":"published_date","value":"2019-06-18"},{"title":"Requirement","identifier":"required_android","value":"Android 4.4+"}],"seo_title":"Snapchat","seo_keyword":"Snapchat, Snapchat for android, Snapchat android download, Snapchat apk, Snapchat android apk, Snapchat download","seo_description":"Download Snapchat apk 10.59.5.0 for Android. Send photo &amp; video messages to family &amp; friends \u2014 it&#39;s the most fun way to chat!"}