{"app_id":"com.spotify.music","value":"com.spotify.music","title":"Spotify","label":"Spotify","slug":"spotify","app_image_url":"https:\/\/image.winudf.com\/v2\/image1\/Y29tLnNwb3RpZnkubXVzaWNfaWNvbl8xNTU1NDg2MjEzXzA1Nw\/icon.png?w=170&fakeurl=1","app_link":"https:\/\/play.google.com\/store\/apps\/details?id=com.spotify.music","description":"<p class=\"MsoNormal\">\n\n<\/p>\n<p class=\"MsoNormal\"><span lang=\"EN-US\"><p><\/p><\/span><\/p>\n<p class=\"MsoNormal\"><span lang=\"EN-US\">Spotify apk is free on Android mobile and\ntablet. Listen to the amazing music, wherever you are.\u00a0<\/span>With Spotify, you can:<\/p>\n<p class=\"MsoNormal\"><span style=\"font-family:\u5b8b\u4f53;mso-ascii-font-family:Calibri;\nmso-ascii-theme-font:minor-latin;mso-fareast-font-family:\u5b8b\u4f53;mso-fareast-theme-font:\nminor-fareast;mso-hansi-font-family:Calibri;mso-hansi-theme-font:minor-latin\">\u2022<\/span>\n<span lang=\"EN-US\">Have access to a world of music <p><\/p><\/span><\/p>\n<p class=\"MsoNormal\"><span style=\"font-family:\u5b8b\u4f53;mso-ascii-font-family:Calibri;\nmso-ascii-theme-font:minor-latin;mso-fareast-font-family:\u5b8b\u4f53;mso-fareast-theme-font:\nminor-fareast;mso-hansi-font-family:Calibri;mso-hansi-theme-font:minor-latin\">\u2022<\/span>\n<span lang=\"EN-US\">Listen to artists and albums. <p><\/p><\/span><\/p>\n<p class=\"MsoNormal\"><span style=\"font-family:\u5b8b\u4f53;mso-ascii-font-family:Calibri;\nmso-ascii-theme-font:minor-latin;mso-fareast-font-family:\u5b8b\u4f53;mso-fareast-theme-font:\nminor-fareast;mso-hansi-font-family:Calibri;mso-hansi-theme-font:minor-latin\">\u2022<\/span>\n<span lang=\"EN-US\">Create your own playlist of your favorite songs<p><\/p><\/span><\/p>\n<p class=\"MsoNormal\">\n\n\n\n\n\n\n\n\n\n\n\n<\/p>\n<p class=\"MsoNormal\"><span lang=\"EN-US\"><p><\/p><\/span><\/p>\n<p class=\"MsoNormal\"><span lang=\"EN-US\">Want to discover new music? Choose a\nready-made playlist that suits your mood or get personalized recommendations.<p><\/p><\/span><\/p>\n<p class=\"MsoNormal\"><span lang=\"EN-US\"><p><\/p><\/span><\/p>\n<p class=\"MsoNormal\"><span lang=\"EN-US\">Listen for free on mobile, tablet or pc<p><\/p><\/span><\/p>\n<p class=\"MsoNormal\"><span style=\"font-family:\u5b8b\u4f53;mso-ascii-font-family:Calibri;\nmso-ascii-theme-font:minor-latin;mso-fareast-font-family:\u5b8b\u4f53;mso-fareast-theme-font:\nminor-fareast;mso-hansi-font-family:Calibri;mso-hansi-theme-font:minor-latin\">\u2022<\/span><span lang=\"EN-US\"> Play any artist, album, or playlist on shuffle mode<p><\/p><\/span><\/p>\n<p class=\"MsoNormal\"><span style=\"font-family: \u5b8b\u4f53;\">\u2022<\/span><span lang=\"EN-US\"> Play any song, any time, anywhere<\/span><br><\/p>\n<p class=\"MsoNormal\"><b>Spotify Premium apk features<\/b><br><\/p>\n<p class=\"MsoNormal\"><span style=\"font-family:\u5b8b\u4f53;mso-ascii-font-family:Calibri;\nmso-ascii-theme-font:minor-latin;mso-fareast-font-family:\u5b8b\u4f53;mso-fareast-theme-font:\nminor-fareast;mso-hansi-font-family:Calibri;mso-hansi-theme-font:minor-latin\">\u2022<\/span><span lang=\"EN-US\"> Play any song, any time on any device--mobile, tablet, or your\ncomputer<p><\/p><\/span><\/p>\n<p class=\"MsoNormal\"><span style=\"font-family:\u5b8b\u4f53;mso-ascii-font-family:Calibri;\nmso-ascii-theme-font:minor-latin;mso-fareast-font-family:\u5b8b\u4f53;mso-fareast-theme-font:\nminor-fareast;mso-hansi-font-family:Calibri;mso-hansi-theme-font:minor-latin\">\u2022<\/span>\n<span lang=\"EN-US\">Easy to operate- Just search for the music and click play. <p><\/p><\/span><\/p>\n<p class=\"MsoNormal\"><span style=\"font-family:\u5b8b\u4f53;mso-ascii-font-family:Calibri;\nmso-ascii-theme-font:minor-latin;mso-fareast-font-family:\u5b8b\u4f53;mso-fareast-theme-font:\nminor-fareast;mso-hansi-font-family:Calibri;mso-hansi-theme-font:minor-latin\">\u2022<\/span><span lang=\"EN-US\"> Download music for offline listening. Enjoy anywhere you are.<p><\/p><\/span><\/p>\n<p class=\"MsoNormal\"><span style=\"font-family:\u5b8b\u4f53;mso-ascii-font-family:Calibri;\nmso-ascii-theme-font:minor-latin;mso-fareast-font-family:\u5b8b\u4f53;mso-fareast-theme-font:\nminor-fareast;mso-hansi-font-family:Calibri;mso-hansi-theme-font:minor-latin\">\u2022<\/span><span lang=\"EN-US\"> Enjoy b<\/span>etter sound quality than ever.<\/p>\n<p class=\"MsoNormal\"><span style=\"font-family:\u5b8b\u4f53;mso-ascii-font-family:Calibri;\nmso-ascii-theme-font:minor-latin;mso-fareast-font-family:\u5b8b\u4f53;mso-fareast-theme-font:\nminor-fareast;mso-hansi-font-family:Calibri;mso-hansi-theme-font:minor-latin\">\u2022<\/span><span lang=\"EN-US\"> No ads \u2013 just uninterrupted music.<p><\/p><\/span><\/p>\n<p class=\"MsoNormal\"><span style=\"font-family:\u5b8b\u4f53;mso-ascii-font-family:Calibri;\nmso-ascii-theme-font:minor-latin;mso-fareast-font-family:\u5b8b\u4f53;mso-fareast-theme-font:\nminor-fareast;mso-hansi-font-family:Calibri;mso-hansi-theme-font:minor-latin\">\u2022<\/span><span lang=\"EN-US\"> No commitment - cancel any time you like.<\/span><\/p>\n<p class=\"MsoNormal\">You can enjoy 30 free trial before deciding to upgrade to Premium.<\/p>\n<p class=\"MsoNormal\"><b>FAQs.<\/b><br><\/p>\n<p class=\"MsoNormal\"><span lang=\"EN-US\">1. Why upgrade to Spotify Premium?<p><\/p><\/span><\/p>\n<p class=\"MsoNormal\"><span style=\"font-family:\u5b8b\u4f53;mso-ascii-font-family:Calibri;\nmso-ascii-theme-font:minor-latin;mso-fareast-font-family:\u5b8b\u4f53;mso-fareast-theme-font:\nminor-fareast;mso-hansi-font-family:Calibri;mso-hansi-theme-font:minor-latin\">\u2022<\/span>\n<span lang=\"EN-US\">No ads. When studying and dancing, you won\u2019t be interrupted by\nads.<p><\/p><\/span><\/p>\n<p class=\"MsoNormal\"><span style=\"font-family:\u5b8b\u4f53;mso-ascii-font-family:Calibri;\nmso-ascii-theme-font:minor-latin;mso-fareast-font-family:\u5b8b\u4f53;mso-fareast-theme-font:\nminor-fareast;mso-hansi-font-family:Calibri;mso-hansi-theme-font:minor-latin\">\u2022<\/span>\n<span lang=\"EN-US\">Lots of different music, instantly. Hear any song you want.<p><\/p><\/span><\/p>\n<p class=\"MsoNormal\"><span style=\"font-family:\u5b8b\u4f53;mso-ascii-font-family:Calibri;\nmso-ascii-theme-font:minor-latin;mso-fareast-font-family:\u5b8b\u4f53;mso-fareast-theme-font:\nminor-fareast;mso-hansi-font-family:Calibri;mso-hansi-theme-font:minor-latin\">\u2022<\/span>\n<span lang=\"EN-US\">Enjoy offline mode. Listen to songs without wasting your data.<p><\/p><\/span><\/p>\n<p class=\"MsoNormal\"><span style=\"font-family:\u5b8b\u4f53;mso-ascii-font-family:Calibri;\nmso-ascii-theme-font:minor-latin;mso-fareast-font-family:\u5b8b\u4f53;mso-fareast-theme-font:\nminor-fareast;mso-hansi-font-family:Calibri;mso-hansi-theme-font:minor-latin\">\u2022<\/span>\n<span lang=\"EN-US\">Protect your ears. Premium packs more sound quality into\nsongs.<p><\/p><\/span><\/p>\n<p class=\"MsoNormal\"><span lang=\"EN-US\">2. Why get Spotify Premium apk for Family?<p><\/p><\/span><\/p>\n<p class=\"MsoNormal\"><span style=\"font-family:\u5b8b\u4f53;mso-ascii-font-family:Calibri;\nmso-ascii-theme-font:minor-latin;mso-fareast-font-family:\u5b8b\u4f53;mso-fareast-theme-font:\nminor-fareast;mso-hansi-font-family:Calibri;mso-hansi-theme-font:minor-latin\">\u2022<\/span>\n<span lang=\"EN-US\">Save a lot. Always $14.99, the more people you add, the more\nyou save.<p><\/p><\/span><\/p>\n<p class=\"MsoNormal\"><span style=\"font-family:\u5b8b\u4f53;mso-ascii-font-family:Calibri;\nmso-ascii-theme-font:minor-latin;mso-fareast-font-family:\u5b8b\u4f53;mso-fareast-theme-font:\nminor-fareast;mso-hansi-font-family:Calibri;mso-hansi-theme-font:minor-latin\">\u2022<\/span>\n<span lang=\"EN-US\">Individual accounts. No need to worry about tantrums. <p><\/p><\/span><\/p>\n<p class=\"MsoNormal\"><span style=\"font-family:\u5b8b\u4f53;mso-ascii-font-family:Calibri;\nmso-ascii-theme-font:minor-latin;mso-fareast-font-family:\u5b8b\u4f53;mso-fareast-theme-font:\nminor-fareast;mso-hansi-font-family:Calibri;mso-hansi-theme-font:minor-latin\">\u2022<\/span>\n<span lang=\"EN-US\">Keep your playlists. Upgrade and save your music and get special\nrecommendations.<p><\/p><\/span><\/p>\n<p class=\"MsoNormal\"><span style=\"font-family:\u5b8b\u4f53;mso-ascii-font-family:Calibri;\nmso-ascii-theme-font:minor-latin;mso-fareast-font-family:\u5b8b\u4f53;mso-fareast-theme-font:\nminor-fareast;mso-hansi-font-family:Calibri;mso-hansi-theme-font:minor-latin\">\u2022<\/span>\n<span lang=\"EN-US\">Super simple bill. Low price is ready for you and up to five\nfamily members.<p><\/p><\/span><\/p>\n<p class=\"MsoNormal\"><span lang=\"EN-US\">3. Will we get regular Premium apk, or a\nlight version?<p><\/p><\/span><\/p>\n<p class=\"MsoNormal\"><span lang=\"EN-US\">You will get regular Premium, with all\nPremium benefits. Listen to your tunes on-demand, ad-free and offline.<p><\/p><\/span><\/p>\n<p class=\"MsoNormal\"><span lang=\"EN-US\">4. How does the bill work? Do we split the\ncost?<p><\/p><\/span><\/p>\n<p class=\"MsoNormal\"><span lang=\"EN-US\">Only one simple bill every month to cover\nthe whole family. It\u2019s always $14.99 for you and up to 5 people. For each\nperson, it\u2019s less than $3 every month.<p><\/p><\/span><\/p>\n<p class=\"MsoNormal\"><span lang=\"EN-US\">5. Can I add friends too?<p><\/p><\/span><\/p>\n<p class=\"MsoNormal\">\n\n\n\n\n\n\n\n\n\n\n\n\n\n\n\n\n\n\n\n\n\n\n\n\n\n\n\n\n\n\n\n\n\n\n\n\n\n\n\n\n\n\n\n\n\n\n\n\n\n\n\n\n\n\n\n\n\n\n\n\n\n\n\n<\/p>\n<p class=\"MsoNormal\"><span lang=\"EN-US\">It is special discount for family. So you\nneed to live at the same address.<p><\/p><\/span><\/p>","status_identifier":"active","short_description":"Spotify apk is free on Android mobile and\ntablet. Listen to the amazing music, wherever you are.\u00a0With Spotify, you can:\n\u2022\nHave access to a world of music \n\u2022\nListen to artists and albums. \n\u2022\nCreate you...","current_ratings":4.25,"categories":[{"label":"Music & Audio","value":"music_audio"}],"screenshots":[{"id":1,"image_link":"https:\/\/image.winudf.com\/v2\/image1\/Y29tLnNwb3RpZnkubXVzaWNfc2NyZWVuXzBfMTU1NTQ4NjIxM18wNDY\/screen-0.jpg?fakeurl=1&type=.jpg","preview":"https:\/\/image.winudf.com\/v2\/image1\/Y29tLnNwb3RpZnkubXVzaWNfc2NyZWVuXzBfMTU1NTQ4NjIxM18wNDY\/screen-0.jpg?fakeurl=1&type=.jpg"},{"id":1,"image_link":"https:\/\/image.winudf.com\/v2\/image1\/Y29tLnNwb3RpZnkubXVzaWNfc2NyZWVuXzFfMTU1NTQ4NjIxM18wODc\/screen-1.jpg?fakeurl=1&type=.jpg","preview":"https:\/\/image.winudf.com\/v2\/image1\/Y29tLnNwb3RpZnkubXVzaWNfc2NyZWVuXzFfMTU1NTQ4NjIxM18wODc\/screen-1.jpg?fakeurl=1&type=.jpg"},{"id":1,"image_link":"https:\/\/image.winudf.com\/v2\/image1\/Y29tLnNwb3RpZnkubXVzaWNfc2NyZWVuXzJfMTU1NTQ4NjIxNF8wNTg\/screen-2.jpg?fakeurl=1&type=.jpg","preview":"https:\/\/image.winudf.com\/v2\/image1\/Y29tLnNwb3RpZnkubXVzaWNfc2NyZWVuXzJfMTU1NTQ4NjIxNF8wNTg\/screen-2.jpg?fakeurl=1&type=.jpg"},{"id":1,"image_link":"https:\/\/image.winudf.com\/v2\/image1\/Y29tLnNwb3RpZnkubXVzaWNfc2NyZWVuXzNfMTU1NTQ4NjIxNF8wNTM\/screen-3.jpg?fakeurl=1&type=.jpg","preview":"https:\/\/image.winudf.com\/v2\/image1\/Y29tLnNwb3RpZnkubXVzaWNfc2NyZWVuXzNfMTU1NTQ4NjIxNF8wNTM\/screen-3.jpg?fakeurl=1&type=.jpg"},{"id":1,"image_link":"https:\/\/image.winudf.com\/v2\/image1\/Y29tLnNwb3RpZnkubXVzaWNfc2NyZWVuXzRfMTU1NTQ4NjIxNV8wOTU\/screen-4.jpg?fakeurl=1&type=.jpg","preview":"https:\/\/image.winudf.com\/v2\/image1\/Y29tLnNwb3RpZnkubXVzaWNfc2NyZWVuXzRfMTU1NTQ4NjIxNV8wOTU\/screen-4.jpg?fakeurl=1&type=.jpg"},{"id":1,"image_link":"https:\/\/image.winudf.com\/v2\/image1\/Y29tLnNwb3RpZnkubXVzaWNfc2NyZWVuXzVfMTU1NTQ4NjIxNV8wNTI\/screen-5.jpg?fakeurl=1&type=.jpg","preview":"https:\/\/image.winudf.com\/v2\/image1\/Y29tLnNwb3RpZnkubXVzaWNfc2NyZWVuXzVfMTU1NTQ4NjIxNV8wNTI\/screen-5.jpg?fakeurl=1&type=.jpg"},{"id":1,"image_link":"https:\/\/image.winudf.com\/v2\/image1\/Y29tLnNwb3RpZnkubXVzaWNfc2NyZWVuXzZfMTU1NTQ4NjIxNl8wMzc\/screen-6.jpg?fakeurl=1&type=.jpg","preview":"https:\/\/image.winudf.com\/v2\/image1\/Y29tLnNwb3RpZnkubXVzaWNfc2NyZWVuXzZfMTU1NTQ4NjIxNl8wMzc\/screen-6.jpg?fakeurl=1&type=.jpg"},{"id":1,"image_link":"https:\/\/image.winudf.com\/v2\/image1\/Y29tLnNwb3RpZnkubXVzaWNfc2NyZWVuXzdfMTU1NTQ4NjIxNl8wMTY\/screen-7.jpg?fakeurl=1&type=.jpg","preview":"https:\/\/image.winudf.com\/v2\/image1\/Y29tLnNwb3RpZnkubXVzaWNfc2NyZWVuXzdfMTU1NTQ4NjIxNl8wMTY\/screen-7.jpg?fakeurl=1&type=.jpg"},{"id":1,"image_link":"https:\/\/image.winudf.com\/v2\/image1\/Y29tLnNwb3RpZnkubXVzaWNfc2NyZWVuXzhfMTU1NTQ4NjIxN18wMzM\/screen-8.jpg?fakeurl=1&type=.jpg","preview":"https:\/\/image.winudf.com\/v2\/image1\/Y29tLnNwb3RpZnkubXVzaWNfc2NyZWVuXzhfMTU1NTQ4NjIxN18wMzM\/screen-8.jpg?fakeurl=1&type=.jpg"},{"id":1,"image_link":"https:\/\/image.winudf.com\/v2\/image1\/Y29tLnNwb3RpZnkubXVzaWNfc2NyZWVuXzlfMTU1NTQ4NjIxN18wNzA\/screen-9.jpg?fakeurl=1&type=.jpg","preview":"https:\/\/image.winudf.com\/v2\/image1\/Y29tLnNwb3RpZnkubXVzaWNfc2NyZWVuXzlfMTU1NTQ4NjIxN18wNzA\/screen-9.jpg?fakeurl=1&type=.jpg"},{"id":1,"image_link":"https:\/\/image.winudf.com\/v2\/image1\/Y29tLnNwb3RpZnkubXVzaWNfc2NyZWVuXzEwXzE1NTU0ODYyMThfMDgy\/screen-10.jpg?fakeurl=1&type=.jpg","preview":"https:\/\/image.winudf.com\/v2\/image1\/Y29tLnNwb3RpZnkubXVzaWNfc2NyZWVuXzEwXzE1NTU0ODYyMThfMDgy\/screen-10.jpg?fakeurl=1&type=.jpg"},{"id":1,"image_link":"https:\/\/image.winudf.com\/v2\/image1\/Y29tLnNwb3RpZnkubXVzaWNfc2NyZWVuXzExXzE1NTU0ODYyMThfMDM5\/screen-11.jpg?fakeurl=1&type=.jpg","preview":"https:\/\/image.winudf.com\/v2\/image1\/Y29tLnNwb3RpZnkubXVzaWNfc2NyZWVuXzExXzE1NTU0ODYyMThfMDM5\/screen-11.jpg?fakeurl=1&type=.jpg"},{"id":1,"image_link":"https:\/\/image.winudf.com\/v2\/image1\/Y29tLnNwb3RpZnkubXVzaWNfc2NyZWVuXzEyXzE1NTU0ODYyMThfMDAx\/screen-12.jpg?fakeurl=1&type=.jpg","preview":"https:\/\/image.winudf.com\/v2\/image1\/Y29tLnNwb3RpZnkubXVzaWNfc2NyZWVuXzEyXzE1NTU0ODYyMThfMDAx\/screen-12.jpg?fakeurl=1&type=.jpg"},{"id":1,"image_link":"https:\/\/image.winudf.com\/v2\/image1\/Y29tLnNwb3RpZnkubXVzaWNfc2NyZWVuXzEzXzE1NTU0ODYyMTlfMDUx\/screen-13.jpg?fakeurl=1&type=.jpg","preview":"https:\/\/image.winudf.com\/v2\/image1\/Y29tLnNwb3RpZnkubXVzaWNfc2NyZWVuXzEzXzE1NTU0ODYyMTlfMDUx\/screen-13.jpg?fakeurl=1&type=.jpg"}],"screenshot_previews":[{"id":1,"image_link":"https:\/\/image.winudf.com\/v2\/image1\/Y29tLnNwb3RpZnkubXVzaWNfc2NyZWVuXzBfMTU1NTQ4NjIxM18wNDY\/screen-0.jpg?fakeurl=1&type=.jpg","preview":"https:\/\/image.winudf.com\/v2\/image1\/Y29tLnNwb3RpZnkubXVzaWNfc2NyZWVuXzBfMTU1NTQ4NjIxM18wNDY\/screen-0.jpg?fakeurl=1&type=.jpg"},{"id":1,"image_link":"https:\/\/image.winudf.com\/v2\/image1\/Y29tLnNwb3RpZnkubXVzaWNfc2NyZWVuXzFfMTU1NTQ4NjIxM18wODc\/screen-1.jpg?fakeurl=1&type=.jpg","preview":"https:\/\/image.winudf.com\/v2\/image1\/Y29tLnNwb3RpZnkubXVzaWNfc2NyZWVuXzFfMTU1NTQ4NjIxM18wODc\/screen-1.jpg?fakeurl=1&type=.jpg"},{"id":1,"image_link":"https:\/\/image.winudf.com\/v2\/image1\/Y29tLnNwb3RpZnkubXVzaWNfc2NyZWVuXzJfMTU1NTQ4NjIxNF8wNTg\/screen-2.jpg?fakeurl=1&type=.jpg","preview":"https:\/\/image.winudf.com\/v2\/image1\/Y29tLnNwb3RpZnkubXVzaWNfc2NyZWVuXzJfMTU1NTQ4NjIxNF8wNTg\/screen-2.jpg?fakeurl=1&type=.jpg"},{"id":1,"image_link":"https:\/\/image.winudf.com\/v2\/image1\/Y29tLnNwb3RpZnkubXVzaWNfc2NyZWVuXzNfMTU1NTQ4NjIxNF8wNTM\/screen-3.jpg?fakeurl=1&type=.jpg","preview":"https:\/\/image.winudf.com\/v2\/image1\/Y29tLnNwb3RpZnkubXVzaWNfc2NyZWVuXzNfMTU1NTQ4NjIxNF8wNTM\/screen-3.jpg?fakeurl=1&type=.jpg"},{"id":1,"image_link":"https:\/\/image.winudf.com\/v2\/image1\/Y29tLnNwb3RpZnkubXVzaWNfc2NyZWVuXzRfMTU1NTQ4NjIxNV8wOTU\/screen-4.jpg?fakeurl=1&type=.jpg","preview":"https:\/\/image.winudf.com\/v2\/image1\/Y29tLnNwb3RpZnkubXVzaWNfc2NyZWVuXzRfMTU1NTQ4NjIxNV8wOTU\/screen-4.jpg?fakeurl=1&type=.jpg"},{"id":1,"image_link":"https:\/\/image.winudf.com\/v2\/image1\/Y29tLnNwb3RpZnkubXVzaWNfc2NyZWVuXzVfMTU1NTQ4NjIxNV8wNTI\/screen-5.jpg?fakeurl=1&type=.jpg","preview":"https:\/\/image.winudf.com\/v2\/image1\/Y29tLnNwb3RpZnkubXVzaWNfc2NyZWVuXzVfMTU1NTQ4NjIxNV8wNTI\/screen-5.jpg?fakeurl=1&type=.jpg"},{"id":1,"image_link":"https:\/\/image.winudf.com\/v2\/image1\/Y29tLnNwb3RpZnkubXVzaWNfc2NyZWVuXzZfMTU1NTQ4NjIxNl8wMzc\/screen-6.jpg?fakeurl=1&type=.jpg","preview":"https:\/\/image.winudf.com\/v2\/image1\/Y29tLnNwb3RpZnkubXVzaWNfc2NyZWVuXzZfMTU1NTQ4NjIxNl8wMzc\/screen-6.jpg?fakeurl=1&type=.jpg"},{"id":1,"image_link":"https:\/\/image.winudf.com\/v2\/image1\/Y29tLnNwb3RpZnkubXVzaWNfc2NyZWVuXzdfMTU1NTQ4NjIxNl8wMTY\/screen-7.jpg?fakeurl=1&type=.jpg","preview":"https:\/\/image.winudf.com\/v2\/image1\/Y29tLnNwb3RpZnkubXVzaWNfc2NyZWVuXzdfMTU1NTQ4NjIxNl8wMTY\/screen-7.jpg?fakeurl=1&type=.jpg"},{"id":1,"image_link":"https:\/\/image.winudf.com\/v2\/image1\/Y29tLnNwb3RpZnkubXVzaWNfc2NyZWVuXzhfMTU1NTQ4NjIxN18wMzM\/screen-8.jpg?fakeurl=1&type=.jpg","preview":"https:\/\/image.winudf.com\/v2\/image1\/Y29tLnNwb3RpZnkubXVzaWNfc2NyZWVuXzhfMTU1NTQ4NjIxN18wMzM\/screen-8.jpg?fakeurl=1&type=.jpg"},{"id":1,"image_link":"https:\/\/image.winudf.com\/v2\/image1\/Y29tLnNwb3RpZnkubXVzaWNfc2NyZWVuXzlfMTU1NTQ4NjIxN18wNzA\/screen-9.jpg?fakeurl=1&type=.jpg","preview":"https:\/\/image.winudf.com\/v2\/image1\/Y29tLnNwb3RpZnkubXVzaWNfc2NyZWVuXzlfMTU1NTQ4NjIxN18wNzA\/screen-9.jpg?fakeurl=1&type=.jpg"},{"id":1,"image_link":"https:\/\/image.winudf.com\/v2\/image1\/Y29tLnNwb3RpZnkubXVzaWNfc2NyZWVuXzEwXzE1NTU0ODYyMThfMDgy\/screen-10.jpg?fakeurl=1&type=.jpg","preview":"https:\/\/image.winudf.com\/v2\/image1\/Y29tLnNwb3RpZnkubXVzaWNfc2NyZWVuXzEwXzE1NTU0ODYyMThfMDgy\/screen-10.jpg?fakeurl=1&type=.jpg"},{"id":1,"image_link":"https:\/\/image.winudf.com\/v2\/image1\/Y29tLnNwb3RpZnkubXVzaWNfc2NyZWVuXzExXzE1NTU0ODYyMThfMDM5\/screen-11.jpg?fakeurl=1&type=.jpg","preview":"https:\/\/image.winudf.com\/v2\/image1\/Y29tLnNwb3RpZnkubXVzaWNfc2NyZWVuXzExXzE1NTU0ODYyMThfMDM5\/screen-11.jpg?fakeurl=1&type=.jpg"},{"id":1,"image_link":"https:\/\/image.winudf.com\/v2\/image1\/Y29tLnNwb3RpZnkubXVzaWNfc2NyZWVuXzEyXzE1NTU0ODYyMThfMDAx\/screen-12.jpg?fakeurl=1&type=.jpg","preview":"https:\/\/image.winudf.com\/v2\/image1\/Y29tLnNwb3RpZnkubXVzaWNfc2NyZWVuXzEyXzE1NTU0ODYyMThfMDAx\/screen-12.jpg?fakeurl=1&type=.jpg"},{"id":1,"image_link":"https:\/\/image.winudf.com\/v2\/image1\/Y29tLnNwb3RpZnkubXVzaWNfc2NyZWVuXzEzXzE1NTU0ODYyMTlfMDUx\/screen-13.jpg?fakeurl=1&type=.jpg","preview":"https:\/\/image.winudf.com\/v2\/image1\/Y29tLnNwb3RpZnkubXVzaWNfc2NyZWVuXzEzXzE1NTU0ODYyMTlfMDUx\/screen-13.jpg?fakeurl=1&type=.jpg"}],"total_ratings":1764266,"developer":"Spotify Ltd.","developer_url":"https:\/\/play.google.com\/store\/apps\/developer?id=Spotify Ltd.","tags":["Music &amp; Audio"],"versions":[{"identifier":"8.5.10.774","download_link":"https:\/\/apkpure.com\/spotify-music\/com.spotify.music\/download?from=details","is_link_external":1}],"more_details":[{"title":"Latest Version","identifier":"latest_version","value":"8.5.10.774 "},{"title":"Publish Date","identifier":"published_date","value":"2019-06-18"},{"title":"Requirement","identifier":"required_android","value":"Android 4.1+"}],"seo_title":"Spotify","seo_keyword":"Spotify Music apk, Spotify Music apk download, Spotify Music download, Spotify premium.apk, Spotify Music android, spotify apk, spotify premium apk, spotify android, spotify premium android","seo_description":"Download Spotify Music apk 8.5.10.774 for Android. Spotify Premium apk gives you instant access to millions of songs on your Android device."}