{"app_id":"com.glu.modwarsniper","value":"com.glu.modwarsniper","title":"FRONTLINE COMMANDO","label":"FRONTLINE COMMANDO","slug":"frontline-commando","app_image_url":"https:\/\/image.winudf.com\/v2\/image\/Y29tLmdsdS5tb2R3YXJzbmlwZXJfaWNvbl8xNTI2MDE3Mjc3XzA3Mw\/icon.png?w=170&fakeurl=1","app_link":"https:\/\/play.google.com\/store\/apps\/details?id=com.glu.modwarsniper","description":"ONE MAN. ONE WAR. YOU ARE THE FRONTLINE COMMANDO.<br><br>As the sole surviving Commando of a renegade attack against a ruthless dictator, you are stranded on the frontline and hell-bent on payback. You must use all of your specialized skills to survive the onslaught of the enemy forces and avenge your fallen soldiers.    <br><br>SEE AND FEEL THE ACTION <br>The ultimate 3rd person shooter with stunning console quality visuals, precise controls, advanced physics and destructibles. Jump in the heat of battle and push your Android device to the limit!<br><br>COMPLETE DEADLY MISSIONS<br>Emerge from destructible cover points to take down helicopters, jeeps and heavily defended enemy bases. Fight off increasingly difficult waves of enemies over a variety of combat mission types.<br><br>COMMAND AN ARSENAL OF DEADLY WEAPONS<br>Take to the frontline with an artillery of assault rifles, sniper rifles, shotguns, rocket launchers, med kits, armor and more!<br><br>PLEASE NOTE:<br>- This game is free to play, but you can choose to pay real money for some extra items, which will charge your Google account. You can disable in-app purchasing by adjusting your device settings.<br>-This game is not intended for children.<br>- Please buy carefully.<br>- Advertising appears in this game.<br>- This game may permit users to interact with one another (e.g., chat rooms, player to player chat, messaging) depending on the availability of these features. Linking to social networking sites are not intended for persons in violation of the applicable rules of such social networking sites.<br>- A network connection is required to play.<br>- For information about how Glu collects and uses your data, please read our privacy policy at: www.Glu.com\/privacy<br>- If you have a problem with this game, please use the game\u2019s \u201cHelp\u201d feature.  <br><br>FOLLOW US at<br>Twitter @glumobile<br>facebook.com\/glumobile","status_identifier":"active","short_description":"ONE MAN. ONE WAR. YOU ARE THE FRONTLINE COMMANDO.As the sole surviving Commando of a renegade attack against a ruthless dictator, you are stranded on the frontline and hell-bent on payback. You must u...","current_ratings":4.35,"categories":[{"label":"Action","value":"action"}],"screenshots":[{"id":1,"image_link":"javascript:void(0)","preview":"javascript:void(0)"},{"id":1,"image_link":"https:\/\/image.winudf.com\/v2\/image\/Y29tLmdsdS5tb2R3YXJzbmlwZXJfc2NyZWVuXzBfMTUyNjAxNzI3OV8wMzM\/screen-0.jpg?fakeurl=1&type=.jpg","preview":"https:\/\/image.winudf.com\/v2\/image\/Y29tLmdsdS5tb2R3YXJzbmlwZXJfc2NyZWVuXzBfMTUyNjAxNzI3OV8wMzM\/screen-0.jpg?fakeurl=1&type=.jpg"},{"id":1,"image_link":"https:\/\/image.winudf.com\/v2\/image\/Y29tLmdsdS5tb2R3YXJzbmlwZXJfc2NyZWVuXzFfMTUyNjAxNzI3OV8wMjQ\/screen-1.jpg?fakeurl=1&type=.jpg","preview":"https:\/\/image.winudf.com\/v2\/image\/Y29tLmdsdS5tb2R3YXJzbmlwZXJfc2NyZWVuXzFfMTUyNjAxNzI3OV8wMjQ\/screen-1.jpg?fakeurl=1&type=.jpg"},{"id":1,"image_link":"https:\/\/image.winudf.com\/v2\/image\/Y29tLmdsdS5tb2R3YXJzbmlwZXJfc2NyZWVuXzJfMTUyNjAxNzI3OV8wNTY\/screen-2.jpg?fakeurl=1&type=.jpg","preview":"https:\/\/image.winudf.com\/v2\/image\/Y29tLmdsdS5tb2R3YXJzbmlwZXJfc2NyZWVuXzJfMTUyNjAxNzI3OV8wNTY\/screen-2.jpg?fakeurl=1&type=.jpg"},{"id":1,"image_link":"https:\/\/image.winudf.com\/v2\/image\/Y29tLmdsdS5tb2R3YXJzbmlwZXJfc2NyZWVuXzNfMTUyNjAxNzI4MF8wMDk\/screen-3.jpg?fakeurl=1&type=.jpg","preview":"https:\/\/image.winudf.com\/v2\/image\/Y29tLmdsdS5tb2R3YXJzbmlwZXJfc2NyZWVuXzNfMTUyNjAxNzI4MF8wMDk\/screen-3.jpg?fakeurl=1&type=.jpg"},{"id":1,"image_link":"https:\/\/image.winudf.com\/v2\/image\/Y29tLmdsdS5tb2R3YXJzbmlwZXJfc2NyZWVuXzRfMTUyNjAxNzI4MV8wMjI\/screen-4.jpg?fakeurl=1&type=.jpg","preview":"https:\/\/image.winudf.com\/v2\/image\/Y29tLmdsdS5tb2R3YXJzbmlwZXJfc2NyZWVuXzRfMTUyNjAxNzI4MV8wMjI\/screen-4.jpg?fakeurl=1&type=.jpg"},{"id":1,"image_link":"https:\/\/image.winudf.com\/v2\/image\/Y29tLmdsdS5tb2R3YXJzbmlwZXJfc2NyZWVuXzVfMTUyNjAxNzI4MV8wOTg\/screen-5.jpg?fakeurl=1&type=.jpg","preview":"https:\/\/image.winudf.com\/v2\/image\/Y29tLmdsdS5tb2R3YXJzbmlwZXJfc2NyZWVuXzVfMTUyNjAxNzI4MV8wOTg\/screen-5.jpg?fakeurl=1&type=.jpg"},{"id":1,"image_link":"https:\/\/image.winudf.com\/v2\/image\/Y29tLmdsdS5tb2R3YXJzbmlwZXJfc2NyZWVuXzZfMTUyNjAxNzI4Ml8wNDc\/screen-6.jpg?fakeurl=1&type=.jpg","preview":"https:\/\/image.winudf.com\/v2\/image\/Y29tLmdsdS5tb2R3YXJzbmlwZXJfc2NyZWVuXzZfMTUyNjAxNzI4Ml8wNDc\/screen-6.jpg?fakeurl=1&type=.jpg"},{"id":1,"image_link":"https:\/\/image.winudf.com\/v2\/image\/Y29tLmdsdS5tb2R3YXJzbmlwZXJfc2NyZWVuXzdfMTUyNjAxNzI4Nl8wODY\/screen-7.jpg?fakeurl=1&type=.jpg","preview":"https:\/\/image.winudf.com\/v2\/image\/Y29tLmdsdS5tb2R3YXJzbmlwZXJfc2NyZWVuXzdfMTUyNjAxNzI4Nl8wODY\/screen-7.jpg?fakeurl=1&type=.jpg"},{"id":1,"image_link":"https:\/\/image.winudf.com\/v2\/image\/Y29tLmdsdS5tb2R3YXJzbmlwZXJfc2NyZWVuXzhfMTUyNjAxNzI4N18wOTU\/screen-8.jpg?fakeurl=1&type=.jpg","preview":"https:\/\/image.winudf.com\/v2\/image\/Y29tLmdsdS5tb2R3YXJzbmlwZXJfc2NyZWVuXzhfMTUyNjAxNzI4N18wOTU\/screen-8.jpg?fakeurl=1&type=.jpg"},{"id":1,"image_link":"https:\/\/image.winudf.com\/v2\/image\/Y29tLmdsdS5tb2R3YXJzbmlwZXJfc2NyZWVuXzlfMTUyNjAxNzI4OF8wOTA\/screen-9.jpg?fakeurl=1&type=.jpg","preview":"https:\/\/image.winudf.com\/v2\/image\/Y29tLmdsdS5tb2R3YXJzbmlwZXJfc2NyZWVuXzlfMTUyNjAxNzI4OF8wOTA\/screen-9.jpg?fakeurl=1&type=.jpg"},{"id":1,"image_link":"https:\/\/image.winudf.com\/v2\/image\/Y29tLmdsdS5tb2R3YXJzbmlwZXJfc2NyZWVuXzEwXzE1MjYwMTcyODlfMDI3\/screen-10.jpg?fakeurl=1&type=.jpg","preview":"https:\/\/image.winudf.com\/v2\/image\/Y29tLmdsdS5tb2R3YXJzbmlwZXJfc2NyZWVuXzEwXzE1MjYwMTcyODlfMDI3\/screen-10.jpg?fakeurl=1&type=.jpg"},{"id":1,"image_link":"https:\/\/image.winudf.com\/v2\/image\/Y29tLmdsdS5tb2R3YXJzbmlwZXJfc2NyZWVuXzExXzE1MjYwMTcyODlfMDgy\/screen-11.jpg?fakeurl=1&type=.jpg","preview":"https:\/\/image.winudf.com\/v2\/image\/Y29tLmdsdS5tb2R3YXJzbmlwZXJfc2NyZWVuXzExXzE1MjYwMTcyODlfMDgy\/screen-11.jpg?fakeurl=1&type=.jpg"}],"screenshot_previews":[{"id":1,"image_link":"javascript:void(0)","preview":"javascript:void(0)"},{"id":1,"image_link":"https:\/\/image.winudf.com\/v2\/image\/Y29tLmdsdS5tb2R3YXJzbmlwZXJfc2NyZWVuXzBfMTUyNjAxNzI3OV8wMzM\/screen-0.jpg?fakeurl=1&type=.jpg","preview":"https:\/\/image.winudf.com\/v2\/image\/Y29tLmdsdS5tb2R3YXJzbmlwZXJfc2NyZWVuXzBfMTUyNjAxNzI3OV8wMzM\/screen-0.jpg?fakeurl=1&type=.jpg"},{"id":1,"image_link":"https:\/\/image.winudf.com\/v2\/image\/Y29tLmdsdS5tb2R3YXJzbmlwZXJfc2NyZWVuXzFfMTUyNjAxNzI3OV8wMjQ\/screen-1.jpg?fakeurl=1&type=.jpg","preview":"https:\/\/image.winudf.com\/v2\/image\/Y29tLmdsdS5tb2R3YXJzbmlwZXJfc2NyZWVuXzFfMTUyNjAxNzI3OV8wMjQ\/screen-1.jpg?fakeurl=1&type=.jpg"},{"id":1,"image_link":"https:\/\/image.winudf.com\/v2\/image\/Y29tLmdsdS5tb2R3YXJzbmlwZXJfc2NyZWVuXzJfMTUyNjAxNzI3OV8wNTY\/screen-2.jpg?fakeurl=1&type=.jpg","preview":"https:\/\/image.winudf.com\/v2\/image\/Y29tLmdsdS5tb2R3YXJzbmlwZXJfc2NyZWVuXzJfMTUyNjAxNzI3OV8wNTY\/screen-2.jpg?fakeurl=1&type=.jpg"},{"id":1,"image_link":"https:\/\/image.winudf.com\/v2\/image\/Y29tLmdsdS5tb2R3YXJzbmlwZXJfc2NyZWVuXzNfMTUyNjAxNzI4MF8wMDk\/screen-3.jpg?fakeurl=1&type=.jpg","preview":"https:\/\/image.winudf.com\/v2\/image\/Y29tLmdsdS5tb2R3YXJzbmlwZXJfc2NyZWVuXzNfMTUyNjAxNzI4MF8wMDk\/screen-3.jpg?fakeurl=1&type=.jpg"},{"id":1,"image_link":"https:\/\/image.winudf.com\/v2\/image\/Y29tLmdsdS5tb2R3YXJzbmlwZXJfc2NyZWVuXzRfMTUyNjAxNzI4MV8wMjI\/screen-4.jpg?fakeurl=1&type=.jpg","preview":"https:\/\/image.winudf.com\/v2\/image\/Y29tLmdsdS5tb2R3YXJzbmlwZXJfc2NyZWVuXzRfMTUyNjAxNzI4MV8wMjI\/screen-4.jpg?fakeurl=1&type=.jpg"},{"id":1,"image_link":"https:\/\/image.winudf.com\/v2\/image\/Y29tLmdsdS5tb2R3YXJzbmlwZXJfc2NyZWVuXzVfMTUyNjAxNzI4MV8wOTg\/screen-5.jpg?fakeurl=1&type=.jpg","preview":"https:\/\/image.winudf.com\/v2\/image\/Y29tLmdsdS5tb2R3YXJzbmlwZXJfc2NyZWVuXzVfMTUyNjAxNzI4MV8wOTg\/screen-5.jpg?fakeurl=1&type=.jpg"},{"id":1,"image_link":"https:\/\/image.winudf.com\/v2\/image\/Y29tLmdsdS5tb2R3YXJzbmlwZXJfc2NyZWVuXzZfMTUyNjAxNzI4Ml8wNDc\/screen-6.jpg?fakeurl=1&type=.jpg","preview":"https:\/\/image.winudf.com\/v2\/image\/Y29tLmdsdS5tb2R3YXJzbmlwZXJfc2NyZWVuXzZfMTUyNjAxNzI4Ml8wNDc\/screen-6.jpg?fakeurl=1&type=.jpg"},{"id":1,"image_link":"https:\/\/image.winudf.com\/v2\/image\/Y29tLmdsdS5tb2R3YXJzbmlwZXJfc2NyZWVuXzdfMTUyNjAxNzI4Nl8wODY\/screen-7.jpg?fakeurl=1&type=.jpg","preview":"https:\/\/image.winudf.com\/v2\/image\/Y29tLmdsdS5tb2R3YXJzbmlwZXJfc2NyZWVuXzdfMTUyNjAxNzI4Nl8wODY\/screen-7.jpg?fakeurl=1&type=.jpg"},{"id":1,"image_link":"https:\/\/image.winudf.com\/v2\/image\/Y29tLmdsdS5tb2R3YXJzbmlwZXJfc2NyZWVuXzhfMTUyNjAxNzI4N18wOTU\/screen-8.jpg?fakeurl=1&type=.jpg","preview":"https:\/\/image.winudf.com\/v2\/image\/Y29tLmdsdS5tb2R3YXJzbmlwZXJfc2NyZWVuXzhfMTUyNjAxNzI4N18wOTU\/screen-8.jpg?fakeurl=1&type=.jpg"},{"id":1,"image_link":"https:\/\/image.winudf.com\/v2\/image\/Y29tLmdsdS5tb2R3YXJzbmlwZXJfc2NyZWVuXzlfMTUyNjAxNzI4OF8wOTA\/screen-9.jpg?fakeurl=1&type=.jpg","preview":"https:\/\/image.winudf.com\/v2\/image\/Y29tLmdsdS5tb2R3YXJzbmlwZXJfc2NyZWVuXzlfMTUyNjAxNzI4OF8wOTA\/screen-9.jpg?fakeurl=1&type=.jpg"},{"id":1,"image_link":"https:\/\/image.winudf.com\/v2\/image\/Y29tLmdsdS5tb2R3YXJzbmlwZXJfc2NyZWVuXzEwXzE1MjYwMTcyODlfMDI3\/screen-10.jpg?fakeurl=1&type=.jpg","preview":"https:\/\/image.winudf.com\/v2\/image\/Y29tLmdsdS5tb2R3YXJzbmlwZXJfc2NyZWVuXzEwXzE1MjYwMTcyODlfMDI3\/screen-10.jpg?fakeurl=1&type=.jpg"},{"id":1,"image_link":"https:\/\/image.winudf.com\/v2\/image\/Y29tLmdsdS5tb2R3YXJzbmlwZXJfc2NyZWVuXzExXzE1MjYwMTcyODlfMDgy\/screen-11.jpg?fakeurl=1&type=.jpg","preview":"https:\/\/image.winudf.com\/v2\/image\/Y29tLmdsdS5tb2R3YXJzbmlwZXJfc2NyZWVuXzExXzE1MjYwMTcyODlfMDgy\/screen-11.jpg?fakeurl=1&type=.jpg"}],"total_ratings":188030,"developer":"Glu","developer_url":"https:\/\/play.google.com\/store\/apps\/developer?id=Glu","tags":["Action"],"versions":[{"identifier":"3.0.3","download_link":"https:\/\/apkpure.com\/frontline-commando\/com.glu.modwarsniper\/download?from=details","is_link_external":1}],"more_details":[{"title":"Latest Version","identifier":"latest_version","value":"3.0.3 "},{"title":"Publish Date","identifier":"published_date","value":"2013-10-28"},{"title":"Requirement","identifier":"required_android","value":"Android 2.1+"}],"seo_title":"FRONTLINE COMMANDO","seo_keyword":"FRONTLINE COMMANDO, FRONTLINE COMMANDO for android, FRONTLINE COMMANDO android download, FRONTLINE COMMANDO apk, FRONTLINE COMMANDO android apk, FRONTLINE COMMANDO download","seo_description":"Download FRONTLINE COMMANDO apk 3.0.3 for Android. ONE MAN. ONE WAR. YOU ARE THE FRONTLINE COMMANDO."}