{"app_id":"com.facebook.orca","value":"com.facebook.orca","title":"Messenger","label":"Messenger","slug":"messenger","app_image_url":"https:\/\/image.winudf.com\/v2\/image1\/Y29tLmZhY2Vib29rLm9yY2FfaWNvbl8xNTU1NDY0Nzc5XzAxNQ\/icon.png?w=170&fakeurl=1","app_link":"https:\/\/play.google.com\/store\/apps\/details?id=com.facebook.orca","description":"Be together whenever with a simple way to text, video chat and rally the group.<br><br>* SEND A MESSAGE -Skip exchanging phone numbers, just send a message. It's seamless across devices.<br>* CUT DOWN GLARE WITH DARK MODE. Dark mode is a sleek new look that goes easy on the eyes by switching the background from white to black.<br>* SHOW YOUR REACTION - Add a silly sticker, send a dancing GIF and use emojis to express yourself better.<br>* SHARE PHOTOS AND VIDEOS - Capture the moment with the Messenger Camera, add a filter or doodle, then send to friends or share to Stories.<br>* RALLY THE GROUP - Make plans to get together with polls, share your location, split the bill and more.<br>* HOP ON A CALL OR VIDEO CHAT - Hang out anywhere, anytime by getting on call or a group video** chat \u2014 filters optional :) **Calls are free over Wi-Fi but otherwise standard data charges apply.<br>* SEND A VOICE MESSAGE - When text just won't cut it, just hit record and send say, sing or shout it out loud.<br>* SEND MONEY SECURELY AND EASILY (within US, UK and France only) - Send and receive money from friends in the app by adding your debit card or PayPal* account. *PayPal available in the US only.<br>* SHARE YOUR LOCATION - Suggest a meeting spot or tell friends where you are by sharing your location with just a few taps.<br>* CHAT WITH BUSINESSES - Easily connect with your favorite businesses to make reservations, get customer support, find deals and more.<br>* PLAY GAMES WITH FRIENDS - Challenge friends, climb leaderboards, and discover your next gaming obsession.<br>* BRING SMS INTO MESSENGER - No need to open multiple apps to stay in touch. Use one app for SMS and Messenger.","status_identifier":"active","short_description":"Be together whenever with a simple way to text, video chat and rally the group.* SEND A MESSAGE -Skip exchanging phone numbers, just send a message. It's seamless across devices.* CUT DOWN GLARE WITH...","current_ratings":4.45,"categories":[{"label":"Communication","value":"communication"}],"screenshots":[{"id":1,"image_link":"https:\/\/image.winudf.com\/v2\/image1\/Y29tLmZhY2Vib29rLm9yY2Ffc2NyZWVuXzBfMTU1OTIwMDkyN18wMzQ\/screen-0.jpg?fakeurl=1&type=.jpg","preview":"https:\/\/image.winudf.com\/v2\/image1\/Y29tLmZhY2Vib29rLm9yY2Ffc2NyZWVuXzBfMTU1OTIwMDkyN18wMzQ\/screen-0.jpg?fakeurl=1&type=.jpg"},{"id":1,"image_link":"https:\/\/image.winudf.com\/v2\/image1\/Y29tLmZhY2Vib29rLm9yY2Ffc2NyZWVuXzFfMTU1OTIwMDkyOF8wNjY\/screen-1.jpg?fakeurl=1&type=.jpg","preview":"https:\/\/image.winudf.com\/v2\/image1\/Y29tLmZhY2Vib29rLm9yY2Ffc2NyZWVuXzFfMTU1OTIwMDkyOF8wNjY\/screen-1.jpg?fakeurl=1&type=.jpg"},{"id":1,"image_link":"https:\/\/image.winudf.com\/v2\/image1\/Y29tLmZhY2Vib29rLm9yY2Ffc2NyZWVuXzJfMTU1OTIwMDkyOF8wMDQ\/screen-2.jpg?fakeurl=1&type=.jpg","preview":"https:\/\/image.winudf.com\/v2\/image1\/Y29tLmZhY2Vib29rLm9yY2Ffc2NyZWVuXzJfMTU1OTIwMDkyOF8wMDQ\/screen-2.jpg?fakeurl=1&type=.jpg"},{"id":1,"image_link":"https:\/\/image.winudf.com\/v2\/image1\/Y29tLmZhY2Vib29rLm9yY2Ffc2NyZWVuXzNfMTU1OTIwMDkyOF8wMDM\/screen-3.jpg?fakeurl=1&type=.jpg","preview":"https:\/\/image.winudf.com\/v2\/image1\/Y29tLmZhY2Vib29rLm9yY2Ffc2NyZWVuXzNfMTU1OTIwMDkyOF8wMDM\/screen-3.jpg?fakeurl=1&type=.jpg"},{"id":1,"image_link":"https:\/\/image.winudf.com\/v2\/image1\/Y29tLmZhY2Vib29rLm9yY2Ffc2NyZWVuXzRfMTU1OTIwMDkyOV8wNzY\/screen-4.jpg?fakeurl=1&type=.jpg","preview":"https:\/\/image.winudf.com\/v2\/image1\/Y29tLmZhY2Vib29rLm9yY2Ffc2NyZWVuXzRfMTU1OTIwMDkyOV8wNzY\/screen-4.jpg?fakeurl=1&type=.jpg"},{"id":1,"image_link":"https:\/\/image.winudf.com\/v2\/image1\/Y29tLmZhY2Vib29rLm9yY2Ffc2NyZWVuXzVfMTU1OTIwMDkyOV8wMDc\/screen-5.jpg?fakeurl=1&type=.jpg","preview":"https:\/\/image.winudf.com\/v2\/image1\/Y29tLmZhY2Vib29rLm9yY2Ffc2NyZWVuXzVfMTU1OTIwMDkyOV8wMDc\/screen-5.jpg?fakeurl=1&type=.jpg"},{"id":1,"image_link":"https:\/\/image.winudf.com\/v2\/image1\/Y29tLmZhY2Vib29rLm9yY2Ffc2NyZWVuXzZfMTU1OTIwMDkyOV8wNjA\/screen-6.jpg?fakeurl=1&type=.jpg","preview":"https:\/\/image.winudf.com\/v2\/image1\/Y29tLmZhY2Vib29rLm9yY2Ffc2NyZWVuXzZfMTU1OTIwMDkyOV8wNjA\/screen-6.jpg?fakeurl=1&type=.jpg"},{"id":1,"image_link":"https:\/\/image.winudf.com\/v2\/image1\/Y29tLmZhY2Vib29rLm9yY2Ffc2NyZWVuXzdfMTU1OTIwMDkzMF8wNTA\/screen-7.jpg?fakeurl=1&type=.jpg","preview":"https:\/\/image.winudf.com\/v2\/image1\/Y29tLmZhY2Vib29rLm9yY2Ffc2NyZWVuXzdfMTU1OTIwMDkzMF8wNTA\/screen-7.jpg?fakeurl=1&type=.jpg"}],"screenshot_previews":[{"id":1,"image_link":"https:\/\/image.winudf.com\/v2\/image1\/Y29tLmZhY2Vib29rLm9yY2Ffc2NyZWVuXzBfMTU1OTIwMDkyN18wMzQ\/screen-0.jpg?fakeurl=1&type=.jpg","preview":"https:\/\/image.winudf.com\/v2\/image1\/Y29tLmZhY2Vib29rLm9yY2Ffc2NyZWVuXzBfMTU1OTIwMDkyN18wMzQ\/screen-0.jpg?fakeurl=1&type=.jpg"},{"id":1,"image_link":"https:\/\/image.winudf.com\/v2\/image1\/Y29tLmZhY2Vib29rLm9yY2Ffc2NyZWVuXzFfMTU1OTIwMDkyOF8wNjY\/screen-1.jpg?fakeurl=1&type=.jpg","preview":"https:\/\/image.winudf.com\/v2\/image1\/Y29tLmZhY2Vib29rLm9yY2Ffc2NyZWVuXzFfMTU1OTIwMDkyOF8wNjY\/screen-1.jpg?fakeurl=1&type=.jpg"},{"id":1,"image_link":"https:\/\/image.winudf.com\/v2\/image1\/Y29tLmZhY2Vib29rLm9yY2Ffc2NyZWVuXzJfMTU1OTIwMDkyOF8wMDQ\/screen-2.jpg?fakeurl=1&type=.jpg","preview":"https:\/\/image.winudf.com\/v2\/image1\/Y29tLmZhY2Vib29rLm9yY2Ffc2NyZWVuXzJfMTU1OTIwMDkyOF8wMDQ\/screen-2.jpg?fakeurl=1&type=.jpg"},{"id":1,"image_link":"https:\/\/image.winudf.com\/v2\/image1\/Y29tLmZhY2Vib29rLm9yY2Ffc2NyZWVuXzNfMTU1OTIwMDkyOF8wMDM\/screen-3.jpg?fakeurl=1&type=.jpg","preview":"https:\/\/image.winudf.com\/v2\/image1\/Y29tLmZhY2Vib29rLm9yY2Ffc2NyZWVuXzNfMTU1OTIwMDkyOF8wMDM\/screen-3.jpg?fakeurl=1&type=.jpg"},{"id":1,"image_link":"https:\/\/image.winudf.com\/v2\/image1\/Y29tLmZhY2Vib29rLm9yY2Ffc2NyZWVuXzRfMTU1OTIwMDkyOV8wNzY\/screen-4.jpg?fakeurl=1&type=.jpg","preview":"https:\/\/image.winudf.com\/v2\/image1\/Y29tLmZhY2Vib29rLm9yY2Ffc2NyZWVuXzRfMTU1OTIwMDkyOV8wNzY\/screen-4.jpg?fakeurl=1&type=.jpg"},{"id":1,"image_link":"https:\/\/image.winudf.com\/v2\/image1\/Y29tLmZhY2Vib29rLm9yY2Ffc2NyZWVuXzVfMTU1OTIwMDkyOV8wMDc\/screen-5.jpg?fakeurl=1&type=.jpg","preview":"https:\/\/image.winudf.com\/v2\/image1\/Y29tLmZhY2Vib29rLm9yY2Ffc2NyZWVuXzVfMTU1OTIwMDkyOV8wMDc\/screen-5.jpg?fakeurl=1&type=.jpg"},{"id":1,"image_link":"https:\/\/image.winudf.com\/v2\/image1\/Y29tLmZhY2Vib29rLm9yY2Ffc2NyZWVuXzZfMTU1OTIwMDkyOV8wNjA\/screen-6.jpg?fakeurl=1&type=.jpg","preview":"https:\/\/image.winudf.com\/v2\/image1\/Y29tLmZhY2Vib29rLm9yY2Ffc2NyZWVuXzZfMTU1OTIwMDkyOV8wNjA\/screen-6.jpg?fakeurl=1&type=.jpg"},{"id":1,"image_link":"https:\/\/image.winudf.com\/v2\/image1\/Y29tLmZhY2Vib29rLm9yY2Ffc2NyZWVuXzdfMTU1OTIwMDkzMF8wNTA\/screen-7.jpg?fakeurl=1&type=.jpg","preview":"https:\/\/image.winudf.com\/v2\/image1\/Y29tLmZhY2Vib29rLm9yY2Ffc2NyZWVuXzdfMTU1OTIwMDkzMF8wNTA\/screen-7.jpg?fakeurl=1&type=.jpg"}],"total_ratings":299469,"developer":"Facebook","developer_url":"https:\/\/play.google.com\/store\/apps\/developer?id=Facebook","tags":["facebook messenger","messenger","Communication","video downloader"],"versions":[{"identifier":"220.0.0.20.121","download_link":"https:\/\/apkpure.com\/facebook-messenger\/com.facebook.orca\/download?from=details","is_link_external":1}],"more_details":[{"title":"Latest Version","identifier":"latest_version","value":"220.0.0.20.121 "},{"title":"Publish Date","identifier":"published_date","value":"2019-06-18"},{"title":"Requirement","identifier":"required_android","value":"Android 5.0+"}],"seo_title":"Messenger","seo_keyword":"Messenger, Messenger for android, Messenger android download, Messenger apk, Messenger android apk, Messenger download","seo_description":"Download Messenger apk 220.0.0.20.121 for Android. Be together whenever with a simple way to text, video chat and rally the group."}