{"app_id":"com.game.JewelsStar","value":"com.game.JewelsStar","title":"Jewels Star","label":"Jewels Star","slug":"jewels-star","app_image_url":"https:\/\/image.winudf.com\/v2\/image\/Y29tLmdhbWUuSmV3ZWxzU3Rhcl9pY29uXzE1MjU3MjY2MTJfMDc1\/icon.png?w=170&fakeurl=1","app_link":"https:\/\/play.google.com\/store\/apps\/details?id=com.game.JewelsStar","description":"Another classic Match-3 game launch on Android Market.<br>Your mission is to win Jewels Star, pass the levels and try to get all stars in each level.<br><br>How to play:<br>1: Match 3 or more identical jewels.<br>2: Match the jewels until the board transparency,the Jewels star will appear.<br>3: Make the jewels star down to last line to pass the level.<br>Tips: Eliminate the jewels quickly can get extra scores.<br><br>Features:<br>- More than 350 levels and 8 pretty scenes in the game, including starry sky,mountains,snow world and so on.<br>- Match 4 jewels can win the jewel's bomb and 1 lighting.<br>- Match 5 jewels can win color-changing jewels and 2 lightings.<br>- Eliminate 20 jewels continuous can win 1 lighting.<br>- The jeweled bomb can eliminate the jewels around.<br>- The Color-changing jewel can eliminate to any other colored jewel.<br>- The Timing Jewel can extend the playing time.<br>- The lightning Jewel can eliminate jewels in one row.<br>- For the chained jewel,you can eliminate the jewels around to unlock it.<br>- For the frozen jewel,you can eliminate the jewels around to release it.","status_identifier":"active","short_description":"Another classic Match-3 game launch on Android Market.Your mission is to win Jewels Star, pass the levels and try to get all stars in each level.How to play:1: Match 3 or more identical jewels.2: Matc...","current_ratings":4.35,"categories":[{"label":"Casual","value":"casual"}],"screenshots":[{"id":1,"image_link":"https:\/\/image.winudf.com\/v2\/image\/Y29tLmdhbWUuSmV3ZWxzU3Rhcl9zY3JlZW5fMF8xNTI1NzI2NjEyXzA1OA\/screen-0.jpg?fakeurl=1&type=.jpg","preview":"https:\/\/image.winudf.com\/v2\/image\/Y29tLmdhbWUuSmV3ZWxzU3Rhcl9zY3JlZW5fMF8xNTI1NzI2NjEyXzA1OA\/screen-0.jpg?fakeurl=1&type=.jpg"},{"id":1,"image_link":"https:\/\/image.winudf.com\/v2\/image\/Y29tLmdhbWUuSmV3ZWxzU3Rhcl9zY3JlZW5fMV8xNTI1NzI2NjEzXzA2Ng\/screen-1.jpg?fakeurl=1&type=.jpg","preview":"https:\/\/image.winudf.com\/v2\/image\/Y29tLmdhbWUuSmV3ZWxzU3Rhcl9zY3JlZW5fMV8xNTI1NzI2NjEzXzA2Ng\/screen-1.jpg?fakeurl=1&type=.jpg"},{"id":1,"image_link":"https:\/\/image.winudf.com\/v2\/image\/Y29tLmdhbWUuSmV3ZWxzU3Rhcl9zY3JlZW5fMl8xNTI1NzI2NjEzXzAwMg\/screen-2.jpg?fakeurl=1&type=.jpg","preview":"https:\/\/image.winudf.com\/v2\/image\/Y29tLmdhbWUuSmV3ZWxzU3Rhcl9zY3JlZW5fMl8xNTI1NzI2NjEzXzAwMg\/screen-2.jpg?fakeurl=1&type=.jpg"},{"id":1,"image_link":"https:\/\/image.winudf.com\/v2\/image\/Y29tLmdhbWUuSmV3ZWxzU3Rhcl9zY3JlZW5fM18xNTI1NzI2NjE0XzAzMQ\/screen-3.jpg?fakeurl=1&type=.jpg","preview":"https:\/\/image.winudf.com\/v2\/image\/Y29tLmdhbWUuSmV3ZWxzU3Rhcl9zY3JlZW5fM18xNTI1NzI2NjE0XzAzMQ\/screen-3.jpg?fakeurl=1&type=.jpg"},{"id":1,"image_link":"https:\/\/image.winudf.com\/v2\/image\/Y29tLmdhbWUuSmV3ZWxzU3Rhcl9zY3JlZW5fNF8xNTI1NzI2NjE0XzAyMQ\/screen-4.jpg?fakeurl=1&type=.jpg","preview":"https:\/\/image.winudf.com\/v2\/image\/Y29tLmdhbWUuSmV3ZWxzU3Rhcl9zY3JlZW5fNF8xNTI1NzI2NjE0XzAyMQ\/screen-4.jpg?fakeurl=1&type=.jpg"},{"id":1,"image_link":"https:\/\/image.winudf.com\/v2\/image\/Y29tLmdhbWUuSmV3ZWxzU3Rhcl9zY3JlZW5fNV8xNTI1NzI2NjE1XzAzOA\/screen-5.jpg?fakeurl=1&type=.jpg","preview":"https:\/\/image.winudf.com\/v2\/image\/Y29tLmdhbWUuSmV3ZWxzU3Rhcl9zY3JlZW5fNV8xNTI1NzI2NjE1XzAzOA\/screen-5.jpg?fakeurl=1&type=.jpg"},{"id":1,"image_link":"https:\/\/image.winudf.com\/v2\/image\/Y29tLmdhbWUuSmV3ZWxzU3Rhcl9zY3JlZW5fNl8xNTI1NzI2NjE1XzAwMA\/screen-6.jpg?fakeurl=1&type=.jpg","preview":"https:\/\/image.winudf.com\/v2\/image\/Y29tLmdhbWUuSmV3ZWxzU3Rhcl9zY3JlZW5fNl8xNTI1NzI2NjE1XzAwMA\/screen-6.jpg?fakeurl=1&type=.jpg"},{"id":1,"image_link":"https:\/\/image.winudf.com\/v2\/image\/Y29tLmdhbWUuSmV3ZWxzU3Rhcl9zY3JlZW5fN18xNTI1NzI2NjE2XzA4Mw\/screen-7.jpg?fakeurl=1&type=.jpg","preview":"https:\/\/image.winudf.com\/v2\/image\/Y29tLmdhbWUuSmV3ZWxzU3Rhcl9zY3JlZW5fN18xNTI1NzI2NjE2XzA4Mw\/screen-7.jpg?fakeurl=1&type=.jpg"},{"id":1,"image_link":"https:\/\/image.winudf.com\/v2\/image\/Y29tLmdhbWUuSmV3ZWxzU3Rhcl9zY3JlZW5fOF8xNTI1NzI2NjE2XzA0Ng\/screen-8.jpg?fakeurl=1&type=.jpg","preview":"https:\/\/image.winudf.com\/v2\/image\/Y29tLmdhbWUuSmV3ZWxzU3Rhcl9zY3JlZW5fOF8xNTI1NzI2NjE2XzA0Ng\/screen-8.jpg?fakeurl=1&type=.jpg"},{"id":1,"image_link":"https:\/\/image.winudf.com\/v2\/image\/Y29tLmdhbWUuSmV3ZWxzU3Rhcl9zY3JlZW5fOV8xNTI1NzI2NjE3XzA3OQ\/screen-9.jpg?fakeurl=1&type=.jpg","preview":"https:\/\/image.winudf.com\/v2\/image\/Y29tLmdhbWUuSmV3ZWxzU3Rhcl9zY3JlZW5fOV8xNTI1NzI2NjE3XzA3OQ\/screen-9.jpg?fakeurl=1&type=.jpg"},{"id":1,"image_link":"https:\/\/image.winudf.com\/v2\/image\/Y29tLmdhbWUuSmV3ZWxzU3Rhcl9zY3JlZW5fMTBfMTUyNTcyNjYxOF8wODc\/screen-10.jpg?fakeurl=1&type=.jpg","preview":"https:\/\/image.winudf.com\/v2\/image\/Y29tLmdhbWUuSmV3ZWxzU3Rhcl9zY3JlZW5fMTBfMTUyNTcyNjYxOF8wODc\/screen-10.jpg?fakeurl=1&type=.jpg"},{"id":1,"image_link":"https:\/\/image.winudf.com\/v2\/image\/Y29tLmdhbWUuSmV3ZWxzU3Rhcl9zY3JlZW5fMTFfMTUyNTcyNjYxOF8wMjM\/screen-11.jpg?fakeurl=1&type=.jpg","preview":"https:\/\/image.winudf.com\/v2\/image\/Y29tLmdhbWUuSmV3ZWxzU3Rhcl9zY3JlZW5fMTFfMTUyNTcyNjYxOF8wMjM\/screen-11.jpg?fakeurl=1&type=.jpg"},{"id":1,"image_link":"https:\/\/image.winudf.com\/v2\/image\/Y29tLmdhbWUuSmV3ZWxzU3Rhcl9zY3JlZW5fMTJfMTUyNTcyNjYxOV8wNjc\/screen-12.jpg?fakeurl=1&type=.jpg","preview":"https:\/\/image.winudf.com\/v2\/image\/Y29tLmdhbWUuSmV3ZWxzU3Rhcl9zY3JlZW5fMTJfMTUyNTcyNjYxOV8wNjc\/screen-12.jpg?fakeurl=1&type=.jpg"},{"id":1,"image_link":"https:\/\/image.winudf.com\/v2\/image\/Y29tLmdhbWUuSmV3ZWxzU3Rhcl9zY3JlZW5fMTNfMTUyNTcyNjYxOV8wNTg\/screen-13.jpg?fakeurl=1&type=.jpg","preview":"https:\/\/image.winudf.com\/v2\/image\/Y29tLmdhbWUuSmV3ZWxzU3Rhcl9zY3JlZW5fMTNfMTUyNTcyNjYxOV8wNTg\/screen-13.jpg?fakeurl=1&type=.jpg"},{"id":1,"image_link":"https:\/\/image.winudf.com\/v2\/image\/Y29tLmdhbWUuSmV3ZWxzU3Rhcl9zY3JlZW5fMTRfMTUyNTcyNjYyMF8wNDM\/screen-14.jpg?fakeurl=1&type=.jpg","preview":"https:\/\/image.winudf.com\/v2\/image\/Y29tLmdhbWUuSmV3ZWxzU3Rhcl9zY3JlZW5fMTRfMTUyNTcyNjYyMF8wNDM\/screen-14.jpg?fakeurl=1&type=.jpg"},{"id":1,"image_link":"https:\/\/image.winudf.com\/v2\/image\/Y29tLmdhbWUuSmV3ZWxzU3Rhcl9zY3JlZW5fMTVfMTUyNTcyNjYyMF8wNTU\/screen-15.jpg?fakeurl=1&type=.jpg","preview":"https:\/\/image.winudf.com\/v2\/image\/Y29tLmdhbWUuSmV3ZWxzU3Rhcl9zY3JlZW5fMTVfMTUyNTcyNjYyMF8wNTU\/screen-15.jpg?fakeurl=1&type=.jpg"},{"id":1,"image_link":"https:\/\/image.winudf.com\/v2\/image\/Y29tLmdhbWUuSmV3ZWxzU3Rhcl9zY3JlZW5fMTZfMTUyNTcyNjYyMF8wNTI\/screen-16.jpg?fakeurl=1&type=.jpg","preview":"https:\/\/image.winudf.com\/v2\/image\/Y29tLmdhbWUuSmV3ZWxzU3Rhcl9zY3JlZW5fMTZfMTUyNTcyNjYyMF8wNTI\/screen-16.jpg?fakeurl=1&type=.jpg"},{"id":1,"image_link":"https:\/\/image.winudf.com\/v2\/image\/Y29tLmdhbWUuSmV3ZWxzU3Rhcl9zY3JlZW5fMTdfMTUyNTcyNjYyMV8wMjk\/screen-17.jpg?fakeurl=1&type=.jpg","preview":"https:\/\/image.winudf.com\/v2\/image\/Y29tLmdhbWUuSmV3ZWxzU3Rhcl9zY3JlZW5fMTdfMTUyNTcyNjYyMV8wMjk\/screen-17.jpg?fakeurl=1&type=.jpg"}],"screenshot_previews":[{"id":1,"image_link":"https:\/\/image.winudf.com\/v2\/image\/Y29tLmdhbWUuSmV3ZWxzU3Rhcl9zY3JlZW5fMF8xNTI1NzI2NjEyXzA1OA\/screen-0.jpg?fakeurl=1&type=.jpg","preview":"https:\/\/image.winudf.com\/v2\/image\/Y29tLmdhbWUuSmV3ZWxzU3Rhcl9zY3JlZW5fMF8xNTI1NzI2NjEyXzA1OA\/screen-0.jpg?fakeurl=1&type=.jpg"},{"id":1,"image_link":"https:\/\/image.winudf.com\/v2\/image\/Y29tLmdhbWUuSmV3ZWxzU3Rhcl9zY3JlZW5fMV8xNTI1NzI2NjEzXzA2Ng\/screen-1.jpg?fakeurl=1&type=.jpg","preview":"https:\/\/image.winudf.com\/v2\/image\/Y29tLmdhbWUuSmV3ZWxzU3Rhcl9zY3JlZW5fMV8xNTI1NzI2NjEzXzA2Ng\/screen-1.jpg?fakeurl=1&type=.jpg"},{"id":1,"image_link":"https:\/\/image.winudf.com\/v2\/image\/Y29tLmdhbWUuSmV3ZWxzU3Rhcl9zY3JlZW5fMl8xNTI1NzI2NjEzXzAwMg\/screen-2.jpg?fakeurl=1&type=.jpg","preview":"https:\/\/image.winudf.com\/v2\/image\/Y29tLmdhbWUuSmV3ZWxzU3Rhcl9zY3JlZW5fMl8xNTI1NzI2NjEzXzAwMg\/screen-2.jpg?fakeurl=1&type=.jpg"},{"id":1,"image_link":"https:\/\/image.winudf.com\/v2\/image\/Y29tLmdhbWUuSmV3ZWxzU3Rhcl9zY3JlZW5fM18xNTI1NzI2NjE0XzAzMQ\/screen-3.jpg?fakeurl=1&type=.jpg","preview":"https:\/\/image.winudf.com\/v2\/image\/Y29tLmdhbWUuSmV3ZWxzU3Rhcl9zY3JlZW5fM18xNTI1NzI2NjE0XzAzMQ\/screen-3.jpg?fakeurl=1&type=.jpg"},{"id":1,"image_link":"https:\/\/image.winudf.com\/v2\/image\/Y29tLmdhbWUuSmV3ZWxzU3Rhcl9zY3JlZW5fNF8xNTI1NzI2NjE0XzAyMQ\/screen-4.jpg?fakeurl=1&type=.jpg","preview":"https:\/\/image.winudf.com\/v2\/image\/Y29tLmdhbWUuSmV3ZWxzU3Rhcl9zY3JlZW5fNF8xNTI1NzI2NjE0XzAyMQ\/screen-4.jpg?fakeurl=1&type=.jpg"},{"id":1,"image_link":"https:\/\/image.winudf.com\/v2\/image\/Y29tLmdhbWUuSmV3ZWxzU3Rhcl9zY3JlZW5fNV8xNTI1NzI2NjE1XzAzOA\/screen-5.jpg?fakeurl=1&type=.jpg","preview":"https:\/\/image.winudf.com\/v2\/image\/Y29tLmdhbWUuSmV3ZWxzU3Rhcl9zY3JlZW5fNV8xNTI1NzI2NjE1XzAzOA\/screen-5.jpg?fakeurl=1&type=.jpg"},{"id":1,"image_link":"https:\/\/image.winudf.com\/v2\/image\/Y29tLmdhbWUuSmV3ZWxzU3Rhcl9zY3JlZW5fNl8xNTI1NzI2NjE1XzAwMA\/screen-6.jpg?fakeurl=1&type=.jpg","preview":"https:\/\/image.winudf.com\/v2\/image\/Y29tLmdhbWUuSmV3ZWxzU3Rhcl9zY3JlZW5fNl8xNTI1NzI2NjE1XzAwMA\/screen-6.jpg?fakeurl=1&type=.jpg"},{"id":1,"image_link":"https:\/\/image.winudf.com\/v2\/image\/Y29tLmdhbWUuSmV3ZWxzU3Rhcl9zY3JlZW5fN18xNTI1NzI2NjE2XzA4Mw\/screen-7.jpg?fakeurl=1&type=.jpg","preview":"https:\/\/image.winudf.com\/v2\/image\/Y29tLmdhbWUuSmV3ZWxzU3Rhcl9zY3JlZW5fN18xNTI1NzI2NjE2XzA4Mw\/screen-7.jpg?fakeurl=1&type=.jpg"},{"id":1,"image_link":"https:\/\/image.winudf.com\/v2\/image\/Y29tLmdhbWUuSmV3ZWxzU3Rhcl9zY3JlZW5fOF8xNTI1NzI2NjE2XzA0Ng\/screen-8.jpg?fakeurl=1&type=.jpg","preview":"https:\/\/image.winudf.com\/v2\/image\/Y29tLmdhbWUuSmV3ZWxzU3Rhcl9zY3JlZW5fOF8xNTI1NzI2NjE2XzA0Ng\/screen-8.jpg?fakeurl=1&type=.jpg"},{"id":1,"image_link":"https:\/\/image.winudf.com\/v2\/image\/Y29tLmdhbWUuSmV3ZWxzU3Rhcl9zY3JlZW5fOV8xNTI1NzI2NjE3XzA3OQ\/screen-9.jpg?fakeurl=1&type=.jpg","preview":"https:\/\/image.winudf.com\/v2\/image\/Y29tLmdhbWUuSmV3ZWxzU3Rhcl9zY3JlZW5fOV8xNTI1NzI2NjE3XzA3OQ\/screen-9.jpg?fakeurl=1&type=.jpg"},{"id":1,"image_link":"https:\/\/image.winudf.com\/v2\/image\/Y29tLmdhbWUuSmV3ZWxzU3Rhcl9zY3JlZW5fMTBfMTUyNTcyNjYxOF8wODc\/screen-10.jpg?fakeurl=1&type=.jpg","preview":"https:\/\/image.winudf.com\/v2\/image\/Y29tLmdhbWUuSmV3ZWxzU3Rhcl9zY3JlZW5fMTBfMTUyNTcyNjYxOF8wODc\/screen-10.jpg?fakeurl=1&type=.jpg"},{"id":1,"image_link":"https:\/\/image.winudf.com\/v2\/image\/Y29tLmdhbWUuSmV3ZWxzU3Rhcl9zY3JlZW5fMTFfMTUyNTcyNjYxOF8wMjM\/screen-11.jpg?fakeurl=1&type=.jpg","preview":"https:\/\/image.winudf.com\/v2\/image\/Y29tLmdhbWUuSmV3ZWxzU3Rhcl9zY3JlZW5fMTFfMTUyNTcyNjYxOF8wMjM\/screen-11.jpg?fakeurl=1&type=.jpg"},{"id":1,"image_link":"https:\/\/image.winudf.com\/v2\/image\/Y29tLmdhbWUuSmV3ZWxzU3Rhcl9zY3JlZW5fMTJfMTUyNTcyNjYxOV8wNjc\/screen-12.jpg?fakeurl=1&type=.jpg","preview":"https:\/\/image.winudf.com\/v2\/image\/Y29tLmdhbWUuSmV3ZWxzU3Rhcl9zY3JlZW5fMTJfMTUyNTcyNjYxOV8wNjc\/screen-12.jpg?fakeurl=1&type=.jpg"},{"id":1,"image_link":"https:\/\/image.winudf.com\/v2\/image\/Y29tLmdhbWUuSmV3ZWxzU3Rhcl9zY3JlZW5fMTNfMTUyNTcyNjYxOV8wNTg\/screen-13.jpg?fakeurl=1&type=.jpg","preview":"https:\/\/image.winudf.com\/v2\/image\/Y29tLmdhbWUuSmV3ZWxzU3Rhcl9zY3JlZW5fMTNfMTUyNTcyNjYxOV8wNTg\/screen-13.jpg?fakeurl=1&type=.jpg"},{"id":1,"image_link":"https:\/\/image.winudf.com\/v2\/image\/Y29tLmdhbWUuSmV3ZWxzU3Rhcl9zY3JlZW5fMTRfMTUyNTcyNjYyMF8wNDM\/screen-14.jpg?fakeurl=1&type=.jpg","preview":"https:\/\/image.winudf.com\/v2\/image\/Y29tLmdhbWUuSmV3ZWxzU3Rhcl9zY3JlZW5fMTRfMTUyNTcyNjYyMF8wNDM\/screen-14.jpg?fakeurl=1&type=.jpg"},{"id":1,"image_link":"https:\/\/image.winudf.com\/v2\/image\/Y29tLmdhbWUuSmV3ZWxzU3Rhcl9zY3JlZW5fMTVfMTUyNTcyNjYyMF8wNTU\/screen-15.jpg?fakeurl=1&type=.jpg","preview":"https:\/\/image.winudf.com\/v2\/image\/Y29tLmdhbWUuSmV3ZWxzU3Rhcl9zY3JlZW5fMTVfMTUyNTcyNjYyMF8wNTU\/screen-15.jpg?fakeurl=1&type=.jpg"},{"id":1,"image_link":"https:\/\/image.winudf.com\/v2\/image\/Y29tLmdhbWUuSmV3ZWxzU3Rhcl9zY3JlZW5fMTZfMTUyNTcyNjYyMF8wNTI\/screen-16.jpg?fakeurl=1&type=.jpg","preview":"https:\/\/image.winudf.com\/v2\/image\/Y29tLmdhbWUuSmV3ZWxzU3Rhcl9zY3JlZW5fMTZfMTUyNTcyNjYyMF8wNTI\/screen-16.jpg?fakeurl=1&type=.jpg"},{"id":1,"image_link":"https:\/\/image.winudf.com\/v2\/image\/Y29tLmdhbWUuSmV3ZWxzU3Rhcl9zY3JlZW5fMTdfMTUyNTcyNjYyMV8wMjk\/screen-17.jpg?fakeurl=1&type=.jpg","preview":"https:\/\/image.winudf.com\/v2\/image\/Y29tLmdhbWUuSmV3ZWxzU3Rhcl9zY3JlZW5fMTdfMTUyNTcyNjYyMV8wMjk\/screen-17.jpg?fakeurl=1&type=.jpg"}],"total_ratings":188507,"developer":"ITREEGAMER","developer_url":"https:\/\/play.google.com\/store\/apps\/developer?id=ITREEGAMER","tags":["Casual"],"versions":[{"identifier":"3.33.52","download_link":"https:\/\/apkpure.com\/jewels-star\/com.game.JewelsStar\/download?from=details","is_link_external":1}],"more_details":[{"title":"Latest Version","identifier":"latest_version","value":"3.33.52 "},{"title":"Publish Date","identifier":"published_date","value":"2018-01-22"},{"title":"Requirement","identifier":"required_android","value":"Android 4.1+"}],"seo_title":"Jewels Star","seo_keyword":"Jewels Star, Jewels Star for android, Jewels Star android download, Jewels Star apk, Jewels Star android apk, Jewels Star download","seo_description":"Download Jewels Star apk 3.33.52 for Android. Fun and addictive Match-3 game!"}