{"app_id":"com.jiinfeng3d.bfrdemo","value":"com.jiinfeng3d.bfrdemo","title":"Fighting Tiger - Liberal","label":"Fighting Tiger - Liberal","slug":"fighting-tiger-liberal","app_image_url":"https:\/\/image.winudf.com\/v2\/image1\/Y29tLmppaW5mZW5nM2QuYmZyZGVtb19pY29uXzE1NTczODcwODdfMDc5\/icon.png?w=170&fakeurl=1","app_link":"https:\/\/play.google.com\/store\/apps\/details?id=com.jiinfeng3d.bfrdemo","description":"You are Gin, a Kung Fu fighter, and desperately want to leave your gang, but your gang has other ideas. You need to fight for your girlfriend and your life, which could end very soon if you make the wrong move.<br><br>Features include:<br>* Special fighting styles : Liberal Kungfu ( Chinese boxing, Sanda, Bajiquan, Chinese sword ) or use a gun. To knock enemies down with protean attack.<br>* Sensitive and special 3D fighting control system :  It's very easy to control on your mobile device.<br>* Sophisticated 3D characters and large scenes!<br>* Smooth and intense motion! You can use punching, kicking, catching, throwing, and dodge... use everything to defend yourself in the brawl on the street! Combine these fighting skills to create a variety of deadly attacks.<br>* You can pick up varied weapons to strike the enemies.<br>* Learn Kung Fu and martial art using 3D interactive mode.<br><br>With Fighting Tiger - Liberal on your device, you'll battle the evil forces of the Savage-Tiger Gang and attempt to rescue your lover, Shan. You are given many different defenses and attack techniques to help you fend off these attackers who want you dead. Master all the techniques , so you can survive!","status_identifier":"active","short_description":"You are Gin, a Kung Fu fighter, and desperately want to leave your gang, but your gang has other ideas. You need to fight for your girlfriend and your life, which could end very soon if you make the w...","current_ratings":4.65,"categories":[{"label":"Action","value":"action"}],"screenshots":[{"id":1,"image_link":"javascript:void(0)","preview":"javascript:void(0)"},{"id":1,"image_link":"https:\/\/image.winudf.com\/v2\/image1\/Y29tLmppaW5mZW5nM2QuYmZyZGVtb19zY3JlZW5fMF8xNTU1NTYwMDg2XzAzNg\/screen-0.jpg?fakeurl=1&type=.jpg","preview":"https:\/\/image.winudf.com\/v2\/image1\/Y29tLmppaW5mZW5nM2QuYmZyZGVtb19zY3JlZW5fMF8xNTU1NTYwMDg2XzAzNg\/screen-0.jpg?fakeurl=1&type=.jpg"},{"id":1,"image_link":"https:\/\/image.winudf.com\/v2\/image1\/Y29tLmppaW5mZW5nM2QuYmZyZGVtb19zY3JlZW5fMV8xNTU1NTYwMDg2XzA0MA\/screen-1.jpg?fakeurl=1&type=.jpg","preview":"https:\/\/image.winudf.com\/v2\/image1\/Y29tLmppaW5mZW5nM2QuYmZyZGVtb19zY3JlZW5fMV8xNTU1NTYwMDg2XzA0MA\/screen-1.jpg?fakeurl=1&type=.jpg"},{"id":1,"image_link":"https:\/\/image.winudf.com\/v2\/image1\/Y29tLmppaW5mZW5nM2QuYmZyZGVtb19zY3JlZW5fMl8xNTU1NTYwMDg2XzA4Nw\/screen-2.jpg?fakeurl=1&type=.jpg","preview":"https:\/\/image.winudf.com\/v2\/image1\/Y29tLmppaW5mZW5nM2QuYmZyZGVtb19zY3JlZW5fMl8xNTU1NTYwMDg2XzA4Nw\/screen-2.jpg?fakeurl=1&type=.jpg"},{"id":1,"image_link":"https:\/\/image.winudf.com\/v2\/image1\/Y29tLmppaW5mZW5nM2QuYmZyZGVtb19zY3JlZW5fM18xNTU1NTYwMDg2XzA5Nw\/screen-3.jpg?fakeurl=1&type=.jpg","preview":"https:\/\/image.winudf.com\/v2\/image1\/Y29tLmppaW5mZW5nM2QuYmZyZGVtb19zY3JlZW5fM18xNTU1NTYwMDg2XzA5Nw\/screen-3.jpg?fakeurl=1&type=.jpg"},{"id":1,"image_link":"https:\/\/image.winudf.com\/v2\/image1\/Y29tLmppaW5mZW5nM2QuYmZyZGVtb19zY3JlZW5fNF8xNTU1NTYwMDg3XzA5OA\/screen-4.jpg?fakeurl=1&type=.jpg","preview":"https:\/\/image.winudf.com\/v2\/image1\/Y29tLmppaW5mZW5nM2QuYmZyZGVtb19zY3JlZW5fNF8xNTU1NTYwMDg3XzA5OA\/screen-4.jpg?fakeurl=1&type=.jpg"},{"id":1,"image_link":"https:\/\/image.winudf.com\/v2\/image1\/Y29tLmppaW5mZW5nM2QuYmZyZGVtb19zY3JlZW5fNV8xNTU1NTYwMDg5XzA2Ng\/screen-5.jpg?fakeurl=1&type=.jpg","preview":"https:\/\/image.winudf.com\/v2\/image1\/Y29tLmppaW5mZW5nM2QuYmZyZGVtb19zY3JlZW5fNV8xNTU1NTYwMDg5XzA2Ng\/screen-5.jpg?fakeurl=1&type=.jpg"},{"id":1,"image_link":"https:\/\/image.winudf.com\/v2\/image1\/Y29tLmppaW5mZW5nM2QuYmZyZGVtb19zY3JlZW5fNl8xNTU1NTYwMDg5XzAxMg\/screen-6.jpg?fakeurl=1&type=.jpg","preview":"https:\/\/image.winudf.com\/v2\/image1\/Y29tLmppaW5mZW5nM2QuYmZyZGVtb19zY3JlZW5fNl8xNTU1NTYwMDg5XzAxMg\/screen-6.jpg?fakeurl=1&type=.jpg"},{"id":1,"image_link":"https:\/\/image.winudf.com\/v2\/image1\/Y29tLmppaW5mZW5nM2QuYmZyZGVtb19zY3JlZW5fN18xNTU1NTYwMDkwXzA2MQ\/screen-7.jpg?fakeurl=1&type=.jpg","preview":"https:\/\/image.winudf.com\/v2\/image1\/Y29tLmppaW5mZW5nM2QuYmZyZGVtb19zY3JlZW5fN18xNTU1NTYwMDkwXzA2MQ\/screen-7.jpg?fakeurl=1&type=.jpg"},{"id":1,"image_link":"https:\/\/image.winudf.com\/v2\/image1\/Y29tLmppaW5mZW5nM2QuYmZyZGVtb19zY3JlZW5fOF8xNTU1NTYwMDkwXzA0Ng\/screen-8.jpg?fakeurl=1&type=.jpg","preview":"https:\/\/image.winudf.com\/v2\/image1\/Y29tLmppaW5mZW5nM2QuYmZyZGVtb19zY3JlZW5fOF8xNTU1NTYwMDkwXzA0Ng\/screen-8.jpg?fakeurl=1&type=.jpg"},{"id":1,"image_link":"https:\/\/image.winudf.com\/v2\/image1\/Y29tLmppaW5mZW5nM2QuYmZyZGVtb19zY3JlZW5fOV8xNTU1NTYwMDkwXzAzMA\/screen-9.jpg?fakeurl=1&type=.jpg","preview":"https:\/\/image.winudf.com\/v2\/image1\/Y29tLmppaW5mZW5nM2QuYmZyZGVtb19zY3JlZW5fOV8xNTU1NTYwMDkwXzAzMA\/screen-9.jpg?fakeurl=1&type=.jpg"},{"id":1,"image_link":"https:\/\/image.winudf.com\/v2\/image1\/Y29tLmppaW5mZW5nM2QuYmZyZGVtb19zY3JlZW5fMTBfMTU1NTU2MDA5MV8wODY\/screen-10.jpg?fakeurl=1&type=.jpg","preview":"https:\/\/image.winudf.com\/v2\/image1\/Y29tLmppaW5mZW5nM2QuYmZyZGVtb19zY3JlZW5fMTBfMTU1NTU2MDA5MV8wODY\/screen-10.jpg?fakeurl=1&type=.jpg"},{"id":1,"image_link":"https:\/\/image.winudf.com\/v2\/image1\/Y29tLmppaW5mZW5nM2QuYmZyZGVtb19zY3JlZW5fMTFfMTU1NTU2MDA5Ml8wNTE\/screen-11.jpg?fakeurl=1&type=.jpg","preview":"https:\/\/image.winudf.com\/v2\/image1\/Y29tLmppaW5mZW5nM2QuYmZyZGVtb19zY3JlZW5fMTFfMTU1NTU2MDA5Ml8wNTE\/screen-11.jpg?fakeurl=1&type=.jpg"},{"id":1,"image_link":"https:\/\/image.winudf.com\/v2\/image1\/Y29tLmppaW5mZW5nM2QuYmZyZGVtb19zY3JlZW5fMTJfMTU1NTU2MDA5Ml8wMjU\/screen-12.jpg?fakeurl=1&type=.jpg","preview":"https:\/\/image.winudf.com\/v2\/image1\/Y29tLmppaW5mZW5nM2QuYmZyZGVtb19zY3JlZW5fMTJfMTU1NTU2MDA5Ml8wMjU\/screen-12.jpg?fakeurl=1&type=.jpg"},{"id":1,"image_link":"https:\/\/image.winudf.com\/v2\/image1\/Y29tLmppaW5mZW5nM2QuYmZyZGVtb19zY3JlZW5fMTNfMTU1NTU2MDA5Ml8wNzg\/screen-13.jpg?fakeurl=1&type=.jpg","preview":"https:\/\/image.winudf.com\/v2\/image1\/Y29tLmppaW5mZW5nM2QuYmZyZGVtb19zY3JlZW5fMTNfMTU1NTU2MDA5Ml8wNzg\/screen-13.jpg?fakeurl=1&type=.jpg"},{"id":1,"image_link":"https:\/\/image.winudf.com\/v2\/image1\/Y29tLmppaW5mZW5nM2QuYmZyZGVtb19zY3JlZW5fMTRfMTU1NTU2MDA5Ml8wNTA\/screen-14.jpg?fakeurl=1&type=.jpg","preview":"https:\/\/image.winudf.com\/v2\/image1\/Y29tLmppaW5mZW5nM2QuYmZyZGVtb19zY3JlZW5fMTRfMTU1NTU2MDA5Ml8wNTA\/screen-14.jpg?fakeurl=1&type=.jpg"},{"id":1,"image_link":"https:\/\/image.winudf.com\/v2\/image1\/Y29tLmppaW5mZW5nM2QuYmZyZGVtb19zY3JlZW5fMTVfMTU1NTU2MDA5M18wNDQ\/screen-15.jpg?fakeurl=1&type=.jpg","preview":"https:\/\/image.winudf.com\/v2\/image1\/Y29tLmppaW5mZW5nM2QuYmZyZGVtb19zY3JlZW5fMTVfMTU1NTU2MDA5M18wNDQ\/screen-15.jpg?fakeurl=1&type=.jpg"},{"id":1,"image_link":"https:\/\/image.winudf.com\/v2\/image1\/Y29tLmppaW5mZW5nM2QuYmZyZGVtb19zY3JlZW5fMTZfMTU1NTU2MDA5OV8wOTA\/screen-16.jpg?fakeurl=1&type=.jpg","preview":"https:\/\/image.winudf.com\/v2\/image1\/Y29tLmppaW5mZW5nM2QuYmZyZGVtb19zY3JlZW5fMTZfMTU1NTU2MDA5OV8wOTA\/screen-16.jpg?fakeurl=1&type=.jpg"},{"id":1,"image_link":"https:\/\/image.winudf.com\/v2\/image1\/Y29tLmppaW5mZW5nM2QuYmZyZGVtb19zY3JlZW5fMTdfMTU1NTU2MDEwMF8wNjE\/screen-17.jpg?fakeurl=1&type=.jpg","preview":"https:\/\/image.winudf.com\/v2\/image1\/Y29tLmppaW5mZW5nM2QuYmZyZGVtb19zY3JlZW5fMTdfMTU1NTU2MDEwMF8wNjE\/screen-17.jpg?fakeurl=1&type=.jpg"}],"screenshot_previews":[{"id":1,"image_link":"javascript:void(0)","preview":"javascript:void(0)"},{"id":1,"image_link":"https:\/\/image.winudf.com\/v2\/image1\/Y29tLmppaW5mZW5nM2QuYmZyZGVtb19zY3JlZW5fMF8xNTU1NTYwMDg2XzAzNg\/screen-0.jpg?fakeurl=1&type=.jpg","preview":"https:\/\/image.winudf.com\/v2\/image1\/Y29tLmppaW5mZW5nM2QuYmZyZGVtb19zY3JlZW5fMF8xNTU1NTYwMDg2XzAzNg\/screen-0.jpg?fakeurl=1&type=.jpg"},{"id":1,"image_link":"https:\/\/image.winudf.com\/v2\/image1\/Y29tLmppaW5mZW5nM2QuYmZyZGVtb19zY3JlZW5fMV8xNTU1NTYwMDg2XzA0MA\/screen-1.jpg?fakeurl=1&type=.jpg","preview":"https:\/\/image.winudf.com\/v2\/image1\/Y29tLmppaW5mZW5nM2QuYmZyZGVtb19zY3JlZW5fMV8xNTU1NTYwMDg2XzA0MA\/screen-1.jpg?fakeurl=1&type=.jpg"},{"id":1,"image_link":"https:\/\/image.winudf.com\/v2\/image1\/Y29tLmppaW5mZW5nM2QuYmZyZGVtb19zY3JlZW5fMl8xNTU1NTYwMDg2XzA4Nw\/screen-2.jpg?fakeurl=1&type=.jpg","preview":"https:\/\/image.winudf.com\/v2\/image1\/Y29tLmppaW5mZW5nM2QuYmZyZGVtb19zY3JlZW5fMl8xNTU1NTYwMDg2XzA4Nw\/screen-2.jpg?fakeurl=1&type=.jpg"},{"id":1,"image_link":"https:\/\/image.winudf.com\/v2\/image1\/Y29tLmppaW5mZW5nM2QuYmZyZGVtb19zY3JlZW5fM18xNTU1NTYwMDg2XzA5Nw\/screen-3.jpg?fakeurl=1&type=.jpg","preview":"https:\/\/image.winudf.com\/v2\/image1\/Y29tLmppaW5mZW5nM2QuYmZyZGVtb19zY3JlZW5fM18xNTU1NTYwMDg2XzA5Nw\/screen-3.jpg?fakeurl=1&type=.jpg"},{"id":1,"image_link":"https:\/\/image.winudf.com\/v2\/image1\/Y29tLmppaW5mZW5nM2QuYmZyZGVtb19zY3JlZW5fNF8xNTU1NTYwMDg3XzA5OA\/screen-4.jpg?fakeurl=1&type=.jpg","preview":"https:\/\/image.winudf.com\/v2\/image1\/Y29tLmppaW5mZW5nM2QuYmZyZGVtb19zY3JlZW5fNF8xNTU1NTYwMDg3XzA5OA\/screen-4.jpg?fakeurl=1&type=.jpg"},{"id":1,"image_link":"https:\/\/image.winudf.com\/v2\/image1\/Y29tLmppaW5mZW5nM2QuYmZyZGVtb19zY3JlZW5fNV8xNTU1NTYwMDg5XzA2Ng\/screen-5.jpg?fakeurl=1&type=.jpg","preview":"https:\/\/image.winudf.com\/v2\/image1\/Y29tLmppaW5mZW5nM2QuYmZyZGVtb19zY3JlZW5fNV8xNTU1NTYwMDg5XzA2Ng\/screen-5.jpg?fakeurl=1&type=.jpg"},{"id":1,"image_link":"https:\/\/image.winudf.com\/v2\/image1\/Y29tLmppaW5mZW5nM2QuYmZyZGVtb19zY3JlZW5fNl8xNTU1NTYwMDg5XzAxMg\/screen-6.jpg?fakeurl=1&type=.jpg","preview":"https:\/\/image.winudf.com\/v2\/image1\/Y29tLmppaW5mZW5nM2QuYmZyZGVtb19zY3JlZW5fNl8xNTU1NTYwMDg5XzAxMg\/screen-6.jpg?fakeurl=1&type=.jpg"},{"id":1,"image_link":"https:\/\/image.winudf.com\/v2\/image1\/Y29tLmppaW5mZW5nM2QuYmZyZGVtb19zY3JlZW5fN18xNTU1NTYwMDkwXzA2MQ\/screen-7.jpg?fakeurl=1&type=.jpg","preview":"https:\/\/image.winudf.com\/v2\/image1\/Y29tLmppaW5mZW5nM2QuYmZyZGVtb19zY3JlZW5fN18xNTU1NTYwMDkwXzA2MQ\/screen-7.jpg?fakeurl=1&type=.jpg"},{"id":1,"image_link":"https:\/\/image.winudf.com\/v2\/image1\/Y29tLmppaW5mZW5nM2QuYmZyZGVtb19zY3JlZW5fOF8xNTU1NTYwMDkwXzA0Ng\/screen-8.jpg?fakeurl=1&type=.jpg","preview":"https:\/\/image.winudf.com\/v2\/image1\/Y29tLmppaW5mZW5nM2QuYmZyZGVtb19zY3JlZW5fOF8xNTU1NTYwMDkwXzA0Ng\/screen-8.jpg?fakeurl=1&type=.jpg"},{"id":1,"image_link":"https:\/\/image.winudf.com\/v2\/image1\/Y29tLmppaW5mZW5nM2QuYmZyZGVtb19zY3JlZW5fOV8xNTU1NTYwMDkwXzAzMA\/screen-9.jpg?fakeurl=1&type=.jpg","preview":"https:\/\/image.winudf.com\/v2\/image1\/Y29tLmppaW5mZW5nM2QuYmZyZGVtb19zY3JlZW5fOV8xNTU1NTYwMDkwXzAzMA\/screen-9.jpg?fakeurl=1&type=.jpg"},{"id":1,"image_link":"https:\/\/image.winudf.com\/v2\/image1\/Y29tLmppaW5mZW5nM2QuYmZyZGVtb19zY3JlZW5fMTBfMTU1NTU2MDA5MV8wODY\/screen-10.jpg?fakeurl=1&type=.jpg","preview":"https:\/\/image.winudf.com\/v2\/image1\/Y29tLmppaW5mZW5nM2QuYmZyZGVtb19zY3JlZW5fMTBfMTU1NTU2MDA5MV8wODY\/screen-10.jpg?fakeurl=1&type=.jpg"},{"id":1,"image_link":"https:\/\/image.winudf.com\/v2\/image1\/Y29tLmppaW5mZW5nM2QuYmZyZGVtb19zY3JlZW5fMTFfMTU1NTU2MDA5Ml8wNTE\/screen-11.jpg?fakeurl=1&type=.jpg","preview":"https:\/\/image.winudf.com\/v2\/image1\/Y29tLmppaW5mZW5nM2QuYmZyZGVtb19zY3JlZW5fMTFfMTU1NTU2MDA5Ml8wNTE\/screen-11.jpg?fakeurl=1&type=.jpg"},{"id":1,"image_link":"https:\/\/image.winudf.com\/v2\/image1\/Y29tLmppaW5mZW5nM2QuYmZyZGVtb19zY3JlZW5fMTJfMTU1NTU2MDA5Ml8wMjU\/screen-12.jpg?fakeurl=1&type=.jpg","preview":"https:\/\/image.winudf.com\/v2\/image1\/Y29tLmppaW5mZW5nM2QuYmZyZGVtb19zY3JlZW5fMTJfMTU1NTU2MDA5Ml8wMjU\/screen-12.jpg?fakeurl=1&type=.jpg"},{"id":1,"image_link":"https:\/\/image.winudf.com\/v2\/image1\/Y29tLmppaW5mZW5nM2QuYmZyZGVtb19zY3JlZW5fMTNfMTU1NTU2MDA5Ml8wNzg\/screen-13.jpg?fakeurl=1&type=.jpg","preview":"https:\/\/image.winudf.com\/v2\/image1\/Y29tLmppaW5mZW5nM2QuYmZyZGVtb19zY3JlZW5fMTNfMTU1NTU2MDA5Ml8wNzg\/screen-13.jpg?fakeurl=1&type=.jpg"},{"id":1,"image_link":"https:\/\/image.winudf.com\/v2\/image1\/Y29tLmppaW5mZW5nM2QuYmZyZGVtb19zY3JlZW5fMTRfMTU1NTU2MDA5Ml8wNTA\/screen-14.jpg?fakeurl=1&type=.jpg","preview":"https:\/\/image.winudf.com\/v2\/image1\/Y29tLmppaW5mZW5nM2QuYmZyZGVtb19zY3JlZW5fMTRfMTU1NTU2MDA5Ml8wNTA\/screen-14.jpg?fakeurl=1&type=.jpg"},{"id":1,"image_link":"https:\/\/image.winudf.com\/v2\/image1\/Y29tLmppaW5mZW5nM2QuYmZyZGVtb19zY3JlZW5fMTVfMTU1NTU2MDA5M18wNDQ\/screen-15.jpg?fakeurl=1&type=.jpg","preview":"https:\/\/image.winudf.com\/v2\/image1\/Y29tLmppaW5mZW5nM2QuYmZyZGVtb19zY3JlZW5fMTVfMTU1NTU2MDA5M18wNDQ\/screen-15.jpg?fakeurl=1&type=.jpg"},{"id":1,"image_link":"https:\/\/image.winudf.com\/v2\/image1\/Y29tLmppaW5mZW5nM2QuYmZyZGVtb19zY3JlZW5fMTZfMTU1NTU2MDA5OV8wOTA\/screen-16.jpg?fakeurl=1&type=.jpg","preview":"https:\/\/image.winudf.com\/v2\/image1\/Y29tLmppaW5mZW5nM2QuYmZyZGVtb19zY3JlZW5fMTZfMTU1NTU2MDA5OV8wOTA\/screen-16.jpg?fakeurl=1&type=.jpg"},{"id":1,"image_link":"https:\/\/image.winudf.com\/v2\/image1\/Y29tLmppaW5mZW5nM2QuYmZyZGVtb19zY3JlZW5fMTdfMTU1NTU2MDEwMF8wNjE\/screen-17.jpg?fakeurl=1&type=.jpg","preview":"https:\/\/image.winudf.com\/v2\/image1\/Y29tLmppaW5mZW5nM2QuYmZyZGVtb19zY3JlZW5fMTdfMTU1NTU2MDEwMF8wNjE\/screen-17.jpg?fakeurl=1&type=.jpg"}],"total_ratings":1381881,"developer":"Jiin Feng","developer_url":"https:\/\/play.google.com\/store\/apps\/developer?id=Jiin Feng","tags":["Action"],"versions":[{"identifier":"2.6.0.1","download_link":"https:\/\/apkpure.com\/fighting-tiger-liberal\/com.jiinfeng3d.bfrdemo\/download?from=details","is_link_external":1}],"more_details":[{"title":"Latest Version","identifier":"latest_version","value":"2.6.0.1 "},{"title":"Publish Date","identifier":"published_date","value":"2019-05-09"},{"title":"Requirement","identifier":"required_android","value":"Android 4.0.3+"}],"seo_title":"Fighting Tiger - Liberal","seo_keyword":"Fighting Tiger - Liberal, Fighting Tiger - Liberal for android, Fighting Tiger - Liberal android download, Fighting Tiger - Liberal apk, Fighting Tiger - Liberal android apk, Fighting Tiger - Liberal download","seo_description":"Download Fighting Tiger - Liberal apk 2.6.0.1 for Android. This is the best 3D fighting game you are looking for !"}