{"app_id":"com.maxmpz.audioplayer","value":"com.maxmpz.audioplayer","title":"Poweramp","label":"Poweramp","slug":"poweramp","app_image_url":"https:\/\/image.winudf.com\/v2\/image1\/Y29tLm1heG1wei5hdWRpb3BsYXllcl9pY29uXzE1NTU4MDg0NDdfMDgx\/icon.png?w=170&fakeurl=1","app_link":"https:\/\/play.google.com\/store\/apps\/details?id=com.maxmpz.audioplayer","description":"Poweramp is a powerful music player for Android.<br><br>Poweramp v3 is a major update focused on the new Audio engine, UI, and navigation.<br><br>\u2022 new Audio engine:<br>  \u2022 support for hi-res output (where supported by the device)<br>  \u2022 new DSP, including updated Equalizer\/Tone\/Stereo expand, and the new Reverb\/Tempo effects<br>  \u2022 internal 64bit processing<br>  \u2022 new configurable per-output Options<br>  \u2022 new configurable Resampler, Dither options<br>  \u2022 opus, tak, mka, dsd dsf\/dff formats support<br>  \u2022 gapless smoothing<br>  \u2022 30\/50\/100 volume levels (Settings\/Audio\/Advanced Tweaks)<br><br>\u2022 new UI:<br>  \u2022 visualizations (supporting .milk presets and spectrum)<br>  \u2022 new \"wave\" seekbar, can be also static via Skin options<br>  \u2022 Light and Dark skins included, both with Pro Buttons and Static Seekbar options<br>  \u2022 new notifications<br>  \u2022 new menus, panels, popups, dialogs, etc.<br>  \u2022 as previously, 3rd party skins are available (v2 skins are not compatible)<br><br>\u2022 new navigation:<br>  \u2022 pull down or click album art to go to the current playing list<br>  \u2022 as previously, swipe album art for the next\/previous track, drag more for category <br>change (applies also to the bottom miniplayer)<br>  \u2022 use bottom miniplayer to return to the main ui or to change tracks<br>  \u2022 swipe left\/right from lists for fast return<br>  \u2022 pinch-zoom in lists<br>  \u2022 long press on item for the selection menu<br><br>Key Features:<br>- plays mp3, mp4\/m4a (incl. alac), ogg, wma, flac, wav, ape, wv, tta, mpc, aiff; V3 also plays opus, dsd (dff\/dsf), mka, tak, flv (audio)<br>- 10 band optimized graphical equalizer for all supported formats, presets, custom presets<br>- separate powerful Bass and Treble adjustment<br>- stereo eXpansion, mono mixing, balance, tempo control, reverb, system MusicFX (where supported by the device)<br>- Android Auto<br>- Google Assistant support<br>- Chromecast support<br>- unique Direct Volume Control (DVC) for extended dynamic range and really deep bass<br>- crossfade<br>- gapless <br>- replay gain<br>- plays songs from folders and from own library<br>- dynamic queue<br>- lyrics support, including lyrics search via plugin<br>- embed and standalone .cue files support<br>- support for m3u, m3u8, pls, wpl playlists, playlist importing and exporting<br>- downloads missing album art<br>- artist images downloading<br>- custom visual themes, lot of skins available on Play<br>- widgets with many selectable styles, advanced customizations<br>- lock screen options<br>- Milkdrop compatible visualization support (and 3rd party downloadable visualizations)<br>- headset support, automatic Resume on headset and\/or BT connection<br>- scrobbling<br>- tag editor<br>- audio info with detailed audio processing information<br>- ultra fast library scan<br>- high level of customization via settings<br><br>* Android, Android Auto, Google Assistant, Chromecast are trademarks of Google LLC.<br><br><br>This version is 15 days full featured Trial. See Related Apps for Poweramp Full Version Unlocker or use Buy option in Poweramp settings to buy the Full Version. <br><br>====<br><br>Common Questions\/Answers for Poweramp:<br>Q. Does my Poweramp v2 purchase include Poweramp v3?<br>A. Yes, it does.<br><br>Q. How do I disable visualization?<br>A. It's disabled by default, can be enabled\/disabled by first left button right under cover. <br><br>Q. Seekbar? Titles on cover? Other UI tweaks?<br>A. Please use settings \/ Look and feel \/ Skin and set built-in skin options as needed.<br><br>Q. My songs are missing from folders\/library\/playlists.<br>A. Please ensure you have all your folders with music actually checked in Poweramp settings\/ Library \/ Music Folders.<br><br>Q. Amplified basses are distorted over Bluetooth.<br>A. For really deep basses over bluetooth, disable Bluetooth Absolute Volume in Developer options (or device Sounds settings, depending on device\/Android).","status_identifier":"active","short_description":"Poweramp is a powerful music player for Android.Poweramp v3 is a major update focused on the new Audio engine, UI, and navigation.\u2022 new Audio engine:  \u2022 support for hi-res output (where supported by t...","current_ratings":4.7,"categories":[{"label":"Music & Audio","value":"music_audio"}],"screenshots":[{"id":1,"image_link":"https:\/\/image.winudf.com\/v2\/image1\/Y29tLm1heG1wei5hdWRpb3BsYXllcl9zY3JlZW5fMF8xNTUzODE0MDM3XzA0Mg\/screen-0.jpg?fakeurl=1&type=.jpg","preview":"https:\/\/image.winudf.com\/v2\/image1\/Y29tLm1heG1wei5hdWRpb3BsYXllcl9zY3JlZW5fMF8xNTUzODE0MDM3XzA0Mg\/screen-0.jpg?fakeurl=1&type=.jpg"},{"id":1,"image_link":"https:\/\/image.winudf.com\/v2\/image1\/Y29tLm1heG1wei5hdWRpb3BsYXllcl9zY3JlZW5fMV8xNTUzODE0MDM4XzA5Ng\/screen-1.jpg?fakeurl=1&type=.jpg","preview":"https:\/\/image.winudf.com\/v2\/image1\/Y29tLm1heG1wei5hdWRpb3BsYXllcl9zY3JlZW5fMV8xNTUzODE0MDM4XzA5Ng\/screen-1.jpg?fakeurl=1&type=.jpg"},{"id":1,"image_link":"https:\/\/image.winudf.com\/v2\/image1\/Y29tLm1heG1wei5hdWRpb3BsYXllcl9zY3JlZW5fMl8xNTUzODE0MDM4XzA1OA\/screen-2.jpg?fakeurl=1&type=.jpg","preview":"https:\/\/image.winudf.com\/v2\/image1\/Y29tLm1heG1wei5hdWRpb3BsYXllcl9zY3JlZW5fMl8xNTUzODE0MDM4XzA1OA\/screen-2.jpg?fakeurl=1&type=.jpg"},{"id":1,"image_link":"https:\/\/image.winudf.com\/v2\/image1\/Y29tLm1heG1wei5hdWRpb3BsYXllcl9zY3JlZW5fM18xNTUzODE0MDM5XzAyMw\/screen-3.jpg?fakeurl=1&type=.jpg","preview":"https:\/\/image.winudf.com\/v2\/image1\/Y29tLm1heG1wei5hdWRpb3BsYXllcl9zY3JlZW5fM18xNTUzODE0MDM5XzAyMw\/screen-3.jpg?fakeurl=1&type=.jpg"},{"id":1,"image_link":"https:\/\/image.winudf.com\/v2\/image1\/Y29tLm1heG1wei5hdWRpb3BsYXllcl9zY3JlZW5fNF8xNTUzODE0MDM5XzA0OQ\/screen-4.jpg?fakeurl=1&type=.jpg","preview":"https:\/\/image.winudf.com\/v2\/image1\/Y29tLm1heG1wei5hdWRpb3BsYXllcl9zY3JlZW5fNF8xNTUzODE0MDM5XzA0OQ\/screen-4.jpg?fakeurl=1&type=.jpg"},{"id":1,"image_link":"https:\/\/image.winudf.com\/v2\/image1\/Y29tLm1heG1wei5hdWRpb3BsYXllcl9zY3JlZW5fNV8xNTUzODE0MDQwXzAzNQ\/screen-5.jpg?fakeurl=1&type=.jpg","preview":"https:\/\/image.winudf.com\/v2\/image1\/Y29tLm1heG1wei5hdWRpb3BsYXllcl9zY3JlZW5fNV8xNTUzODE0MDQwXzAzNQ\/screen-5.jpg?fakeurl=1&type=.jpg"},{"id":1,"image_link":"https:\/\/image.winudf.com\/v2\/image1\/Y29tLm1heG1wei5hdWRpb3BsYXllcl9zY3JlZW5fNl8xNTUzODE0MDQwXzA4OA\/screen-6.jpg?fakeurl=1&type=.jpg","preview":"https:\/\/image.winudf.com\/v2\/image1\/Y29tLm1heG1wei5hdWRpb3BsYXllcl9zY3JlZW5fNl8xNTUzODE0MDQwXzA4OA\/screen-6.jpg?fakeurl=1&type=.jpg"},{"id":1,"image_link":"https:\/\/image.winudf.com\/v2\/image1\/Y29tLm1heG1wei5hdWRpb3BsYXllcl9zY3JlZW5fN18xNTUzODE0MDQxXzAzOQ\/screen-7.jpg?fakeurl=1&type=.jpg","preview":"https:\/\/image.winudf.com\/v2\/image1\/Y29tLm1heG1wei5hdWRpb3BsYXllcl9zY3JlZW5fN18xNTUzODE0MDQxXzAzOQ\/screen-7.jpg?fakeurl=1&type=.jpg"},{"id":1,"image_link":"https:\/\/image.winudf.com\/v2\/image1\/Y29tLm1heG1wei5hdWRpb3BsYXllcl9zY3JlZW5fOF8xNTUzODE0MDQxXzA2Nw\/screen-8.jpg?fakeurl=1&type=.jpg","preview":"https:\/\/image.winudf.com\/v2\/image1\/Y29tLm1heG1wei5hdWRpb3BsYXllcl9zY3JlZW5fOF8xNTUzODE0MDQxXzA2Nw\/screen-8.jpg?fakeurl=1&type=.jpg"},{"id":1,"image_link":"https:\/\/image.winudf.com\/v2\/image1\/Y29tLm1heG1wei5hdWRpb3BsYXllcl9zY3JlZW5fOV8xNTUzODE0MDQzXzA4OA\/screen-9.jpg?fakeurl=1&type=.jpg","preview":"https:\/\/image.winudf.com\/v2\/image1\/Y29tLm1heG1wei5hdWRpb3BsYXllcl9zY3JlZW5fOV8xNTUzODE0MDQzXzA4OA\/screen-9.jpg?fakeurl=1&type=.jpg"},{"id":1,"image_link":"https:\/\/image.winudf.com\/v2\/image1\/Y29tLm1heG1wei5hdWRpb3BsYXllcl9zY3JlZW5fMTBfMTU1MzgxNDA0NF8wMTM\/screen-10.jpg?fakeurl=1&type=.jpg","preview":"https:\/\/image.winudf.com\/v2\/image1\/Y29tLm1heG1wei5hdWRpb3BsYXllcl9zY3JlZW5fMTBfMTU1MzgxNDA0NF8wMTM\/screen-10.jpg?fakeurl=1&type=.jpg"},{"id":1,"image_link":"https:\/\/image.winudf.com\/v2\/image1\/Y29tLm1heG1wei5hdWRpb3BsYXllcl9zY3JlZW5fMTFfMTU1MzgxNDA0NV8wNDk\/screen-11.jpg?fakeurl=1&type=.jpg","preview":"https:\/\/image.winudf.com\/v2\/image1\/Y29tLm1heG1wei5hdWRpb3BsYXllcl9zY3JlZW5fMTFfMTU1MzgxNDA0NV8wNDk\/screen-11.jpg?fakeurl=1&type=.jpg"},{"id":1,"image_link":"https:\/\/image.winudf.com\/v2\/image1\/Y29tLm1heG1wei5hdWRpb3BsYXllcl9zY3JlZW5fMTJfMTU1MzgxNDA0Nl8wNjc\/screen-12.jpg?fakeurl=1&type=.jpg","preview":"https:\/\/image.winudf.com\/v2\/image1\/Y29tLm1heG1wei5hdWRpb3BsYXllcl9zY3JlZW5fMTJfMTU1MzgxNDA0Nl8wNjc\/screen-12.jpg?fakeurl=1&type=.jpg"},{"id":1,"image_link":"https:\/\/image.winudf.com\/v2\/image1\/Y29tLm1heG1wei5hdWRpb3BsYXllcl9zY3JlZW5fMTNfMTU1MzgxNDA0N18wMzY\/screen-13.jpg?fakeurl=1&type=.jpg","preview":"https:\/\/image.winudf.com\/v2\/image1\/Y29tLm1heG1wei5hdWRpb3BsYXllcl9zY3JlZW5fMTNfMTU1MzgxNDA0N18wMzY\/screen-13.jpg?fakeurl=1&type=.jpg"},{"id":1,"image_link":"https:\/\/image.winudf.com\/v2\/image1\/Y29tLm1heG1wei5hdWRpb3BsYXllcl9zY3JlZW5fMTRfMTU1MzgxNDA0N18wOTI\/screen-14.jpg?fakeurl=1&type=.jpg","preview":"https:\/\/image.winudf.com\/v2\/image1\/Y29tLm1heG1wei5hdWRpb3BsYXllcl9zY3JlZW5fMTRfMTU1MzgxNDA0N18wOTI\/screen-14.jpg?fakeurl=1&type=.jpg"},{"id":1,"image_link":"https:\/\/image.winudf.com\/v2\/image1\/Y29tLm1heG1wei5hdWRpb3BsYXllcl9zY3JlZW5fMTVfMTU1MzgxNDA0N18wNTc\/screen-15.jpg?fakeurl=1&type=.jpg","preview":"https:\/\/image.winudf.com\/v2\/image1\/Y29tLm1heG1wei5hdWRpb3BsYXllcl9zY3JlZW5fMTVfMTU1MzgxNDA0N18wNTc\/screen-15.jpg?fakeurl=1&type=.jpg"},{"id":1,"image_link":"https:\/\/image.winudf.com\/v2\/image1\/Y29tLm1heG1wei5hdWRpb3BsYXllcl9zY3JlZW5fMTZfMTU1MzgxNDA0OF8wMjA\/screen-16.jpg?fakeurl=1&type=.jpg","preview":"https:\/\/image.winudf.com\/v2\/image1\/Y29tLm1heG1wei5hdWRpb3BsYXllcl9zY3JlZW5fMTZfMTU1MzgxNDA0OF8wMjA\/screen-16.jpg?fakeurl=1&type=.jpg"},{"id":1,"image_link":"https:\/\/image.winudf.com\/v2\/image1\/Y29tLm1heG1wei5hdWRpb3BsYXllcl9zY3JlZW5fMTdfMTU1MzgxNDA0OV8wMjU\/screen-17.jpg?fakeurl=1&type=.jpg","preview":"https:\/\/image.winudf.com\/v2\/image1\/Y29tLm1heG1wei5hdWRpb3BsYXllcl9zY3JlZW5fMTdfMTU1MzgxNDA0OV8wMjU\/screen-17.jpg?fakeurl=1&type=.jpg"}],"screenshot_previews":[{"id":1,"image_link":"https:\/\/image.winudf.com\/v2\/image1\/Y29tLm1heG1wei5hdWRpb3BsYXllcl9zY3JlZW5fMF8xNTUzODE0MDM3XzA0Mg\/screen-0.jpg?fakeurl=1&type=.jpg","preview":"https:\/\/image.winudf.com\/v2\/image1\/Y29tLm1heG1wei5hdWRpb3BsYXllcl9zY3JlZW5fMF8xNTUzODE0MDM3XzA0Mg\/screen-0.jpg?fakeurl=1&type=.jpg"},{"id":1,"image_link":"https:\/\/image.winudf.com\/v2\/image1\/Y29tLm1heG1wei5hdWRpb3BsYXllcl9zY3JlZW5fMV8xNTUzODE0MDM4XzA5Ng\/screen-1.jpg?fakeurl=1&type=.jpg","preview":"https:\/\/image.winudf.com\/v2\/image1\/Y29tLm1heG1wei5hdWRpb3BsYXllcl9zY3JlZW5fMV8xNTUzODE0MDM4XzA5Ng\/screen-1.jpg?fakeurl=1&type=.jpg"},{"id":1,"image_link":"https:\/\/image.winudf.com\/v2\/image1\/Y29tLm1heG1wei5hdWRpb3BsYXllcl9zY3JlZW5fMl8xNTUzODE0MDM4XzA1OA\/screen-2.jpg?fakeurl=1&type=.jpg","preview":"https:\/\/image.winudf.com\/v2\/image1\/Y29tLm1heG1wei5hdWRpb3BsYXllcl9zY3JlZW5fMl8xNTUzODE0MDM4XzA1OA\/screen-2.jpg?fakeurl=1&type=.jpg"},{"id":1,"image_link":"https:\/\/image.winudf.com\/v2\/image1\/Y29tLm1heG1wei5hdWRpb3BsYXllcl9zY3JlZW5fM18xNTUzODE0MDM5XzAyMw\/screen-3.jpg?fakeurl=1&type=.jpg","preview":"https:\/\/image.winudf.com\/v2\/image1\/Y29tLm1heG1wei5hdWRpb3BsYXllcl9zY3JlZW5fM18xNTUzODE0MDM5XzAyMw\/screen-3.jpg?fakeurl=1&type=.jpg"},{"id":1,"image_link":"https:\/\/image.winudf.com\/v2\/image1\/Y29tLm1heG1wei5hdWRpb3BsYXllcl9zY3JlZW5fNF8xNTUzODE0MDM5XzA0OQ\/screen-4.jpg?fakeurl=1&type=.jpg","preview":"https:\/\/image.winudf.com\/v2\/image1\/Y29tLm1heG1wei5hdWRpb3BsYXllcl9zY3JlZW5fNF8xNTUzODE0MDM5XzA0OQ\/screen-4.jpg?fakeurl=1&type=.jpg"},{"id":1,"image_link":"https:\/\/image.winudf.com\/v2\/image1\/Y29tLm1heG1wei5hdWRpb3BsYXllcl9zY3JlZW5fNV8xNTUzODE0MDQwXzAzNQ\/screen-5.jpg?fakeurl=1&type=.jpg","preview":"https:\/\/image.winudf.com\/v2\/image1\/Y29tLm1heG1wei5hdWRpb3BsYXllcl9zY3JlZW5fNV8xNTUzODE0MDQwXzAzNQ\/screen-5.jpg?fakeurl=1&type=.jpg"},{"id":1,"image_link":"https:\/\/image.winudf.com\/v2\/image1\/Y29tLm1heG1wei5hdWRpb3BsYXllcl9zY3JlZW5fNl8xNTUzODE0MDQwXzA4OA\/screen-6.jpg?fakeurl=1&type=.jpg","preview":"https:\/\/image.winudf.com\/v2\/image1\/Y29tLm1heG1wei5hdWRpb3BsYXllcl9zY3JlZW5fNl8xNTUzODE0MDQwXzA4OA\/screen-6.jpg?fakeurl=1&type=.jpg"},{"id":1,"image_link":"https:\/\/image.winudf.com\/v2\/image1\/Y29tLm1heG1wei5hdWRpb3BsYXllcl9zY3JlZW5fN18xNTUzODE0MDQxXzAzOQ\/screen-7.jpg?fakeurl=1&type=.jpg","preview":"https:\/\/image.winudf.com\/v2\/image1\/Y29tLm1heG1wei5hdWRpb3BsYXllcl9zY3JlZW5fN18xNTUzODE0MDQxXzAzOQ\/screen-7.jpg?fakeurl=1&type=.jpg"},{"id":1,"image_link":"https:\/\/image.winudf.com\/v2\/image1\/Y29tLm1heG1wei5hdWRpb3BsYXllcl9zY3JlZW5fOF8xNTUzODE0MDQxXzA2Nw\/screen-8.jpg?fakeurl=1&type=.jpg","preview":"https:\/\/image.winudf.com\/v2\/image1\/Y29tLm1heG1wei5hdWRpb3BsYXllcl9zY3JlZW5fOF8xNTUzODE0MDQxXzA2Nw\/screen-8.jpg?fakeurl=1&type=.jpg"},{"id":1,"image_link":"https:\/\/image.winudf.com\/v2\/image1\/Y29tLm1heG1wei5hdWRpb3BsYXllcl9zY3JlZW5fOV8xNTUzODE0MDQzXzA4OA\/screen-9.jpg?fakeurl=1&type=.jpg","preview":"https:\/\/image.winudf.com\/v2\/image1\/Y29tLm1heG1wei5hdWRpb3BsYXllcl9zY3JlZW5fOV8xNTUzODE0MDQzXzA4OA\/screen-9.jpg?fakeurl=1&type=.jpg"},{"id":1,"image_link":"https:\/\/image.winudf.com\/v2\/image1\/Y29tLm1heG1wei5hdWRpb3BsYXllcl9zY3JlZW5fMTBfMTU1MzgxNDA0NF8wMTM\/screen-10.jpg?fakeurl=1&type=.jpg","preview":"https:\/\/image.winudf.com\/v2\/image1\/Y29tLm1heG1wei5hdWRpb3BsYXllcl9zY3JlZW5fMTBfMTU1MzgxNDA0NF8wMTM\/screen-10.jpg?fakeurl=1&type=.jpg"},{"id":1,"image_link":"https:\/\/image.winudf.com\/v2\/image1\/Y29tLm1heG1wei5hdWRpb3BsYXllcl9zY3JlZW5fMTFfMTU1MzgxNDA0NV8wNDk\/screen-11.jpg?fakeurl=1&type=.jpg","preview":"https:\/\/image.winudf.com\/v2\/image1\/Y29tLm1heG1wei5hdWRpb3BsYXllcl9zY3JlZW5fMTFfMTU1MzgxNDA0NV8wNDk\/screen-11.jpg?fakeurl=1&type=.jpg"},{"id":1,"image_link":"https:\/\/image.winudf.com\/v2\/image1\/Y29tLm1heG1wei5hdWRpb3BsYXllcl9zY3JlZW5fMTJfMTU1MzgxNDA0Nl8wNjc\/screen-12.jpg?fakeurl=1&type=.jpg","preview":"https:\/\/image.winudf.com\/v2\/image1\/Y29tLm1heG1wei5hdWRpb3BsYXllcl9zY3JlZW5fMTJfMTU1MzgxNDA0Nl8wNjc\/screen-12.jpg?fakeurl=1&type=.jpg"},{"id":1,"image_link":"https:\/\/image.winudf.com\/v2\/image1\/Y29tLm1heG1wei5hdWRpb3BsYXllcl9zY3JlZW5fMTNfMTU1MzgxNDA0N18wMzY\/screen-13.jpg?fakeurl=1&type=.jpg","preview":"https:\/\/image.winudf.com\/v2\/image1\/Y29tLm1heG1wei5hdWRpb3BsYXllcl9zY3JlZW5fMTNfMTU1MzgxNDA0N18wMzY\/screen-13.jpg?fakeurl=1&type=.jpg"},{"id":1,"image_link":"https:\/\/image.winudf.com\/v2\/image1\/Y29tLm1heG1wei5hdWRpb3BsYXllcl9zY3JlZW5fMTRfMTU1MzgxNDA0N18wOTI\/screen-14.jpg?fakeurl=1&type=.jpg","preview":"https:\/\/image.winudf.com\/v2\/image1\/Y29tLm1heG1wei5hdWRpb3BsYXllcl9zY3JlZW5fMTRfMTU1MzgxNDA0N18wOTI\/screen-14.jpg?fakeurl=1&type=.jpg"},{"id":1,"image_link":"https:\/\/image.winudf.com\/v2\/image1\/Y29tLm1heG1wei5hdWRpb3BsYXllcl9zY3JlZW5fMTVfMTU1MzgxNDA0N18wNTc\/screen-15.jpg?fakeurl=1&type=.jpg","preview":"https:\/\/image.winudf.com\/v2\/image1\/Y29tLm1heG1wei5hdWRpb3BsYXllcl9zY3JlZW5fMTVfMTU1MzgxNDA0N18wNTc\/screen-15.jpg?fakeurl=1&type=.jpg"},{"id":1,"image_link":"https:\/\/image.winudf.com\/v2\/image1\/Y29tLm1heG1wei5hdWRpb3BsYXllcl9zY3JlZW5fMTZfMTU1MzgxNDA0OF8wMjA\/screen-16.jpg?fakeurl=1&type=.jpg","preview":"https:\/\/image.winudf.com\/v2\/image1\/Y29tLm1heG1wei5hdWRpb3BsYXllcl9zY3JlZW5fMTZfMTU1MzgxNDA0OF8wMjA\/screen-16.jpg?fakeurl=1&type=.jpg"},{"id":1,"image_link":"https:\/\/image.winudf.com\/v2\/image1\/Y29tLm1heG1wei5hdWRpb3BsYXllcl9zY3JlZW5fMTdfMTU1MzgxNDA0OV8wMjU\/screen-17.jpg?fakeurl=1&type=.jpg","preview":"https:\/\/image.winudf.com\/v2\/image1\/Y29tLm1heG1wei5hdWRpb3BsYXllcl9zY3JlZW5fMTdfMTU1MzgxNDA0OV8wMjU\/screen-17.jpg?fakeurl=1&type=.jpg"}],"total_ratings":173649,"developer":"Max MP","developer_url":"https:\/\/play.google.com\/store\/apps\/developer?id=Max MP","tags":["Music &amp; Audio"],"versions":[{"identifier":"2.0.10-build-860589-x86-play","download_link":"https:\/\/apkpure.com\/poweramp-music-player-trial\/com.maxmpz.audioplayer\/download?from=details","is_link_external":1}],"more_details":[{"title":"Latest Version","identifier":"latest_version","value":"2.0.10-build-860589-x86-play "},{"title":"Publish Date","identifier":"published_date","value":"2019-06-03"},{"title":"Requirement","identifier":"required_android","value":"Android 2.1+"}],"seo_title":"Poweramp","seo_keyword":"Poweramp, Poweramp for android, Poweramp android download, Poweramp apk, Poweramp android apk, Poweramp download","seo_description":"Download Poweramp apk 2.0.10-build-860589-x86-play for Android. Powerful Music Player for Android"}