{"app_id":"com.slacker.radio","value":"com.slacker.radio","title":"LiveXLive","label":"LiveXLive","slug":"livexlive","app_image_url":"https:\/\/image.winudf.com\/v2\/image1\/Y29tLnNsYWNrZXIucmFkaW9faWNvbl8xNTU2Mzg3MDY1XzA3Ng\/icon.png?w=170&fakeurl=1","app_link":"https:\/\/play.google.com\/store\/apps\/details?id=com.slacker.radio","description":"LiveXLive Powered by Slacker, formerly Slacker Radio, is a totally reimagined music streaming app that lets you listen to your favorite music and watch live streaming performances for free, all in one place.<br><br>With our global coverage and massive collection of music, you\u2019ll get:<br><br>\u2022    Free access to the music and events you love<br>\u2022    Hundreds of interactive and hand-crafted music stations<br>\u2022    Music recommendations personalized just for you, so you can discover new favorites<br>\u2022    Live video streams of festivals and concerts from around the world<br>\u2022    Exclusive hosted audio and video shows every week<br>\u2022    The ability to easily collect and share your favorite songs<br>\u2022    The power to create your own stations and playlists<br>\u2022    Unique interactive news and sports programming<br>\u2022    On-demand access to millions of songs and albums with subscription<br>\u2022    Offline data-free listening on mobile with subscription<br><br><br>Check out LiveXLive.com and follow @livexlive on social media for announcements about upcoming events and exciting new features.<br><br>Want to get the most out of LiveXLive Powered by Slacker?<br><br>Subscribe to LiveXLive Plus:<br><br>\u2022    Ad-free listening<br>\u2022    Maximum audio quality<br>\u2022    Unlimited skips<br>\u2022    Auto renews monthly at $3.99 USD<br><br><br>Subscribe to LiveXLive Premium:<br>\u2022    All the benefits of LiveXLive Plus<br>\u2022    Listen offline<br>\u2022    Play millions of songs and albums on demand<br>\u2022    Create your own playlists and stations<br>\u2022    Auto renews monthly at $9.99 USD<br><br><br>Privacy policy: https:\/\/www.slacker.com\/privacy<br><br>Terms of use: https:\/\/www.slacker.com\/terms","status_identifier":"active","short_description":"LiveXLive Powered by Slacker, formerly Slacker Radio, is a totally reimagined music streaming app that lets you listen to your favorite music and watch live streaming performances for free, all in one...","current_ratings":5,"categories":[{"label":"Music & Audio","value":"music_audio"}],"screenshots":[{"id":1,"image_link":"https:\/\/image.winudf.com\/v2\/image1\/Y29tLnNsYWNrZXIucmFkaW9fc2NyZWVuXzBfMTU1NjM4NzA2NV8wNTI\/screen-0.jpg?fakeurl=1&type=.jpg","preview":"https:\/\/image.winudf.com\/v2\/image1\/Y29tLnNsYWNrZXIucmFkaW9fc2NyZWVuXzBfMTU1NjM4NzA2NV8wNTI\/screen-0.jpg?fakeurl=1&type=.jpg"},{"id":1,"image_link":"https:\/\/image.winudf.com\/v2\/image1\/Y29tLnNsYWNrZXIucmFkaW9fc2NyZWVuXzFfMTU1NjM4NzA2NV8wNzI\/screen-1.jpg?fakeurl=1&type=.jpg","preview":"https:\/\/image.winudf.com\/v2\/image1\/Y29tLnNsYWNrZXIucmFkaW9fc2NyZWVuXzFfMTU1NjM4NzA2NV8wNzI\/screen-1.jpg?fakeurl=1&type=.jpg"},{"id":1,"image_link":"https:\/\/image.winudf.com\/v2\/image1\/Y29tLnNsYWNrZXIucmFkaW9fc2NyZWVuXzJfMTU1NjM4NzA2Nl8wMzM\/screen-2.jpg?fakeurl=1&type=.jpg","preview":"https:\/\/image.winudf.com\/v2\/image1\/Y29tLnNsYWNrZXIucmFkaW9fc2NyZWVuXzJfMTU1NjM4NzA2Nl8wMzM\/screen-2.jpg?fakeurl=1&type=.jpg"},{"id":1,"image_link":"https:\/\/image.winudf.com\/v2\/image1\/Y29tLnNsYWNrZXIucmFkaW9fc2NyZWVuXzNfMTU1NjM4NzA2Nl8wNTE\/screen-3.jpg?fakeurl=1&type=.jpg","preview":"https:\/\/image.winudf.com\/v2\/image1\/Y29tLnNsYWNrZXIucmFkaW9fc2NyZWVuXzNfMTU1NjM4NzA2Nl8wNTE\/screen-3.jpg?fakeurl=1&type=.jpg"},{"id":1,"image_link":"https:\/\/image.winudf.com\/v2\/image1\/Y29tLnNsYWNrZXIucmFkaW9fc2NyZWVuXzRfMTU1NjM4NzA2N18wNDY\/screen-4.jpg?fakeurl=1&type=.jpg","preview":"https:\/\/image.winudf.com\/v2\/image1\/Y29tLnNsYWNrZXIucmFkaW9fc2NyZWVuXzRfMTU1NjM4NzA2N18wNDY\/screen-4.jpg?fakeurl=1&type=.jpg"},{"id":1,"image_link":"https:\/\/image.winudf.com\/v2\/image1\/Y29tLnNsYWNrZXIucmFkaW9fc2NyZWVuXzVfMTU1NjM4NzA2N18wNTY\/screen-5.jpg?fakeurl=1&type=.jpg","preview":"https:\/\/image.winudf.com\/v2\/image1\/Y29tLnNsYWNrZXIucmFkaW9fc2NyZWVuXzVfMTU1NjM4NzA2N18wNTY\/screen-5.jpg?fakeurl=1&type=.jpg"},{"id":1,"image_link":"https:\/\/image.winudf.com\/v2\/image1\/Y29tLnNsYWNrZXIucmFkaW9fc2NyZWVuXzZfMTU1NjM4NzA2N18wMDA\/screen-6.jpg?fakeurl=1&type=.jpg","preview":"https:\/\/image.winudf.com\/v2\/image1\/Y29tLnNsYWNrZXIucmFkaW9fc2NyZWVuXzZfMTU1NjM4NzA2N18wMDA\/screen-6.jpg?fakeurl=1&type=.jpg"}],"screenshot_previews":[{"id":1,"image_link":"https:\/\/image.winudf.com\/v2\/image1\/Y29tLnNsYWNrZXIucmFkaW9fc2NyZWVuXzBfMTU1NjM4NzA2NV8wNTI\/screen-0.jpg?fakeurl=1&type=.jpg","preview":"https:\/\/image.winudf.com\/v2\/image1\/Y29tLnNsYWNrZXIucmFkaW9fc2NyZWVuXzBfMTU1NjM4NzA2NV8wNTI\/screen-0.jpg?fakeurl=1&type=.jpg"},{"id":1,"image_link":"https:\/\/image.winudf.com\/v2\/image1\/Y29tLnNsYWNrZXIucmFkaW9fc2NyZWVuXzFfMTU1NjM4NzA2NV8wNzI\/screen-1.jpg?fakeurl=1&type=.jpg","preview":"https:\/\/image.winudf.com\/v2\/image1\/Y29tLnNsYWNrZXIucmFkaW9fc2NyZWVuXzFfMTU1NjM4NzA2NV8wNzI\/screen-1.jpg?fakeurl=1&type=.jpg"},{"id":1,"image_link":"https:\/\/image.winudf.com\/v2\/image1\/Y29tLnNsYWNrZXIucmFkaW9fc2NyZWVuXzJfMTU1NjM4NzA2Nl8wMzM\/screen-2.jpg?fakeurl=1&type=.jpg","preview":"https:\/\/image.winudf.com\/v2\/image1\/Y29tLnNsYWNrZXIucmFkaW9fc2NyZWVuXzJfMTU1NjM4NzA2Nl8wMzM\/screen-2.jpg?fakeurl=1&type=.jpg"},{"id":1,"image_link":"https:\/\/image.winudf.com\/v2\/image1\/Y29tLnNsYWNrZXIucmFkaW9fc2NyZWVuXzNfMTU1NjM4NzA2Nl8wNTE\/screen-3.jpg?fakeurl=1&type=.jpg","preview":"https:\/\/image.winudf.com\/v2\/image1\/Y29tLnNsYWNrZXIucmFkaW9fc2NyZWVuXzNfMTU1NjM4NzA2Nl8wNTE\/screen-3.jpg?fakeurl=1&type=.jpg"},{"id":1,"image_link":"https:\/\/image.winudf.com\/v2\/image1\/Y29tLnNsYWNrZXIucmFkaW9fc2NyZWVuXzRfMTU1NjM4NzA2N18wNDY\/screen-4.jpg?fakeurl=1&type=.jpg","preview":"https:\/\/image.winudf.com\/v2\/image1\/Y29tLnNsYWNrZXIucmFkaW9fc2NyZWVuXzRfMTU1NjM4NzA2N18wNDY\/screen-4.jpg?fakeurl=1&type=.jpg"},{"id":1,"image_link":"https:\/\/image.winudf.com\/v2\/image1\/Y29tLnNsYWNrZXIucmFkaW9fc2NyZWVuXzVfMTU1NjM4NzA2N18wNTY\/screen-5.jpg?fakeurl=1&type=.jpg","preview":"https:\/\/image.winudf.com\/v2\/image1\/Y29tLnNsYWNrZXIucmFkaW9fc2NyZWVuXzVfMTU1NjM4NzA2N18wNTY\/screen-5.jpg?fakeurl=1&type=.jpg"},{"id":1,"image_link":"https:\/\/image.winudf.com\/v2\/image1\/Y29tLnNsYWNrZXIucmFkaW9fc2NyZWVuXzZfMTU1NjM4NzA2N18wMDA\/screen-6.jpg?fakeurl=1&type=.jpg","preview":"https:\/\/image.winudf.com\/v2\/image1\/Y29tLnNsYWNrZXIucmFkaW9fc2NyZWVuXzZfMTU1NjM4NzA2N18wMDA\/screen-6.jpg?fakeurl=1&type=.jpg"}],"total_ratings":417524,"developer":"Slacker Inc.","developer_url":"https:\/\/play.google.com\/store\/apps\/developer?id=Slacker Inc.","tags":["Music &amp; Audio"],"versions":[{"identifier":"8.1.2","download_link":"https:\/\/apkpure.com\/livexlive-streaming-music-and-live-events\/com.slacker.radio\/download?from=details","is_link_external":1}],"more_details":[{"title":"Latest Version","identifier":"latest_version","value":"8.1.2 "},{"title":"Publish Date","identifier":"published_date","value":"2019-06-06"},{"title":"Requirement","identifier":"required_android","value":"Android 4.1+"}],"seo_title":"LiveXLive","seo_keyword":"LiveXLive, LiveXLive for android, LiveXLive android download, LiveXLive apk, LiveXLive android apk, LiveXLive download","seo_description":"Download LiveXLive apk 8.1.2 for Android. Free access to the music you love and live stream events from around the world."}