{"app_id":"com.soundcloud.android","value":"com.soundcloud.android","title":"SoundCloud","label":"SoundCloud","slug":"soundcloud","app_image_url":"https:\/\/image.winudf.com\/v2\/image1\/Y29tLnNvdW5kY2xvdWQuYW5kcm9pZF9pY29uXzE1NTY3ODk0MjBfMDIy\/icon.png?w=170&fakeurl=1","app_link":"https:\/\/play.google.com\/store\/apps\/details?id=com.soundcloud.android","description":"SoundCloud is the world's largest music and audio streaming platform with 200 million tracks and counting. With a global community of more than 20 million artists from every creative corner of the world, SoundCloud is where you find music that exists nowhere else \u2013 like exclusive tracks, playlists, DJ sets, remixes and freestyles \u2013 right alongside chart-topping albums and mainstream releases.<br><br>Our massive catalog has the biggest hits in hip-hop, electronic, rock, classical, jazz and podcasts, but also the sub-genres within these communities that you\u2019ll be hearing about next year.  <br><br>SoundCloud is where artists and fans collide to push music culture forward together. Connect to emerging artists or today\u2019s superstars directly and in real time, and hear their new releases within seconds of them being shared. With every like, play, comment, and repost, you\u2019re supporting creators and the future of music.<br><br>Download the app to join our diverse community, connect with artists you love, and discover what\u2019s next in music, first on SoundCloud.<br><br>SOUNDCLOUD FREE:<br><br>- Access the most diverse catalog of content from millions of emerging and established artists<br>- Get suggested tracks based on your likes and listening habits<br>- Discover the best music in each genre with SoundCloud charts<br>- Connect with friends and interact with your favorite artists directly<br>- Create playlists for parties, workouts, your commute, or any mood<br>- Find new music faster with our curated playlists, \u201cSoundCloud Weekly,\u201d \u201cFresh Pressed,\u201d and hundreds more<br><br>SOUNDCLOUD GO:<br><br>- Save unlimited tracks for offline listening<br>- Ad-free listening<br>- Your subscription helps financially support the millions of creators who are starting and growing their careers on SoundCloud<br>- Try 30 days free, then $5.99\/month*<br><br>SOUNDCLOUD GO+:<br><br>- Save unlimited tracks for offline listening<br>- Access full catalog, no previews <br>- Get ad-free listening<br>- High quality audio<br>- Your subscription helps financially support the millions of creators who are starting and growing their careers on SoundCloud<br>- Try 30 days free, then $12.99\/month**<br><br>JOIN THE COMMUNITY<br><br>SoundCloud Blog: http:\/\/blog.soundcloud.com<br>Instagram: http:\/\/instagram.com\/soundcloud<br>Facebook: http:\/\/www.facebook.com\/soundcloud<br>Twitter: https:\/\/www.twitter.com\/soundcloud<br><br>PROBLEMS? FEEDBACK?<br><br>The more you tell us, the better SoundCloud gets.<br><br>http:\/\/soundcloudcommunity.com<br>http:\/\/help.soundcloud.com<br>https:\/\/twitter.com\/SCsupport<br><br>SoundCloud is available in English, Brazilian Portuguese, Dutch, French, German, Italian and Spanish.<br><br>*Get SoundCloud Go free for first 7 days, and $5.99\/month after that. Free 7-day trial only available for users who haven't previously subscribed to SoundCloud Go. Subscription automatically renews unless auto-renew is turned off at least 24-hours before the end of the current period. Account will be charged for $5.99 within 24-hours prior to the end of the current period. Subscriptions may be managed by the user and auto-renewal may be turned off by going to the user's Account Settings after purchase. Any unused portion of a free trial period, if offered, will be forfeited when the user purchases a subscription. Offer limited to users based in the US.<br><br>**Get SoundCloud Go+ free for first 30 days, and $12.99\/month after that. Free 30-day trial only available for users who haven't previously subscribed to SoundCloud Go+. Subscription automatically renews unless auto-renew is turned off at least 24-hours before the end of the current period. Account will be charged for $12.99 within 24-hours prior to the end of the current period. Subscriptions may be managed by the user and auto-renewal may be turned off by going to the user's Account Settings after purchase. Any unused portion of a free trial period, if offered, will be forfeited when the user purchases a subscription. Offer limited to users based in the US.<br><br>Privacy Policy: https:\/\/soundcloud.com\/pages\/privacy<br>Terms of Use: https:\/\/soundcloud.com\/terms-of-use","status_identifier":"active","short_description":"SoundCloud is the world's largest music and audio streaming platform with 200 million tracks and counting. With a global community of more than 20 million artists from every creative corner of the wor...","current_ratings":4.65,"categories":[{"label":"Music & Audio","value":"music_audio"}],"screenshots":[{"id":1,"image_link":"https:\/\/image.winudf.com\/v2\/image1\/Y29tLnNvdW5kY2xvdWQuYW5kcm9pZF9zY3JlZW5fMF8xNTU1NDM1ODI5XzAwNQ\/screen-0.jpg?fakeurl=1&type=.jpg","preview":"https:\/\/image.winudf.com\/v2\/image1\/Y29tLnNvdW5kY2xvdWQuYW5kcm9pZF9zY3JlZW5fMF8xNTU1NDM1ODI5XzAwNQ\/screen-0.jpg?fakeurl=1&type=.jpg"},{"id":1,"image_link":"https:\/\/image.winudf.com\/v2\/image1\/Y29tLnNvdW5kY2xvdWQuYW5kcm9pZF9zY3JlZW5fMV8xNTU1NDM1ODMwXzAzMQ\/screen-1.jpg?fakeurl=1&type=.jpg","preview":"https:\/\/image.winudf.com\/v2\/image1\/Y29tLnNvdW5kY2xvdWQuYW5kcm9pZF9zY3JlZW5fMV8xNTU1NDM1ODMwXzAzMQ\/screen-1.jpg?fakeurl=1&type=.jpg"},{"id":1,"image_link":"https:\/\/image.winudf.com\/v2\/image1\/Y29tLnNvdW5kY2xvdWQuYW5kcm9pZF9zY3JlZW5fMl8xNTU1NDM1ODMwXzAwMw\/screen-2.jpg?fakeurl=1&type=.jpg","preview":"https:\/\/image.winudf.com\/v2\/image1\/Y29tLnNvdW5kY2xvdWQuYW5kcm9pZF9zY3JlZW5fMl8xNTU1NDM1ODMwXzAwMw\/screen-2.jpg?fakeurl=1&type=.jpg"},{"id":1,"image_link":"https:\/\/image.winudf.com\/v2\/image1\/Y29tLnNvdW5kY2xvdWQuYW5kcm9pZF9zY3JlZW5fM18xNTU1NDM1ODMwXzA4OQ\/screen-3.jpg?fakeurl=1&type=.jpg","preview":"https:\/\/image.winudf.com\/v2\/image1\/Y29tLnNvdW5kY2xvdWQuYW5kcm9pZF9zY3JlZW5fM18xNTU1NDM1ODMwXzA4OQ\/screen-3.jpg?fakeurl=1&type=.jpg"}],"screenshot_previews":[{"id":1,"image_link":"https:\/\/image.winudf.com\/v2\/image1\/Y29tLnNvdW5kY2xvdWQuYW5kcm9pZF9zY3JlZW5fMF8xNTU1NDM1ODI5XzAwNQ\/screen-0.jpg?fakeurl=1&type=.jpg","preview":"https:\/\/image.winudf.com\/v2\/image1\/Y29tLnNvdW5kY2xvdWQuYW5kcm9pZF9zY3JlZW5fMF8xNTU1NDM1ODI5XzAwNQ\/screen-0.jpg?fakeurl=1&type=.jpg"},{"id":1,"image_link":"https:\/\/image.winudf.com\/v2\/image1\/Y29tLnNvdW5kY2xvdWQuYW5kcm9pZF9zY3JlZW5fMV8xNTU1NDM1ODMwXzAzMQ\/screen-1.jpg?fakeurl=1&type=.jpg","preview":"https:\/\/image.winudf.com\/v2\/image1\/Y29tLnNvdW5kY2xvdWQuYW5kcm9pZF9zY3JlZW5fMV8xNTU1NDM1ODMwXzAzMQ\/screen-1.jpg?fakeurl=1&type=.jpg"},{"id":1,"image_link":"https:\/\/image.winudf.com\/v2\/image1\/Y29tLnNvdW5kY2xvdWQuYW5kcm9pZF9zY3JlZW5fMl8xNTU1NDM1ODMwXzAwMw\/screen-2.jpg?fakeurl=1&type=.jpg","preview":"https:\/\/image.winudf.com\/v2\/image1\/Y29tLnNvdW5kY2xvdWQuYW5kcm9pZF9zY3JlZW5fMl8xNTU1NDM1ODMwXzAwMw\/screen-2.jpg?fakeurl=1&type=.jpg"},{"id":1,"image_link":"https:\/\/image.winudf.com\/v2\/image1\/Y29tLnNvdW5kY2xvdWQuYW5kcm9pZF9zY3JlZW5fM18xNTU1NDM1ODMwXzA4OQ\/screen-3.jpg?fakeurl=1&type=.jpg","preview":"https:\/\/image.winudf.com\/v2\/image1\/Y29tLnNvdW5kY2xvdWQuYW5kcm9pZF9zY3JlZW5fM18xNTU1NDM1ODMwXzA4OQ\/screen-3.jpg?fakeurl=1&type=.jpg"}],"total_ratings":56734,"developer":"SoundCloud","developer_url":"https:\/\/play.google.com\/store\/apps\/developer?id=SoundCloud","tags":["Music &amp; Audio"],"versions":[{"identifier":"2019.06.11-release","download_link":"https:\/\/apkpure.com\/sound-cloud-android\/com.soundcloud.android\/download?from=details","is_link_external":1}],"more_details":[{"title":"Latest Version","identifier":"latest_version","value":"2019.06.11-release "},{"title":"Publish Date","identifier":"published_date","value":"2019-06-17"},{"title":"Requirement","identifier":"required_android","value":"Android 4.4+"}],"seo_title":"SoundCloud","seo_keyword":"SoundCloud, SoundCloud for android, SoundCloud android download, SoundCloud apk, SoundCloud android apk, SoundCloud download","seo_description":"Download SoundCloud apk 2019.06.11-release for Android. The world\u2019s largest audio and music streaming platform, with over 150M tracks"}