{"app_id":"com.ea.gp.nbamobile","value":"com.ea.gp.nbamobile","title":"NBA LIVE Mobile Basketball","label":"NBA LIVE Mobile Basketball","slug":"nba-live-mobile-basketball","app_image_url":"https:\/\/image.winudf.com\/v2\/image1\/Y29tLmVhLmdwLm5iYW1vYmlsZV9pY29uXzE1NjA3OTM0MTFfMDI2\/icon.png?w=170&fakeurl=1","app_link":"https:\/\/play.google.com\/store\/apps\/details?id=com.ea.gp.nbamobile","description":"<p class=\"MsoNormal\"><span lang=\"EN-US\">Portugal win Euro 2016 and football fans\r\ncan have a rest. For basketball fans, you can experience great fun at home. No\r\nneed to play basketball under the sun, you can get same fun when play at home.<p><\/p><\/span><\/p>\r\n\r\n<p class=\"MsoNormal\"><span lang=\"EN-US\">NBA Live Mobile is such a great game which is\r\njust right for you if you are a basketball fan. With it, you don't have to wait\r\nfor real NBA season and enjoy the game on your portable devices. Play, connect,\r\nand compete with friends easily.<p><\/p><\/span><\/p>\r\n\r\n<p class=\"MsoNormal\"><span style=\"line-height: 1.42857;\">Build a team in 5 vs 5 action. Follow NBS\u2019s\r\nlive events. Some skills will help you.<\/span><br><\/p>\r\n\r\n<p class=\"MsoListParagraph\" style=\"margin-left:18.0pt;text-indent:-18.0pt;\r\nmso-char-indent-count:0;mso-list:l0 level1 lfo1\"><!--[if !supportLists]--><span lang=\"EN-US\">1.<span style=\"font-stretch: normal; font-size: 7pt; line-height: normal; font-family: 'Times New Roman';\">\u00a0\u00a0\u00a0\u00a0\u00a0\u00a0\r\n<\/span><\/span><!--[endif]--><span lang=\"EN-US\">Know your rivals<p><\/p><\/span><\/p>\r\n\r\n<p class=\"MsoListParagraph\" style=\"margin-left:18.0pt;text-indent:0cm;mso-char-indent-count:\r\n0\"><span lang=\"EN-US\">Look at your rivals\u2019 precious metals which indicate their\r\nlevels. Gold is the best, then silver and bronze. Similar to Olympic medals. Tap\r\non the sheets to know the breakdown of their areas of expertise. Including 3\r\npointers, speed, shooting, passing, defense and dribbling.<p><\/p><\/span><\/p>\r\n\r\n<p class=\"MsoListParagraph\" style=\"margin-left:18.0pt;text-indent:-18.0pt;\r\nmso-char-indent-count:0;mso-list:l0 level1 lfo1\"><!--[if !supportLists]--><span lang=\"EN-US\">2.<span style=\"font-stretch: normal; font-size: 7pt; line-height: normal; font-family: 'Times New Roman';\">\u00a0\u00a0\u00a0\u00a0\u00a0\u00a0\r\n<\/span><\/span><!--[endif]--><span lang=\"EN-US\">Fill lineups<p><\/p><\/span><\/p>\r\n\r\n<p class=\"MsoListParagraph\" style=\"margin-left:18.0pt\"><span lang=\"EN-US\">Small\r\nBall: Dribbling and Speed<p><\/p><\/span><\/p>\r\n\r\n<p class=\"MsoListParagraph\" style=\"margin-left:18.0pt\"><span lang=\"EN-US\">Two-Way:\r\nPassing and Defense<p><\/p><\/span><\/p>\r\n\r\n<p class=\"MsoListParagraph\" style=\"margin-left:18.0pt\"><span lang=\"EN-US\">Big Man:\r\nShooting and Defense<p><\/p><\/span><\/p>\r\n\r\n<p class=\"MsoListParagraph\" style=\"margin-left:18.0pt\"><span lang=\"EN-US\">Defensive:\r\nDefense and Speed<p><\/p><\/span><\/p>\r\n\r\n<p class=\"MsoListParagraph\" style=\"margin-left:18.0pt\"><span lang=\"EN-US\">Shooting:\r\n3 Pointer and Shooting<p><\/p><\/span><\/p>\r\n\r\n<p class=\"MsoListParagraph\" style=\"margin-left:18.0pt;text-indent:0cm;mso-char-indent-count:\r\n0\"><span lang=\"EN-US\">You must use each player in a particular lineup as\r\nindicated by player card\u2019s colored icon. Furthermore, you must keep on looking\r\nto improve your lineup by meaning the squad.<p><\/p><\/span><\/p>\r\n\r\n<p class=\"MsoListParagraph\" style=\"margin-left:18.0pt;text-indent:-18.0pt;\r\nmso-char-indent-count:0;mso-list:l0 level1 lfo1\"><!--[if !supportLists]--><span lang=\"EN-US\">3.<span style=\"font-stretch: normal; font-size: 7pt; line-height: normal; font-family: 'Times New Roman';\">\u00a0\u00a0\u00a0\u00a0\u00a0\u00a0\r\n<\/span><\/span><!--[endif]--><span lang=\"EN-US\">Buy player cards<p><\/p><\/span><\/p>\r\n\r\n<p class=\"MsoListParagraph\" style=\"margin-left:18.0pt;text-indent:0cm;mso-char-indent-count:\r\n0\"><span lang=\"EN-US\">Use coins earned from gameplay or NBA Cash to buy player\r\ncards is a good way to complete your roster. You can buy elite players through\r\nLive Events using the \u201cAuctions\u201d tab. Here you can also win trophies and\r\ncollectibles.<p><\/p><\/span><\/p>\n<p>Note: Internet connection needed.\u00a0Facebook login required. Must be at least 13 years old.<\/p>\n<p><br><\/p>","status_identifier":"active","short_description":"Portugal win Euro 2016 and football fans\r\ncan have a rest. For basketball fans, you can experience great fun at home. No\r\nneed to play basketball under the sun, you can get same fun when play at home....","current_ratings":4.55,"categories":[{"label":"Sports","value":"sports"}],"screenshots":[{"id":1,"image_link":"javascript:void(0)","preview":"javascript:void(0)"},{"id":1,"image_link":"https:\/\/image.winudf.com\/v2\/image1\/Y29tLmVhLmdwLm5iYW1vYmlsZV9zY3JlZW5fMF8xNTU0OTM0NzQ0XzA2MA\/screen-0.jpg?fakeurl=1&type=.jpg","preview":"https:\/\/image.winudf.com\/v2\/image1\/Y29tLmVhLmdwLm5iYW1vYmlsZV9zY3JlZW5fMF8xNTU0OTM0NzQ0XzA2MA\/screen-0.jpg?fakeurl=1&type=.jpg"},{"id":1,"image_link":"https:\/\/image.winudf.com\/v2\/image1\/Y29tLmVhLmdwLm5iYW1vYmlsZV9zY3JlZW5fMV8xNTU0OTM0NzQ0XzA4OA\/screen-1.jpg?fakeurl=1&type=.jpg","preview":"https:\/\/image.winudf.com\/v2\/image1\/Y29tLmVhLmdwLm5iYW1vYmlsZV9zY3JlZW5fMV8xNTU0OTM0NzQ0XzA4OA\/screen-1.jpg?fakeurl=1&type=.jpg"},{"id":1,"image_link":"https:\/\/image.winudf.com\/v2\/image1\/Y29tLmVhLmdwLm5iYW1vYmlsZV9zY3JlZW5fMl8xNTU0OTM0NzQ1XzA2MQ\/screen-2.jpg?fakeurl=1&type=.jpg","preview":"https:\/\/image.winudf.com\/v2\/image1\/Y29tLmVhLmdwLm5iYW1vYmlsZV9zY3JlZW5fMl8xNTU0OTM0NzQ1XzA2MQ\/screen-2.jpg?fakeurl=1&type=.jpg"},{"id":1,"image_link":"https:\/\/image.winudf.com\/v2\/image1\/Y29tLmVhLmdwLm5iYW1vYmlsZV9zY3JlZW5fM18xNTU0OTM0NzQ1XzAyMw\/screen-3.jpg?fakeurl=1&type=.jpg","preview":"https:\/\/image.winudf.com\/v2\/image1\/Y29tLmVhLmdwLm5iYW1vYmlsZV9zY3JlZW5fM18xNTU0OTM0NzQ1XzAyMw\/screen-3.jpg?fakeurl=1&type=.jpg"},{"id":1,"image_link":"https:\/\/image.winudf.com\/v2\/image1\/Y29tLmVhLmdwLm5iYW1vYmlsZV9zY3JlZW5fNF8xNTU0OTM0NzQ1XzA3MQ\/screen-4.jpg?fakeurl=1&type=.jpg","preview":"https:\/\/image.winudf.com\/v2\/image1\/Y29tLmVhLmdwLm5iYW1vYmlsZV9zY3JlZW5fNF8xNTU0OTM0NzQ1XzA3MQ\/screen-4.jpg?fakeurl=1&type=.jpg"},{"id":1,"image_link":"https:\/\/image.winudf.com\/v2\/image1\/Y29tLmVhLmdwLm5iYW1vYmlsZV9zY3JlZW5fNV8xNTU0OTM0NzQ2XzAwNA\/screen-5.jpg?fakeurl=1&type=.jpg","preview":"https:\/\/image.winudf.com\/v2\/image1\/Y29tLmVhLmdwLm5iYW1vYmlsZV9zY3JlZW5fNV8xNTU0OTM0NzQ2XzAwNA\/screen-5.jpg?fakeurl=1&type=.jpg"},{"id":1,"image_link":"https:\/\/image.winudf.com\/v2\/image1\/Y29tLmVhLmdwLm5iYW1vYmlsZV9zY3JlZW5fNl8xNTU0OTM0NzQ2XzA5NA\/screen-6.jpg?fakeurl=1&type=.jpg","preview":"https:\/\/image.winudf.com\/v2\/image1\/Y29tLmVhLmdwLm5iYW1vYmlsZV9zY3JlZW5fNl8xNTU0OTM0NzQ2XzA5NA\/screen-6.jpg?fakeurl=1&type=.jpg"},{"id":1,"image_link":"https:\/\/image.winudf.com\/v2\/image1\/Y29tLmVhLmdwLm5iYW1vYmlsZV9zY3JlZW5fN18xNTU0OTM0NzQ2XzAxNA\/screen-7.jpg?fakeurl=1&type=.jpg","preview":"https:\/\/image.winudf.com\/v2\/image1\/Y29tLmVhLmdwLm5iYW1vYmlsZV9zY3JlZW5fN18xNTU0OTM0NzQ2XzAxNA\/screen-7.jpg?fakeurl=1&type=.jpg"},{"id":1,"image_link":"https:\/\/image.winudf.com\/v2\/image1\/Y29tLmVhLmdwLm5iYW1vYmlsZV9zY3JlZW5fOF8xNTU0OTM0NzQ3XzAzNw\/screen-8.jpg?fakeurl=1&type=.jpg","preview":"https:\/\/image.winudf.com\/v2\/image1\/Y29tLmVhLmdwLm5iYW1vYmlsZV9zY3JlZW5fOF8xNTU0OTM0NzQ3XzAzNw\/screen-8.jpg?fakeurl=1&type=.jpg"},{"id":1,"image_link":"https:\/\/image.winudf.com\/v2\/image1\/Y29tLmVhLmdwLm5iYW1vYmlsZV9zY3JlZW5fOV8xNTU0OTM0NzQ3XzAzNw\/screen-9.jpg?fakeurl=1&type=.jpg","preview":"https:\/\/image.winudf.com\/v2\/image1\/Y29tLmVhLmdwLm5iYW1vYmlsZV9zY3JlZW5fOV8xNTU0OTM0NzQ3XzAzNw\/screen-9.jpg?fakeurl=1&type=.jpg"},{"id":1,"image_link":"https:\/\/image.winudf.com\/v2\/image1\/Y29tLmVhLmdwLm5iYW1vYmlsZV9zY3JlZW5fMTBfMTU1NDkzNDc0N18wOTM\/screen-10.jpg?fakeurl=1&type=.jpg","preview":"https:\/\/image.winudf.com\/v2\/image1\/Y29tLmVhLmdwLm5iYW1vYmlsZV9zY3JlZW5fMTBfMTU1NDkzNDc0N18wOTM\/screen-10.jpg?fakeurl=1&type=.jpg"},{"id":1,"image_link":"https:\/\/image.winudf.com\/v2\/image1\/Y29tLmVhLmdwLm5iYW1vYmlsZV9zY3JlZW5fMTFfMTU1NDkzNDc0OF8wMDQ\/screen-11.jpg?fakeurl=1&type=.jpg","preview":"https:\/\/image.winudf.com\/v2\/image1\/Y29tLmVhLmdwLm5iYW1vYmlsZV9zY3JlZW5fMTFfMTU1NDkzNDc0OF8wMDQ\/screen-11.jpg?fakeurl=1&type=.jpg"},{"id":1,"image_link":"https:\/\/image.winudf.com\/v2\/image1\/Y29tLmVhLmdwLm5iYW1vYmlsZV9zY3JlZW5fMTJfMTU1NDkzNDc0OF8wMjk\/screen-12.jpg?fakeurl=1&type=.jpg","preview":"https:\/\/image.winudf.com\/v2\/image1\/Y29tLmVhLmdwLm5iYW1vYmlsZV9zY3JlZW5fMTJfMTU1NDkzNDc0OF8wMjk\/screen-12.jpg?fakeurl=1&type=.jpg"},{"id":1,"image_link":"https:\/\/image.winudf.com\/v2\/image1\/Y29tLmVhLmdwLm5iYW1vYmlsZV9zY3JlZW5fMTNfMTU1NDkzNDc0OF8wMDU\/screen-13.jpg?fakeurl=1&type=.jpg","preview":"https:\/\/image.winudf.com\/v2\/image1\/Y29tLmVhLmdwLm5iYW1vYmlsZV9zY3JlZW5fMTNfMTU1NDkzNDc0OF8wMDU\/screen-13.jpg?fakeurl=1&type=.jpg"},{"id":1,"image_link":"https:\/\/image.winudf.com\/v2\/image1\/Y29tLmVhLmdwLm5iYW1vYmlsZV9zY3JlZW5fMTRfMTU1NDkzNDc0OF8wNjM\/screen-14.jpg?fakeurl=1&type=.jpg","preview":"https:\/\/image.winudf.com\/v2\/image1\/Y29tLmVhLmdwLm5iYW1vYmlsZV9zY3JlZW5fMTRfMTU1NDkzNDc0OF8wNjM\/screen-14.jpg?fakeurl=1&type=.jpg"},{"id":1,"image_link":"https:\/\/image.winudf.com\/v2\/image1\/Y29tLmVhLmdwLm5iYW1vYmlsZV9zY3JlZW5fMTVfMTU1NDkzNDc0OV8wMjE\/screen-15.jpg?fakeurl=1&type=.jpg","preview":"https:\/\/image.winudf.com\/v2\/image1\/Y29tLmVhLmdwLm5iYW1vYmlsZV9zY3JlZW5fMTVfMTU1NDkzNDc0OV8wMjE\/screen-15.jpg?fakeurl=1&type=.jpg"},{"id":1,"image_link":"https:\/\/image.winudf.com\/v2\/image1\/Y29tLmVhLmdwLm5iYW1vYmlsZV9zY3JlZW5fMTZfMTU1NDkzNDc0OV8wODg\/screen-16.jpg?fakeurl=1&type=.jpg","preview":"https:\/\/image.winudf.com\/v2\/image1\/Y29tLmVhLmdwLm5iYW1vYmlsZV9zY3JlZW5fMTZfMTU1NDkzNDc0OV8wODg\/screen-16.jpg?fakeurl=1&type=.jpg"},{"id":1,"image_link":"https:\/\/image.winudf.com\/v2\/image1\/Y29tLmVhLmdwLm5iYW1vYmlsZV9zY3JlZW5fMTdfMTU1NDkzNDc1MF8wMzA\/screen-17.jpg?fakeurl=1&type=.jpg","preview":"https:\/\/image.winudf.com\/v2\/image1\/Y29tLmVhLmdwLm5iYW1vYmlsZV9zY3JlZW5fMTdfMTU1NDkzNDc1MF8wMzA\/screen-17.jpg?fakeurl=1&type=.jpg"},{"id":1,"image_link":"https:\/\/image.winudf.com\/v2\/image1\/Y29tLmVhLmdwLm5iYW1vYmlsZV9zY3JlZW5fMThfMTU1NDkzNDc1MF8wNTk\/screen-18.jpg?fakeurl=1&type=.jpg","preview":"https:\/\/image.winudf.com\/v2\/image1\/Y29tLmVhLmdwLm5iYW1vYmlsZV9zY3JlZW5fMThfMTU1NDkzNDc1MF8wNTk\/screen-18.jpg?fakeurl=1&type=.jpg"},{"id":1,"image_link":"https:\/\/image.winudf.com\/v2\/image1\/Y29tLmVhLmdwLm5iYW1vYmlsZV9zY3JlZW5fMTlfMTU1NDkzNDc1MV8wMzk\/screen-19.jpg?fakeurl=1&type=.jpg","preview":"https:\/\/image.winudf.com\/v2\/image1\/Y29tLmVhLmdwLm5iYW1vYmlsZV9zY3JlZW5fMTlfMTU1NDkzNDc1MV8wMzk\/screen-19.jpg?fakeurl=1&type=.jpg"},{"id":1,"image_link":"https:\/\/image.winudf.com\/v2\/image1\/Y29tLmVhLmdwLm5iYW1vYmlsZV9zY3JlZW5fMjBfMTU1NDkzNDc1MV8wNDA\/screen-20.jpg?fakeurl=1&type=.jpg","preview":"https:\/\/image.winudf.com\/v2\/image1\/Y29tLmVhLmdwLm5iYW1vYmlsZV9zY3JlZW5fMjBfMTU1NDkzNDc1MV8wNDA\/screen-20.jpg?fakeurl=1&type=.jpg"}],"screenshot_previews":[{"id":1,"image_link":"javascript:void(0)","preview":"javascript:void(0)"},{"id":1,"image_link":"https:\/\/image.winudf.com\/v2\/image1\/Y29tLmVhLmdwLm5iYW1vYmlsZV9zY3JlZW5fMF8xNTU0OTM0NzQ0XzA2MA\/screen-0.jpg?fakeurl=1&type=.jpg","preview":"https:\/\/image.winudf.com\/v2\/image1\/Y29tLmVhLmdwLm5iYW1vYmlsZV9zY3JlZW5fMF8xNTU0OTM0NzQ0XzA2MA\/screen-0.jpg?fakeurl=1&type=.jpg"},{"id":1,"image_link":"https:\/\/image.winudf.com\/v2\/image1\/Y29tLmVhLmdwLm5iYW1vYmlsZV9zY3JlZW5fMV8xNTU0OTM0NzQ0XzA4OA\/screen-1.jpg?fakeurl=1&type=.jpg","preview":"https:\/\/image.winudf.com\/v2\/image1\/Y29tLmVhLmdwLm5iYW1vYmlsZV9zY3JlZW5fMV8xNTU0OTM0NzQ0XzA4OA\/screen-1.jpg?fakeurl=1&type=.jpg"},{"id":1,"image_link":"https:\/\/image.winudf.com\/v2\/image1\/Y29tLmVhLmdwLm5iYW1vYmlsZV9zY3JlZW5fMl8xNTU0OTM0NzQ1XzA2MQ\/screen-2.jpg?fakeurl=1&type=.jpg","preview":"https:\/\/image.winudf.com\/v2\/image1\/Y29tLmVhLmdwLm5iYW1vYmlsZV9zY3JlZW5fMl8xNTU0OTM0NzQ1XzA2MQ\/screen-2.jpg?fakeurl=1&type=.jpg"},{"id":1,"image_link":"https:\/\/image.winudf.com\/v2\/image1\/Y29tLmVhLmdwLm5iYW1vYmlsZV9zY3JlZW5fM18xNTU0OTM0NzQ1XzAyMw\/screen-3.jpg?fakeurl=1&type=.jpg","preview":"https:\/\/image.winudf.com\/v2\/image1\/Y29tLmVhLmdwLm5iYW1vYmlsZV9zY3JlZW5fM18xNTU0OTM0NzQ1XzAyMw\/screen-3.jpg?fakeurl=1&type=.jpg"},{"id":1,"image_link":"https:\/\/image.winudf.com\/v2\/image1\/Y29tLmVhLmdwLm5iYW1vYmlsZV9zY3JlZW5fNF8xNTU0OTM0NzQ1XzA3MQ\/screen-4.jpg?fakeurl=1&type=.jpg","preview":"https:\/\/image.winudf.com\/v2\/image1\/Y29tLmVhLmdwLm5iYW1vYmlsZV9zY3JlZW5fNF8xNTU0OTM0NzQ1XzA3MQ\/screen-4.jpg?fakeurl=1&type=.jpg"},{"id":1,"image_link":"https:\/\/image.winudf.com\/v2\/image1\/Y29tLmVhLmdwLm5iYW1vYmlsZV9zY3JlZW5fNV8xNTU0OTM0NzQ2XzAwNA\/screen-5.jpg?fakeurl=1&type=.jpg","preview":"https:\/\/image.winudf.com\/v2\/image1\/Y29tLmVhLmdwLm5iYW1vYmlsZV9zY3JlZW5fNV8xNTU0OTM0NzQ2XzAwNA\/screen-5.jpg?fakeurl=1&type=.jpg"},{"id":1,"image_link":"https:\/\/image.winudf.com\/v2\/image1\/Y29tLmVhLmdwLm5iYW1vYmlsZV9zY3JlZW5fNl8xNTU0OTM0NzQ2XzA5NA\/screen-6.jpg?fakeurl=1&type=.jpg","preview":"https:\/\/image.winudf.com\/v2\/image1\/Y29tLmVhLmdwLm5iYW1vYmlsZV9zY3JlZW5fNl8xNTU0OTM0NzQ2XzA5NA\/screen-6.jpg?fakeurl=1&type=.jpg"},{"id":1,"image_link":"https:\/\/image.winudf.com\/v2\/image1\/Y29tLmVhLmdwLm5iYW1vYmlsZV9zY3JlZW5fN18xNTU0OTM0NzQ2XzAxNA\/screen-7.jpg?fakeurl=1&type=.jpg","preview":"https:\/\/image.winudf.com\/v2\/image1\/Y29tLmVhLmdwLm5iYW1vYmlsZV9zY3JlZW5fN18xNTU0OTM0NzQ2XzAxNA\/screen-7.jpg?fakeurl=1&type=.jpg"},{"id":1,"image_link":"https:\/\/image.winudf.com\/v2\/image1\/Y29tLmVhLmdwLm5iYW1vYmlsZV9zY3JlZW5fOF8xNTU0OTM0NzQ3XzAzNw\/screen-8.jpg?fakeurl=1&type=.jpg","preview":"https:\/\/image.winudf.com\/v2\/image1\/Y29tLmVhLmdwLm5iYW1vYmlsZV9zY3JlZW5fOF8xNTU0OTM0NzQ3XzAzNw\/screen-8.jpg?fakeurl=1&type=.jpg"},{"id":1,"image_link":"https:\/\/image.winudf.com\/v2\/image1\/Y29tLmVhLmdwLm5iYW1vYmlsZV9zY3JlZW5fOV8xNTU0OTM0NzQ3XzAzNw\/screen-9.jpg?fakeurl=1&type=.jpg","preview":"https:\/\/image.winudf.com\/v2\/image1\/Y29tLmVhLmdwLm5iYW1vYmlsZV9zY3JlZW5fOV8xNTU0OTM0NzQ3XzAzNw\/screen-9.jpg?fakeurl=1&type=.jpg"},{"id":1,"image_link":"https:\/\/image.winudf.com\/v2\/image1\/Y29tLmVhLmdwLm5iYW1vYmlsZV9zY3JlZW5fMTBfMTU1NDkzNDc0N18wOTM\/screen-10.jpg?fakeurl=1&type=.jpg","preview":"https:\/\/image.winudf.com\/v2\/image1\/Y29tLmVhLmdwLm5iYW1vYmlsZV9zY3JlZW5fMTBfMTU1NDkzNDc0N18wOTM\/screen-10.jpg?fakeurl=1&type=.jpg"},{"id":1,"image_link":"https:\/\/image.winudf.com\/v2\/image1\/Y29tLmVhLmdwLm5iYW1vYmlsZV9zY3JlZW5fMTFfMTU1NDkzNDc0OF8wMDQ\/screen-11.jpg?fakeurl=1&type=.jpg","preview":"https:\/\/image.winudf.com\/v2\/image1\/Y29tLmVhLmdwLm5iYW1vYmlsZV9zY3JlZW5fMTFfMTU1NDkzNDc0OF8wMDQ\/screen-11.jpg?fakeurl=1&type=.jpg"},{"id":1,"image_link":"https:\/\/image.winudf.com\/v2\/image1\/Y29tLmVhLmdwLm5iYW1vYmlsZV9zY3JlZW5fMTJfMTU1NDkzNDc0OF8wMjk\/screen-12.jpg?fakeurl=1&type=.jpg","preview":"https:\/\/image.winudf.com\/v2\/image1\/Y29tLmVhLmdwLm5iYW1vYmlsZV9zY3JlZW5fMTJfMTU1NDkzNDc0OF8wMjk\/screen-12.jpg?fakeurl=1&type=.jpg"},{"id":1,"image_link":"https:\/\/image.winudf.com\/v2\/image1\/Y29tLmVhLmdwLm5iYW1vYmlsZV9zY3JlZW5fMTNfMTU1NDkzNDc0OF8wMDU\/screen-13.jpg?fakeurl=1&type=.jpg","preview":"https:\/\/image.winudf.com\/v2\/image1\/Y29tLmVhLmdwLm5iYW1vYmlsZV9zY3JlZW5fMTNfMTU1NDkzNDc0OF8wMDU\/screen-13.jpg?fakeurl=1&type=.jpg"},{"id":1,"image_link":"https:\/\/image.winudf.com\/v2\/image1\/Y29tLmVhLmdwLm5iYW1vYmlsZV9zY3JlZW5fMTRfMTU1NDkzNDc0OF8wNjM\/screen-14.jpg?fakeurl=1&type=.jpg","preview":"https:\/\/image.winudf.com\/v2\/image1\/Y29tLmVhLmdwLm5iYW1vYmlsZV9zY3JlZW5fMTRfMTU1NDkzNDc0OF8wNjM\/screen-14.jpg?fakeurl=1&type=.jpg"},{"id":1,"image_link":"https:\/\/image.winudf.com\/v2\/image1\/Y29tLmVhLmdwLm5iYW1vYmlsZV9zY3JlZW5fMTVfMTU1NDkzNDc0OV8wMjE\/screen-15.jpg?fakeurl=1&type=.jpg","preview":"https:\/\/image.winudf.com\/v2\/image1\/Y29tLmVhLmdwLm5iYW1vYmlsZV9zY3JlZW5fMTVfMTU1NDkzNDc0OV8wMjE\/screen-15.jpg?fakeurl=1&type=.jpg"},{"id":1,"image_link":"https:\/\/image.winudf.com\/v2\/image1\/Y29tLmVhLmdwLm5iYW1vYmlsZV9zY3JlZW5fMTZfMTU1NDkzNDc0OV8wODg\/screen-16.jpg?fakeurl=1&type=.jpg","preview":"https:\/\/image.winudf.com\/v2\/image1\/Y29tLmVhLmdwLm5iYW1vYmlsZV9zY3JlZW5fMTZfMTU1NDkzNDc0OV8wODg\/screen-16.jpg?fakeurl=1&type=.jpg"},{"id":1,"image_link":"https:\/\/image.winudf.com\/v2\/image1\/Y29tLmVhLmdwLm5iYW1vYmlsZV9zY3JlZW5fMTdfMTU1NDkzNDc1MF8wMzA\/screen-17.jpg?fakeurl=1&type=.jpg","preview":"https:\/\/image.winudf.com\/v2\/image1\/Y29tLmVhLmdwLm5iYW1vYmlsZV9zY3JlZW5fMTdfMTU1NDkzNDc1MF8wMzA\/screen-17.jpg?fakeurl=1&type=.jpg"},{"id":1,"image_link":"https:\/\/image.winudf.com\/v2\/image1\/Y29tLmVhLmdwLm5iYW1vYmlsZV9zY3JlZW5fMThfMTU1NDkzNDc1MF8wNTk\/screen-18.jpg?fakeurl=1&type=.jpg","preview":"https:\/\/image.winudf.com\/v2\/image1\/Y29tLmVhLmdwLm5iYW1vYmlsZV9zY3JlZW5fMThfMTU1NDkzNDc1MF8wNTk\/screen-18.jpg?fakeurl=1&type=.jpg"},{"id":1,"image_link":"https:\/\/image.winudf.com\/v2\/image1\/Y29tLmVhLmdwLm5iYW1vYmlsZV9zY3JlZW5fMTlfMTU1NDkzNDc1MV8wMzk\/screen-19.jpg?fakeurl=1&type=.jpg","preview":"https:\/\/image.winudf.com\/v2\/image1\/Y29tLmVhLmdwLm5iYW1vYmlsZV9zY3JlZW5fMTlfMTU1NDkzNDc1MV8wMzk\/screen-19.jpg?fakeurl=1&type=.jpg"},{"id":1,"image_link":"https:\/\/image.winudf.com\/v2\/image1\/Y29tLmVhLmdwLm5iYW1vYmlsZV9zY3JlZW5fMjBfMTU1NDkzNDc1MV8wNDA\/screen-20.jpg?fakeurl=1&type=.jpg","preview":"https:\/\/image.winudf.com\/v2\/image1\/Y29tLmVhLmdwLm5iYW1vYmlsZV9zY3JlZW5fMjBfMTU1NDkzNDc1MV8wNDA\/screen-20.jpg?fakeurl=1&type=.jpg"}],"total_ratings":1251757,"developer":"ELECTRONIC ARTS","developer_url":"https:\/\/play.google.com\/store\/apps\/developer?id=ELECTRONIC ARTS","tags":["Official NBA license","Build team","3D","Sports","Online"],"versions":[{"identifier":"3.5.00","download_link":"https:\/\/apkpure.com\/nba-live-mobile-basketball\/com.ea.gp.nbamobile\/download?from=details","is_link_external":1}],"more_details":[{"title":"Latest Version","identifier":"latest_version","value":"3.5.00 "},{"title":"Publish Date","identifier":"published_date","value":"2019-06-17"},{"title":"Requirement","identifier":"required_android","value":"Android 4.4+"}],"seo_title":"NBA LIVE Mobile Basketball","seo_keyword":"NBA game apk, NBA game apk download,NBA LIVE Mobile apk, NBA LIVE Mobile apk download, NBA LIVE Mobile download, NBA LIVE Mobile.apk, NBA LIVE Mobile android, Sports GAME download","seo_description":"Download NBA LIVE Mobile apk 1.1.1 and all version history for Android. With it, you don't have to wait for real NBA season and enjoy the game on your portable devices. "}