{"app_id":"com.king.candycrushsaga","value":"com.king.candycrushsaga","title":"Candy Crush Saga","label":"Candy Crush Saga","slug":"candy-crush-saga","app_image_url":"https:\/\/image.winudf.com\/v2\/image1\/Y29tLmtpbmcuY2FuZHljcnVzaHNhZ2FfaWNvbl8xNTU1NTAzNzIwXzAxMQ\/icon.png?w=170&fakeurl=1","app_link":"https:\/\/play.google.com\/store\/apps\/details?id=com.king.candycrushsaga","description":"<div>Join Tiffi and Mr. Toffee in their sweet adventure through the wonderful Candy Kingdom. Switch and match your way through hundreds of levels in this delicious puzzle adventure. Isn't it the sweetest game ever? Take on this deliciously sweet saga alone or play with friends to see who can get the highest score!<\/div>\n<div><br><\/div>\n<div>Candy Crush Saga is a sweet and charming puzzle game, which contains some relevant social information. Each player should match the different types of candies, and create a connection for them, then they will disappear. The whole game contains up to more than 200 levels to open a new candy adventure for every player.<\/div>\n<div><br><\/div>\n<div>The game is very simple and easy to play and to get started, but to achieve the master level still has a considerable difficulty. Because in the game you need to focus on how to move the different color of candies, and connect them together to achieve the purpose of disappearing.<\/div>\n<div><br><\/div>\n<div>Candy Crush Saga offers a variety of different game modes. The general model is the most representative one, which contains hundreds of different game levels. You need to pass all the levels in order to proceed to the next step. In any case, you could explore a mysterious journey in the world full of jelly, candy and other sweets.<\/div>\n<div><br><\/div>\n<div>The game is based on the theme of candy, the basic rule is eliminating candies that line in three to five. To get higher scores in the game, you need to put the same kind candies together and then detonating them, the effects will be different. The hurdles of game will be unlocked one by one, and every fifteen levels passed you could invite Facebook friends to unlock a longer trip. The first twenty hurdles will be unlocked directly, however, it need train tickets (sometimes the boat ticket, or airline ticket) after 35th levels.<\/div>\n<div><br><\/div>\n<p>------------------------------- <\/p>\n<p><span style=\"line-height: 1.42857;\">Candy Crush Saga features:<\/span><br><\/p>\n<p>\u25cf Collect sugar drops to advance along the sugar track for special suprises!<\/p>\n<p>\u25cf Tasty candy graphics that will leave you hungry for more<\/p>\n<p>\u25cf Unwrap delicious environments and meet the sweetest characters<\/p>\n<p>\u25cf Helpful magical boosters to help with challenging levels\u00a0<\/p>\n<p>\u25cf Complete adventurous levels and unlock treats<\/p>\n<p>\u25cf Easy and fun to play, challenging to master\u00a0<\/p>\n<p>\u25cf Hundreds of sweet levels\u00a0in the Candy Kingdom - more added every 2 weeks!<\/p>\n<p>\u25cf Leaderboards to watch your friends and competitors!<\/p>\n<p>\u25cf Easily sync the game between devices and unlock full game features when connected to the Internet<\/p>\n<p>-------------------------------<\/p>\n<p class=\"MsoNormal\"><span style=\"font-weight: bold;\"><a name=\"OLE_LINK2\"><\/a><\/span><a name=\"OLE_LINK1\"><span lang=\"EN-US\"><span style=\"font-weight: bold; font-size: 18px;\">How to Win Candy Crush Saga?<\/span><p><\/p><\/span><\/a><\/p>\n<p class=\"MsoListParagraph\" style=\"margin-left:18.0pt;text-indent:-18.0pt;\nmso-char-indent-count:0;mso-list:l0 level1 lfo1\"><!--[if !supportLists]--><span style=\"font-weight: bold;\"><span lang=\"EN-US\">1.<span style=\"font-stretch: normal; font-size: 7pt; line-height: normal; font-family: 'Times New Roman';\">\u00a0\u00a0\u00a0\u00a0\u00a0\u00a0\n<\/span><\/span><!--[endif]--><\/span><span lang=\"EN-US\"><span style=\"font-weight: bold;\">Create Power Candies<\/span><p><\/p><\/span><\/p>\n<p class=\"MsoListParagraph\" style=\"margin-left:18.0pt;text-indent:0cm;mso-char-indent-count:\n0\"><span lang=\"EN-US\">Striped candy by adding four candy horizontally or vertically.<p><\/p><\/span><\/p>\n<p class=\"MsoListParagraph\" style=\"margin-left:18.0pt;text-indent:0cm;mso-char-indent-count:\n0\"><span lang=\"EN-US\">Wrapped candy by creating two three-match combination in a single\nmove. Like letter \u2018T\u2019 or \u2019L\u2019<p><\/p><\/span><\/p>\n<p class=\"MsoListParagraph\" style=\"margin-left:18.0pt;text-indent:0cm;mso-char-indent-count:\n0\"><span lang=\"EN-US\">Color bomb by aligning four candies of the same color.<p><\/p><\/span><\/p>\n<p class=\"MsoListParagraph\" style=\"margin-left:18.0pt;text-indent:-18.0pt;\nmso-char-indent-count:0;mso-list:l0 level1 lfo1\"><!--[if !supportLists]--><span style=\"font-weight: bold;\"><span lang=\"EN-US\">2.<span style=\"font-stretch: normal; font-size: 7pt; line-height: normal; font-family: 'Times New Roman';\">\u00a0\u00a0\u00a0\u00a0\u00a0\u00a0\n<\/span><\/span><!--[endif]--><\/span><span lang=\"EN-US\"><span style=\"font-weight: bold;\">Save up Power Candies to Get Super\nCombos<\/span><p><\/p><\/span><\/p>\n<p class=\"MsoListParagraph\" style=\"margin-left:18.0pt;text-indent:0cm;mso-char-indent-count:\n0\"><span lang=\"EN-US\">Don\u2019t use power candies as soon as you get them. Combine power-up\ncandies and get more powerful.<p><\/p><\/span><\/p>\n<p class=\"MsoListParagraph\" style=\"margin-left:18.0pt;text-indent:0cm;mso-char-indent-count:\n0\"><span lang=\"EN-US\">Use rainbow sprinkles, pink crusted doughnuts, jelly fishes, striped\ncandies, wrapped candies and color bombs etc.<p><\/p><\/span><\/p>\n<p class=\"MsoListParagraph\" style=\"margin-left:18.0pt;text-indent:0cm;mso-char-indent-count:\n0\"><span lang=\"EN-US\">Swap two striped candies to clear candies horizontally and\nvertically.<p><\/p><\/span><\/p>\n<p class=\"MsoListParagraph\" style=\"margin-left:18.0pt;text-indent:0cm;mso-char-indent-count:\n0\"><span lang=\"EN-US\">Swap two wrapped candies to clear a five by five explosion of\ncandies surrounding it.<p><\/p><\/span><\/p>\n<p class=\"MsoListParagraph\" style=\"margin-left:18.0pt;text-indent:0cm;mso-char-indent-count:\n0\"><span lang=\"EN-US\">Swap two color bombs to clear all the visible candies in the play\narea. This is the most powerful.<p><\/p><\/span><\/p>\n<p class=\"MsoListParagraph\" style=\"margin-left:18.0pt;text-indent:0cm;mso-char-indent-count:\n0\"><span lang=\"EN-US\">Swap a striped candy with a wrapped candy to clear three\nrows\/columns of candies horizontally and vertically.<p><\/p><\/span><\/p>\n<p class=\"MsoListParagraph\" style=\"margin-left:18.0pt;text-indent:0cm;mso-char-indent-count:\n0\"><span lang=\"EN-US\">Swap a striped candy with a color bomb and it can upgrade all the\ncandies on the same color as striped candy.<p><\/p><\/span><\/p>\n<p class=\"MsoListParagraph\" style=\"margin-left:18.0pt;text-indent:0cm;mso-char-indent-count:\n0\"><span lang=\"EN-US\">Swap a wrapped candy with a color bomb and it can upgrade all the\ncandies on the same color as wrapped candy.<p><\/p><\/span><\/p>\n<p class=\"MsoListParagraph\" style=\"margin-left:18.0pt;text-indent:-18.0pt;\nmso-char-indent-count:0;mso-list:l0 level1 lfo1\"><!--[if !supportLists]--><span style=\"font-weight: bold;\"><span lang=\"EN-US\">3.<span style=\"font-stretch: normal; font-size: 7pt; line-height: normal; font-family: 'Times New Roman';\">\u00a0\u00a0\u00a0\u00a0\u00a0\u00a0\n<\/span><\/span><!--[endif]--><\/span><span lang=\"EN-US\"><span style=\"font-weight: bold;\">Remember your Mission<\/span><p><\/p><\/span><\/p>\n<p class=\"MsoListParagraph\" style=\"margin-left:18.0pt;text-indent:0cm;mso-char-indent-count:\n0\"><span lang=\"EN-US\">Do remember your mission and don\u2019t be busy creating super combos.<p><\/p><\/span><\/p>\n<p class=\"MsoListParagraph\" style=\"margin-left:18.0pt;text-indent:0cm;mso-char-indent-count:\n0\"><span lang=\"EN-US\">Missions are:<p><\/p><\/span><\/p>\n<p class=\"MsoListParagraph\" style=\"margin-left:18.0pt;text-indent:0cm;mso-char-indent-count:\n0\"><span lang=\"EN-US\">Moves levels. Jelly levels. Timed levels. Ingredient Drop levels.\nCandy Order levels etc.<p><\/p><\/span><\/p>\n<p class=\"MsoListParagraph\" style=\"margin-left:18.0pt;text-indent:-18.0pt;\nmso-char-indent-count:0;mso-list:l0 level1 lfo1\"><!--[if !supportLists]--><span style=\"font-weight: bold;\"><span lang=\"EN-US\">4.<span style=\"font-stretch: normal; font-size: 7pt; line-height: normal; font-family: 'Times New Roman';\">\u00a0\u00a0\u00a0\u00a0\u00a0\u00a0\n<\/span><\/span><!--[endif]--><\/span><span lang=\"EN-US\"><span style=\"font-weight: bold;\">Pay Attention to Those Jellies\non the Edge.<\/span><p><\/p><\/span><\/p>\n<p class=\"MsoListParagraph\" style=\"margin-left:18.0pt;text-indent:0cm;mso-char-indent-count:\n0\"><span lang=\"EN-US\">These jellies are more difficult to clear because of their position\nso always remember to clear them first and you will have more chances to win.\u00a0<\/span><\/p>\n<p class=\"MsoListParagraph\" style=\"margin-left:18.0pt;text-indent:0cm;mso-char-indent-count:\n0\"><span lang=\"EN-US\"><br><\/span><span style=\"line-height: 1.42857; text-indent: 0cm;\">Already a fan of Candy Crush Saga?\u00a0Like us on Facebook\u00a0and share us with your opinions about the game.<\/span><\/p>\n<p class=\"MsoListParagraph\" style=\"margin-left:18.0pt;text-indent:0cm;mso-char-indent-count:\n0\"><span style=\"line-height: 1.42857; text-indent: 0cm;\"><br><\/span><\/p>\n<p class=\"MsoListParagraph\" style=\"margin-left:18.0pt;text-indent:0cm;mso-char-indent-count:\n0\"><span style=\"line-height: 1.42857; text-indent: 0cm;\">You may also like the GAMEs: <a href=\"https:\/\/apkpure.com\/url?q=https%3A%2F%2Fapkpure.com%2Fcandy-crush-soda-saga%2Fcom.king.candycrushsodasaga\" rel=\"nofollow\" target=\"_blank\">Candy Crush Soda Saga<\/a>, <a href=\"https:\/\/apkpure.com\/url?q=https%3A%2F%2Fapkpure.com%2Fcandy-crush-jelly-saga%2Fcom.king.candycrushjellysaga\" rel=\"nofollow\" target=\"_blank\">Candy Crush Jelly Saga<\/a> and <a href=\"https:\/\/apkpure.com\/url?q=https%3A%2F%2Fapkpure.com%2Fguides-candy-crush-saga%2Fcom.masguide97.guidescandysaga\" rel=\"nofollow\" target=\"_blank\">Guides Candy Crush Saga<\/a>, ect.<\/span><\/p>\n<p><br><\/p>","status_identifier":"active","short_description":"Join Tiffi and Mr. Toffee in their sweet adventure through the wonderful Candy Kingdom. Switch and match your way through hundreds of levels in this delicious puzzle adventure. Isn't it the sweetest g...","current_ratings":4.7,"categories":[{"label":"Casual","value":"casual"}],"screenshots":[{"id":1,"image_link":"javascript:void(0)","preview":"javascript:void(0)"},{"id":1,"image_link":"https:\/\/image.winudf.com\/v2\/image1\/Y29tLmtpbmcuY2FuZHljcnVzaHNhZ2Ffc2NyZWVuXzBfMTU1NTUwMzcyMF8wOTM\/screen-0.jpg?fakeurl=1&type=.jpg","preview":"https:\/\/image.winudf.com\/v2\/image1\/Y29tLmtpbmcuY2FuZHljcnVzaHNhZ2Ffc2NyZWVuXzBfMTU1NTUwMzcyMF8wOTM\/screen-0.jpg?fakeurl=1&type=.jpg"},{"id":1,"image_link":"https:\/\/image.winudf.com\/v2\/image1\/Y29tLmtpbmcuY2FuZHljcnVzaHNhZ2Ffc2NyZWVuXzFfMTU1NTUwMzcyMF8wOTk\/screen-1.jpg?fakeurl=1&type=.jpg","preview":"https:\/\/image.winudf.com\/v2\/image1\/Y29tLmtpbmcuY2FuZHljcnVzaHNhZ2Ffc2NyZWVuXzFfMTU1NTUwMzcyMF8wOTk\/screen-1.jpg?fakeurl=1&type=.jpg"},{"id":1,"image_link":"https:\/\/image.winudf.com\/v2\/image1\/Y29tLmtpbmcuY2FuZHljcnVzaHNhZ2Ffc2NyZWVuXzJfMTU1NTUwMzcyMF8wMjY\/screen-2.jpg?fakeurl=1&type=.jpg","preview":"https:\/\/image.winudf.com\/v2\/image1\/Y29tLmtpbmcuY2FuZHljcnVzaHNhZ2Ffc2NyZWVuXzJfMTU1NTUwMzcyMF8wMjY\/screen-2.jpg?fakeurl=1&type=.jpg"},{"id":1,"image_link":"https:\/\/image.winudf.com\/v2\/image1\/Y29tLmtpbmcuY2FuZHljcnVzaHNhZ2Ffc2NyZWVuXzNfMTU1NTUwMzcyMV8wNjQ\/screen-3.jpg?fakeurl=1&type=.jpg","preview":"https:\/\/image.winudf.com\/v2\/image1\/Y29tLmtpbmcuY2FuZHljcnVzaHNhZ2Ffc2NyZWVuXzNfMTU1NTUwMzcyMV8wNjQ\/screen-3.jpg?fakeurl=1&type=.jpg"},{"id":1,"image_link":"https:\/\/image.winudf.com\/v2\/image1\/Y29tLmtpbmcuY2FuZHljcnVzaHNhZ2Ffc2NyZWVuXzRfMTU1NTUwMzcyMV8wODQ\/screen-4.jpg?fakeurl=1&type=.jpg","preview":"https:\/\/image.winudf.com\/v2\/image1\/Y29tLmtpbmcuY2FuZHljcnVzaHNhZ2Ffc2NyZWVuXzRfMTU1NTUwMzcyMV8wODQ\/screen-4.jpg?fakeurl=1&type=.jpg"},{"id":1,"image_link":"https:\/\/image.winudf.com\/v2\/image1\/Y29tLmtpbmcuY2FuZHljcnVzaHNhZ2Ffc2NyZWVuXzVfMTU1NTUwMzcyMV8wMTY\/screen-5.jpg?fakeurl=1&type=.jpg","preview":"https:\/\/image.winudf.com\/v2\/image1\/Y29tLmtpbmcuY2FuZHljcnVzaHNhZ2Ffc2NyZWVuXzVfMTU1NTUwMzcyMV8wMTY\/screen-5.jpg?fakeurl=1&type=.jpg"},{"id":1,"image_link":"https:\/\/image.winudf.com\/v2\/image1\/Y29tLmtpbmcuY2FuZHljcnVzaHNhZ2Ffc2NyZWVuXzZfMTU1NTUwMzcyMl8wODk\/screen-6.jpg?fakeurl=1&type=.jpg","preview":"https:\/\/image.winudf.com\/v2\/image1\/Y29tLmtpbmcuY2FuZHljcnVzaHNhZ2Ffc2NyZWVuXzZfMTU1NTUwMzcyMl8wODk\/screen-6.jpg?fakeurl=1&type=.jpg"},{"id":1,"image_link":"https:\/\/image.winudf.com\/v2\/image1\/Y29tLmtpbmcuY2FuZHljcnVzaHNhZ2Ffc2NyZWVuXzdfMTU1NTUwMzcyMl8wNTc\/screen-7.jpg?fakeurl=1&type=.jpg","preview":"https:\/\/image.winudf.com\/v2\/image1\/Y29tLmtpbmcuY2FuZHljcnVzaHNhZ2Ffc2NyZWVuXzdfMTU1NTUwMzcyMl8wNTc\/screen-7.jpg?fakeurl=1&type=.jpg"},{"id":1,"image_link":"https:\/\/image.winudf.com\/v2\/image1\/Y29tLmtpbmcuY2FuZHljcnVzaHNhZ2Ffc2NyZWVuXzhfMTU1NTUwMzcyM18wMDc\/screen-8.jpg?fakeurl=1&type=.jpg","preview":"https:\/\/image.winudf.com\/v2\/image1\/Y29tLmtpbmcuY2FuZHljcnVzaHNhZ2Ffc2NyZWVuXzhfMTU1NTUwMzcyM18wMDc\/screen-8.jpg?fakeurl=1&type=.jpg"},{"id":1,"image_link":"https:\/\/image.winudf.com\/v2\/image1\/Y29tLmtpbmcuY2FuZHljcnVzaHNhZ2Ffc2NyZWVuXzlfMTU1NTUwMzcyM18wOTg\/screen-9.jpg?fakeurl=1&type=.jpg","preview":"https:\/\/image.winudf.com\/v2\/image1\/Y29tLmtpbmcuY2FuZHljcnVzaHNhZ2Ffc2NyZWVuXzlfMTU1NTUwMzcyM18wOTg\/screen-9.jpg?fakeurl=1&type=.jpg"},{"id":1,"image_link":"https:\/\/image.winudf.com\/v2\/image1\/Y29tLmtpbmcuY2FuZHljcnVzaHNhZ2Ffc2NyZWVuXzEwXzE1NTU1MDM3MjNfMDQ1\/screen-10.jpg?fakeurl=1&type=.jpg","preview":"https:\/\/image.winudf.com\/v2\/image1\/Y29tLmtpbmcuY2FuZHljcnVzaHNhZ2Ffc2NyZWVuXzEwXzE1NTU1MDM3MjNfMDQ1\/screen-10.jpg?fakeurl=1&type=.jpg"},{"id":1,"image_link":"https:\/\/image.winudf.com\/v2\/image1\/Y29tLmtpbmcuY2FuZHljcnVzaHNhZ2Ffc2NyZWVuXzExXzE1NTU1MDM3MjRfMDI2\/screen-11.jpg?fakeurl=1&type=.jpg","preview":"https:\/\/image.winudf.com\/v2\/image1\/Y29tLmtpbmcuY2FuZHljcnVzaHNhZ2Ffc2NyZWVuXzExXzE1NTU1MDM3MjRfMDI2\/screen-11.jpg?fakeurl=1&type=.jpg"},{"id":1,"image_link":"https:\/\/image.winudf.com\/v2\/image1\/Y29tLmtpbmcuY2FuZHljcnVzaHNhZ2Ffc2NyZWVuXzEyXzE1NTU1MDM3MjVfMDUx\/screen-12.jpg?fakeurl=1&type=.jpg","preview":"https:\/\/image.winudf.com\/v2\/image1\/Y29tLmtpbmcuY2FuZHljcnVzaHNhZ2Ffc2NyZWVuXzEyXzE1NTU1MDM3MjVfMDUx\/screen-12.jpg?fakeurl=1&type=.jpg"},{"id":1,"image_link":"https:\/\/image.winudf.com\/v2\/image1\/Y29tLmtpbmcuY2FuZHljcnVzaHNhZ2Ffc2NyZWVuXzEzXzE1NTU1MDM3MjVfMDQ0\/screen-13.jpg?fakeurl=1&type=.jpg","preview":"https:\/\/image.winudf.com\/v2\/image1\/Y29tLmtpbmcuY2FuZHljcnVzaHNhZ2Ffc2NyZWVuXzEzXzE1NTU1MDM3MjVfMDQ0\/screen-13.jpg?fakeurl=1&type=.jpg"},{"id":1,"image_link":"https:\/\/image.winudf.com\/v2\/image1\/Y29tLmtpbmcuY2FuZHljcnVzaHNhZ2Ffc2NyZWVuXzE0XzE1NTU1MDM3MjVfMDUx\/screen-14.jpg?fakeurl=1&type=.jpg","preview":"https:\/\/image.winudf.com\/v2\/image1\/Y29tLmtpbmcuY2FuZHljcnVzaHNhZ2Ffc2NyZWVuXzE0XzE1NTU1MDM3MjVfMDUx\/screen-14.jpg?fakeurl=1&type=.jpg"},{"id":1,"image_link":"https:\/\/image.winudf.com\/v2\/image1\/Y29tLmtpbmcuY2FuZHljcnVzaHNhZ2Ffc2NyZWVuXzE1XzE1NTU1MDM3MjZfMDQx\/screen-15.jpg?fakeurl=1&type=.jpg","preview":"https:\/\/image.winudf.com\/v2\/image1\/Y29tLmtpbmcuY2FuZHljcnVzaHNhZ2Ffc2NyZWVuXzE1XzE1NTU1MDM3MjZfMDQx\/screen-15.jpg?fakeurl=1&type=.jpg"},{"id":1,"image_link":"https:\/\/image.winudf.com\/v2\/image1\/Y29tLmtpbmcuY2FuZHljcnVzaHNhZ2Ffc2NyZWVuXzE2XzE1NTU1MDM3MjZfMDc1\/screen-16.jpg?fakeurl=1&type=.jpg","preview":"https:\/\/image.winudf.com\/v2\/image1\/Y29tLmtpbmcuY2FuZHljcnVzaHNhZ2Ffc2NyZWVuXzE2XzE1NTU1MDM3MjZfMDc1\/screen-16.jpg?fakeurl=1&type=.jpg"},{"id":1,"image_link":"https:\/\/image.winudf.com\/v2\/image1\/Y29tLmtpbmcuY2FuZHljcnVzaHNhZ2Ffc2NyZWVuXzE3XzE1NTU1MDM3MjdfMDIx\/screen-17.jpg?fakeurl=1&type=.jpg","preview":"https:\/\/image.winudf.com\/v2\/image1\/Y29tLmtpbmcuY2FuZHljcnVzaHNhZ2Ffc2NyZWVuXzE3XzE1NTU1MDM3MjdfMDIx\/screen-17.jpg?fakeurl=1&type=.jpg"}],"screenshot_previews":[{"id":1,"image_link":"javascript:void(0)","preview":"javascript:void(0)"},{"id":1,"image_link":"https:\/\/image.winudf.com\/v2\/image1\/Y29tLmtpbmcuY2FuZHljcnVzaHNhZ2Ffc2NyZWVuXzBfMTU1NTUwMzcyMF8wOTM\/screen-0.jpg?fakeurl=1&type=.jpg","preview":"https:\/\/image.winudf.com\/v2\/image1\/Y29tLmtpbmcuY2FuZHljcnVzaHNhZ2Ffc2NyZWVuXzBfMTU1NTUwMzcyMF8wOTM\/screen-0.jpg?fakeurl=1&type=.jpg"},{"id":1,"image_link":"https:\/\/image.winudf.com\/v2\/image1\/Y29tLmtpbmcuY2FuZHljcnVzaHNhZ2Ffc2NyZWVuXzFfMTU1NTUwMzcyMF8wOTk\/screen-1.jpg?fakeurl=1&type=.jpg","preview":"https:\/\/image.winudf.com\/v2\/image1\/Y29tLmtpbmcuY2FuZHljcnVzaHNhZ2Ffc2NyZWVuXzFfMTU1NTUwMzcyMF8wOTk\/screen-1.jpg?fakeurl=1&type=.jpg"},{"id":1,"image_link":"https:\/\/image.winudf.com\/v2\/image1\/Y29tLmtpbmcuY2FuZHljcnVzaHNhZ2Ffc2NyZWVuXzJfMTU1NTUwMzcyMF8wMjY\/screen-2.jpg?fakeurl=1&type=.jpg","preview":"https:\/\/image.winudf.com\/v2\/image1\/Y29tLmtpbmcuY2FuZHljcnVzaHNhZ2Ffc2NyZWVuXzJfMTU1NTUwMzcyMF8wMjY\/screen-2.jpg?fakeurl=1&type=.jpg"},{"id":1,"image_link":"https:\/\/image.winudf.com\/v2\/image1\/Y29tLmtpbmcuY2FuZHljcnVzaHNhZ2Ffc2NyZWVuXzNfMTU1NTUwMzcyMV8wNjQ\/screen-3.jpg?fakeurl=1&type=.jpg","preview":"https:\/\/image.winudf.com\/v2\/image1\/Y29tLmtpbmcuY2FuZHljcnVzaHNhZ2Ffc2NyZWVuXzNfMTU1NTUwMzcyMV8wNjQ\/screen-3.jpg?fakeurl=1&type=.jpg"},{"id":1,"image_link":"https:\/\/image.winudf.com\/v2\/image1\/Y29tLmtpbmcuY2FuZHljcnVzaHNhZ2Ffc2NyZWVuXzRfMTU1NTUwMzcyMV8wODQ\/screen-4.jpg?fakeurl=1&type=.jpg","preview":"https:\/\/image.winudf.com\/v2\/image1\/Y29tLmtpbmcuY2FuZHljcnVzaHNhZ2Ffc2NyZWVuXzRfMTU1NTUwMzcyMV8wODQ\/screen-4.jpg?fakeurl=1&type=.jpg"},{"id":1,"image_link":"https:\/\/image.winudf.com\/v2\/image1\/Y29tLmtpbmcuY2FuZHljcnVzaHNhZ2Ffc2NyZWVuXzVfMTU1NTUwMzcyMV8wMTY\/screen-5.jpg?fakeurl=1&type=.jpg","preview":"https:\/\/image.winudf.com\/v2\/image1\/Y29tLmtpbmcuY2FuZHljcnVzaHNhZ2Ffc2NyZWVuXzVfMTU1NTUwMzcyMV8wMTY\/screen-5.jpg?fakeurl=1&type=.jpg"},{"id":1,"image_link":"https:\/\/image.winudf.com\/v2\/image1\/Y29tLmtpbmcuY2FuZHljcnVzaHNhZ2Ffc2NyZWVuXzZfMTU1NTUwMzcyMl8wODk\/screen-6.jpg?fakeurl=1&type=.jpg","preview":"https:\/\/image.winudf.com\/v2\/image1\/Y29tLmtpbmcuY2FuZHljcnVzaHNhZ2Ffc2NyZWVuXzZfMTU1NTUwMzcyMl8wODk\/screen-6.jpg?fakeurl=1&type=.jpg"},{"id":1,"image_link":"https:\/\/image.winudf.com\/v2\/image1\/Y29tLmtpbmcuY2FuZHljcnVzaHNhZ2Ffc2NyZWVuXzdfMTU1NTUwMzcyMl8wNTc\/screen-7.jpg?fakeurl=1&type=.jpg","preview":"https:\/\/image.winudf.com\/v2\/image1\/Y29tLmtpbmcuY2FuZHljcnVzaHNhZ2Ffc2NyZWVuXzdfMTU1NTUwMzcyMl8wNTc\/screen-7.jpg?fakeurl=1&type=.jpg"},{"id":1,"image_link":"https:\/\/image.winudf.com\/v2\/image1\/Y29tLmtpbmcuY2FuZHljcnVzaHNhZ2Ffc2NyZWVuXzhfMTU1NTUwMzcyM18wMDc\/screen-8.jpg?fakeurl=1&type=.jpg","preview":"https:\/\/image.winudf.com\/v2\/image1\/Y29tLmtpbmcuY2FuZHljcnVzaHNhZ2Ffc2NyZWVuXzhfMTU1NTUwMzcyM18wMDc\/screen-8.jpg?fakeurl=1&type=.jpg"},{"id":1,"image_link":"https:\/\/image.winudf.com\/v2\/image1\/Y29tLmtpbmcuY2FuZHljcnVzaHNhZ2Ffc2NyZWVuXzlfMTU1NTUwMzcyM18wOTg\/screen-9.jpg?fakeurl=1&type=.jpg","preview":"https:\/\/image.winudf.com\/v2\/image1\/Y29tLmtpbmcuY2FuZHljcnVzaHNhZ2Ffc2NyZWVuXzlfMTU1NTUwMzcyM18wOTg\/screen-9.jpg?fakeurl=1&type=.jpg"},{"id":1,"image_link":"https:\/\/image.winudf.com\/v2\/image1\/Y29tLmtpbmcuY2FuZHljcnVzaHNhZ2Ffc2NyZWVuXzEwXzE1NTU1MDM3MjNfMDQ1\/screen-10.jpg?fakeurl=1&type=.jpg","preview":"https:\/\/image.winudf.com\/v2\/image1\/Y29tLmtpbmcuY2FuZHljcnVzaHNhZ2Ffc2NyZWVuXzEwXzE1NTU1MDM3MjNfMDQ1\/screen-10.jpg?fakeurl=1&type=.jpg"},{"id":1,"image_link":"https:\/\/image.winudf.com\/v2\/image1\/Y29tLmtpbmcuY2FuZHljcnVzaHNhZ2Ffc2NyZWVuXzExXzE1NTU1MDM3MjRfMDI2\/screen-11.jpg?fakeurl=1&type=.jpg","preview":"https:\/\/image.winudf.com\/v2\/image1\/Y29tLmtpbmcuY2FuZHljcnVzaHNhZ2Ffc2NyZWVuXzExXzE1NTU1MDM3MjRfMDI2\/screen-11.jpg?fakeurl=1&type=.jpg"},{"id":1,"image_link":"https:\/\/image.winudf.com\/v2\/image1\/Y29tLmtpbmcuY2FuZHljcnVzaHNhZ2Ffc2NyZWVuXzEyXzE1NTU1MDM3MjVfMDUx\/screen-12.jpg?fakeurl=1&type=.jpg","preview":"https:\/\/image.winudf.com\/v2\/image1\/Y29tLmtpbmcuY2FuZHljcnVzaHNhZ2Ffc2NyZWVuXzEyXzE1NTU1MDM3MjVfMDUx\/screen-12.jpg?fakeurl=1&type=.jpg"},{"id":1,"image_link":"https:\/\/image.winudf.com\/v2\/image1\/Y29tLmtpbmcuY2FuZHljcnVzaHNhZ2Ffc2NyZWVuXzEzXzE1NTU1MDM3MjVfMDQ0\/screen-13.jpg?fakeurl=1&type=.jpg","preview":"https:\/\/image.winudf.com\/v2\/image1\/Y29tLmtpbmcuY2FuZHljcnVzaHNhZ2Ffc2NyZWVuXzEzXzE1NTU1MDM3MjVfMDQ0\/screen-13.jpg?fakeurl=1&type=.jpg"},{"id":1,"image_link":"https:\/\/image.winudf.com\/v2\/image1\/Y29tLmtpbmcuY2FuZHljcnVzaHNhZ2Ffc2NyZWVuXzE0XzE1NTU1MDM3MjVfMDUx\/screen-14.jpg?fakeurl=1&type=.jpg","preview":"https:\/\/image.winudf.com\/v2\/image1\/Y29tLmtpbmcuY2FuZHljcnVzaHNhZ2Ffc2NyZWVuXzE0XzE1NTU1MDM3MjVfMDUx\/screen-14.jpg?fakeurl=1&type=.jpg"},{"id":1,"image_link":"https:\/\/image.winudf.com\/v2\/image1\/Y29tLmtpbmcuY2FuZHljcnVzaHNhZ2Ffc2NyZWVuXzE1XzE1NTU1MDM3MjZfMDQx\/screen-15.jpg?fakeurl=1&type=.jpg","preview":"https:\/\/image.winudf.com\/v2\/image1\/Y29tLmtpbmcuY2FuZHljcnVzaHNhZ2Ffc2NyZWVuXzE1XzE1NTU1MDM3MjZfMDQx\/screen-15.jpg?fakeurl=1&type=.jpg"},{"id":1,"image_link":"https:\/\/image.winudf.com\/v2\/image1\/Y29tLmtpbmcuY2FuZHljcnVzaHNhZ2Ffc2NyZWVuXzE2XzE1NTU1MDM3MjZfMDc1\/screen-16.jpg?fakeurl=1&type=.jpg","preview":"https:\/\/image.winudf.com\/v2\/image1\/Y29tLmtpbmcuY2FuZHljcnVzaHNhZ2Ffc2NyZWVuXzE2XzE1NTU1MDM3MjZfMDc1\/screen-16.jpg?fakeurl=1&type=.jpg"},{"id":1,"image_link":"https:\/\/image.winudf.com\/v2\/image1\/Y29tLmtpbmcuY2FuZHljcnVzaHNhZ2Ffc2NyZWVuXzE3XzE1NTU1MDM3MjdfMDIx\/screen-17.jpg?fakeurl=1&type=.jpg","preview":"https:\/\/image.winudf.com\/v2\/image1\/Y29tLmtpbmcuY2FuZHljcnVzaHNhZ2Ffc2NyZWVuXzE3XzE1NTU1MDM3MjdfMDIx\/screen-17.jpg?fakeurl=1&type=.jpg"}],"total_ratings":87240,"developer":"King","developer_url":"https:\/\/play.google.com\/store\/apps\/developer?id=King","tags":["Stages clearing","Eliminating","Casual"],"versions":[{"identifier":"1.153.0.2","download_link":"https:\/\/apkpure.com\/candy-crush-saga\/com.king.candycrushsaga\/download?from=details","is_link_external":1}],"more_details":[{"title":"Latest Version","identifier":"latest_version","value":"1.153.0.2 "},{"title":"Publish Date","identifier":"published_date","value":"2019-06-14"},{"title":"Requirement","identifier":"required_android","value":"Android 4.1+"}],"seo_title":"Candy Crush Saga","seo_keyword":"Candy Crush Saga apk, Candy Crush Saga apk download, Candy Crush Saga download, Candy Crush Saga.apk, Candy Crush Saga android, Casual GAME download","seo_description":"Candy Crush Saga is a sweet and charming puzzle game, but very simple and easy to play for everybody."}