{"app_id":"com.runtastic.android","value":"com.runtastic.android","title":"Runtastic","label":"Runtastic","slug":"runtastic","app_image_url":"https:\/\/image.winudf.com\/v2\/image1\/Y29tLnJ1bnRhc3RpYy5hbmRyb2lkX2ljb25fMTU2MDg0NjM2MF8wMDI\/icon.png?w=170&fakeurl=1","app_link":"https:\/\/play.google.com\/store\/apps\/details?id=com.runtastic.android","description":"Ready to start your running training &amp; fitness activities? Lace up your running shoes and track distance, time, speed, elevation, calories burned and other stats with the Runtastic running app.<br><br>Start by tracking your runs in the <b>free version<\/b> &amp; benefit from numerous useful features:<br><br>* Get audio feedback from the <b>Voice Coach<\/b> in the running app.<br>* Monitor your running statistics to <b>analyze your training patterns<\/b>.<br>* Set your <b>Yearly Running Goal<\/b> &amp; we\u2019ll help you to reach it with your run tracker.<br>* Are you up for a <b>challenge<\/b>? We will help you maximize your motivation with targeted challenges. <br>* Track miles for your running shoes &amp; we\u2019ll let you know when it\u2019s time to get a new pair.<br>* <b>Join a group<\/b> &amp; run with friends.<br>* Engage in a little friendly competition &amp; check the <b>Leaderboard<\/b> to see which of your friends has run the farthest <br>* Start a Runtastic activity directly from your wrist. Runtastic is fully <b>optimized for Android Wear 2.0<\/b>, integrated with <b>Garmin Connect<\/b> (Garmin Forerunner, Fenix, GPS-enabled Vivo or Edge bike computer), <b>Polar Flow<\/b>, <b>Google Fit<\/b> &amp; <b>Runtastic Wearable Connect<\/b>.<br> <br>Unlock <b>all features<\/b> including running training plans with the <b>Runtastic Premium Membership<\/b>:<br> <br>* Start your running or marathon training with one of our training plans adapted to your fitness level. <br>* Track &amp; save your favorite routes or discover new running routes from other users with the mile tracker.<br>* Take your running sessions to the next level &amp; start interval trainings.<br>* Keep track of your personal records in the jogging app.<br>* Get drawn into another world with Story Runs.<br>* Send personal encouragement and custom messages within the Runtastic community via LIVE Tracking &amp; Cheering.<br>* Push through those moments when you run out of energy with a boost from your favorite Powersong.<br> <br><b>Join the community<\/b> &amp; get inspired by millions of fellow fitness fans worldwide.<br> <br>Unleash your full potential: The Runtastic Premium Membership will unlock all Premium features in Runtastic Results and other Runtastic apps too.<br> <br>APP USAGE INFO &amp; PREMIUM MEMBERSHIP DETAILS<br>The Runtastic running app is free to download and use. Some features, such as your running training plans, are unlocked only with the purchase of a Premium Membership. Your Membership renews automatically if you do not cancel it within 24 hours prior to the end of the subscription period. The renewal of your Premium Membership will be charged to your account up to 24 hours before your current Membership expires. The cancellation of an in-app Membership subscription is not permitted. The option to disable the automatic renewal of your Premium Membership is available to you in your Google Play account settings.  <br><br>Do you have further questions about our apps? Contact us via https:\/\/help.runtastic.com\/hc\/en-us","status_identifier":"active","short_description":"Ready to start your running training &amp; fitness activities? Lace up your running shoes and track distance, time, speed, elevation, calories burned and other stats with the Runtastic running app.Sta...","current_ratings":4.6,"categories":[{"label":"Health & Fitness","value":"health_fitness"}],"screenshots":[{"id":1,"image_link":"https:\/\/image.winudf.com\/v2\/image1\/Y29tLnJ1bnRhc3RpYy5hbmRyb2lkX3NjcmVlbl8wXzE1NjA4NDYzNjBfMDg5\/screen-0.jpg?fakeurl=1&type=.jpg","preview":"https:\/\/image.winudf.com\/v2\/image1\/Y29tLnJ1bnRhc3RpYy5hbmRyb2lkX3NjcmVlbl8wXzE1NjA4NDYzNjBfMDg5\/screen-0.jpg?fakeurl=1&type=.jpg"},{"id":1,"image_link":"https:\/\/image.winudf.com\/v2\/image1\/Y29tLnJ1bnRhc3RpYy5hbmRyb2lkX3NjcmVlbl8xXzE1NjA4NDYzNjBfMDg5\/screen-1.jpg?fakeurl=1&type=.jpg","preview":"https:\/\/image.winudf.com\/v2\/image1\/Y29tLnJ1bnRhc3RpYy5hbmRyb2lkX3NjcmVlbl8xXzE1NjA4NDYzNjBfMDg5\/screen-1.jpg?fakeurl=1&type=.jpg"},{"id":1,"image_link":"https:\/\/image.winudf.com\/v2\/image1\/Y29tLnJ1bnRhc3RpYy5hbmRyb2lkX3NjcmVlbl8yXzE1NjA4NDYzNjFfMDQ3\/screen-2.jpg?fakeurl=1&type=.jpg","preview":"https:\/\/image.winudf.com\/v2\/image1\/Y29tLnJ1bnRhc3RpYy5hbmRyb2lkX3NjcmVlbl8yXzE1NjA4NDYzNjFfMDQ3\/screen-2.jpg?fakeurl=1&type=.jpg"},{"id":1,"image_link":"https:\/\/image.winudf.com\/v2\/image1\/Y29tLnJ1bnRhc3RpYy5hbmRyb2lkX3NjcmVlbl8zXzE1NjA4NDYzNjFfMDIy\/screen-3.jpg?fakeurl=1&type=.jpg","preview":"https:\/\/image.winudf.com\/v2\/image1\/Y29tLnJ1bnRhc3RpYy5hbmRyb2lkX3NjcmVlbl8zXzE1NjA4NDYzNjFfMDIy\/screen-3.jpg?fakeurl=1&type=.jpg"},{"id":1,"image_link":"https:\/\/image.winudf.com\/v2\/image1\/Y29tLnJ1bnRhc3RpYy5hbmRyb2lkX3NjcmVlbl80XzE1NjA4NDYzNjFfMDk1\/screen-4.jpg?fakeurl=1&type=.jpg","preview":"https:\/\/image.winudf.com\/v2\/image1\/Y29tLnJ1bnRhc3RpYy5hbmRyb2lkX3NjcmVlbl80XzE1NjA4NDYzNjFfMDk1\/screen-4.jpg?fakeurl=1&type=.jpg"},{"id":1,"image_link":"https:\/\/image.winudf.com\/v2\/image1\/Y29tLnJ1bnRhc3RpYy5hbmRyb2lkX3NjcmVlbl81XzE1NjA4NDYzNjFfMDAw\/screen-5.jpg?fakeurl=1&type=.jpg","preview":"https:\/\/image.winudf.com\/v2\/image1\/Y29tLnJ1bnRhc3RpYy5hbmRyb2lkX3NjcmVlbl81XzE1NjA4NDYzNjFfMDAw\/screen-5.jpg?fakeurl=1&type=.jpg"}],"screenshot_previews":[{"id":1,"image_link":"https:\/\/image.winudf.com\/v2\/image1\/Y29tLnJ1bnRhc3RpYy5hbmRyb2lkX3NjcmVlbl8wXzE1NjA4NDYzNjBfMDg5\/screen-0.jpg?fakeurl=1&type=.jpg","preview":"https:\/\/image.winudf.com\/v2\/image1\/Y29tLnJ1bnRhc3RpYy5hbmRyb2lkX3NjcmVlbl8wXzE1NjA4NDYzNjBfMDg5\/screen-0.jpg?fakeurl=1&type=.jpg"},{"id":1,"image_link":"https:\/\/image.winudf.com\/v2\/image1\/Y29tLnJ1bnRhc3RpYy5hbmRyb2lkX3NjcmVlbl8xXzE1NjA4NDYzNjBfMDg5\/screen-1.jpg?fakeurl=1&type=.jpg","preview":"https:\/\/image.winudf.com\/v2\/image1\/Y29tLnJ1bnRhc3RpYy5hbmRyb2lkX3NjcmVlbl8xXzE1NjA4NDYzNjBfMDg5\/screen-1.jpg?fakeurl=1&type=.jpg"},{"id":1,"image_link":"https:\/\/image.winudf.com\/v2\/image1\/Y29tLnJ1bnRhc3RpYy5hbmRyb2lkX3NjcmVlbl8yXzE1NjA4NDYzNjFfMDQ3\/screen-2.jpg?fakeurl=1&type=.jpg","preview":"https:\/\/image.winudf.com\/v2\/image1\/Y29tLnJ1bnRhc3RpYy5hbmRyb2lkX3NjcmVlbl8yXzE1NjA4NDYzNjFfMDQ3\/screen-2.jpg?fakeurl=1&type=.jpg"},{"id":1,"image_link":"https:\/\/image.winudf.com\/v2\/image1\/Y29tLnJ1bnRhc3RpYy5hbmRyb2lkX3NjcmVlbl8zXzE1NjA4NDYzNjFfMDIy\/screen-3.jpg?fakeurl=1&type=.jpg","preview":"https:\/\/image.winudf.com\/v2\/image1\/Y29tLnJ1bnRhc3RpYy5hbmRyb2lkX3NjcmVlbl8zXzE1NjA4NDYzNjFfMDIy\/screen-3.jpg?fakeurl=1&type=.jpg"},{"id":1,"image_link":"https:\/\/image.winudf.com\/v2\/image1\/Y29tLnJ1bnRhc3RpYy5hbmRyb2lkX3NjcmVlbl80XzE1NjA4NDYzNjFfMDk1\/screen-4.jpg?fakeurl=1&type=.jpg","preview":"https:\/\/image.winudf.com\/v2\/image1\/Y29tLnJ1bnRhc3RpYy5hbmRyb2lkX3NjcmVlbl80XzE1NjA4NDYzNjFfMDk1\/screen-4.jpg?fakeurl=1&type=.jpg"},{"id":1,"image_link":"https:\/\/image.winudf.com\/v2\/image1\/Y29tLnJ1bnRhc3RpYy5hbmRyb2lkX3NjcmVlbl81XzE1NjA4NDYzNjFfMDAw\/screen-5.jpg?fakeurl=1&type=.jpg","preview":"https:\/\/image.winudf.com\/v2\/image1\/Y29tLnJ1bnRhc3RpYy5hbmRyb2lkX3NjcmVlbl81XzE1NjA4NDYzNjFfMDAw\/screen-5.jpg?fakeurl=1&type=.jpg"}],"total_ratings":556632,"developer":"Runtastic","developer_url":"https:\/\/play.google.com\/store\/apps\/developer?id=Runtastic","tags":["Health &amp; Fitness"],"versions":[{"identifier":"9.0","download_link":"https:\/\/apkpure.com\/runtastic-running-app-run-mileage-tracker\/com.runtastic.android\/download?from=details","is_link_external":1}],"more_details":[{"title":"Latest Version","identifier":"latest_version","value":"9.0 "},{"title":"Publish Date","identifier":"published_date","value":"2019-06-19"},{"title":"Requirement","identifier":"required_android","value":"Android 5.0+"}],"seo_title":"Runtastic","seo_keyword":"Runtastic, Runtastic for android, Runtastic android download, Runtastic apk, Runtastic android apk, Runtastic download","seo_description":"Download Runtastic apk 9.0 for Android. Track runs &amp; workouts with this app for fitness exercises &amp; marathon training!"}