{"app_id":"com.oovoo","value":"com.oovoo","title":"ooVoo","label":"ooVoo","slug":"oovoo","app_image_url":"https:\/\/image.winudf.com\/v2\/image\/Y29tLm9vdm9vX2ljb25fMTUwODE4MzcwOF8wNDA\/icon.png?w=170&fakeurl=1","app_link":"https:\/\/play.google.com\/store\/apps\/details?id=com.oovoo","description":"<b>ooVoo Free High-Quality Video Calling, Messaging and Collaborative Stories: Keeping you connected with the people who matter most! Video chat live with anyone worldwide or send messages via video, photo or text!<\/b> <br><b>All NEW ooVoo CHAINS \u2014 a bold new form of social chat and communication in a world of plain messaging apps<\/b><br>Chains are collections of short videos, images and text \u2014 Record, edit, collaborate, and share the things you love with your friends anywhere in the world.<br><b>Use the new Chains feature to:<\/b><br>\u2605 Create great content for the global ooVoo community \u2013 Link your videos together to create great stories with your friends and anyone in the world<br>\u2605 View top Trending chains and great chains your friends in your Network have uploaded<br>\u2605 Easy to Upload \u2014 Already have awesome content to upload? Easily upload pictures or videos straight from your camera roll, or add text to any chain you\u2019d like to contribute to.<br>\u2605 Discover amazing and interesting content, connect with your friends, and collaborate with members of the ooVoo community<br><b>Free Video Chat &amp; Free Messaging<\/b><br>Use ooVoo for a 1-on-1 or group video call with up to 8 people at a time. Our robust, in-app messaging services allow you to send video messages, pictures, text and more!<br><b>Cutting Edge Technology!<\/b> <br>ooVoo's modern technology is superior to standard messaging apps:<br>Easily send messages or call friends and groups with the touch of a button.<br>Most free messaging apps work only on specific networks while ooVoo provides a crisp and clear video chat over a variety of different communication networks (WiFi, LTE, 4G, 3G)<br>The app comes with cross-platform, cross-device support \u2014 Talk to all your friends from a phone, tablet, or computer. <br><b>Share with friends. Share with family. Share with us! For any feedback, questions, concerns, or feature requests, shoot us an email at support@oovoo.com.<\/b> <br>Follow us on the social networks: <br>Facebook - <b>facebook.com\/ooVoo<\/b> <br>Instagram - <b>instagram.com\/ooVoo<\/b> <br>Twitter - <b>@ooVoo<\/b>","status_identifier":"active","short_description":"ooVoo Free High-Quality Video Calling, Messaging and Collaborative Stories: Keeping you connected with the people who matter most! Video chat live with anyone worldwide or send messages via video, pho...","current_ratings":4.8,"categories":[{"label":"Social","value":"social"}],"screenshots":[{"id":1,"image_link":"https:\/\/image.winudf.com\/v2\/image\/Y29tLm9vdm9vX3NjcmVlbl8wXzE1MDgxODM3MDhfMDUw\/screen-0.jpg?fakeurl=1&type=.jpg","preview":"https:\/\/image.winudf.com\/v2\/image\/Y29tLm9vdm9vX3NjcmVlbl8wXzE1MDgxODM3MDhfMDUw\/screen-0.jpg?fakeurl=1&type=.jpg"},{"id":1,"image_link":"https:\/\/image.winudf.com\/v2\/image\/Y29tLm9vdm9vX3NjcmVlbl8xXzE1MDgxODM3MDlfMDUx\/screen-1.jpg?fakeurl=1&type=.jpg","preview":"https:\/\/image.winudf.com\/v2\/image\/Y29tLm9vdm9vX3NjcmVlbl8xXzE1MDgxODM3MDlfMDUx\/screen-1.jpg?fakeurl=1&type=.jpg"},{"id":1,"image_link":"https:\/\/image.winudf.com\/v2\/image\/Y29tLm9vdm9vX3NjcmVlbl8yXzE1MDgxODM3MTBfMDI2\/screen-2.jpg?fakeurl=1&type=.jpg","preview":"https:\/\/image.winudf.com\/v2\/image\/Y29tLm9vdm9vX3NjcmVlbl8yXzE1MDgxODM3MTBfMDI2\/screen-2.jpg?fakeurl=1&type=.jpg"},{"id":1,"image_link":"https:\/\/image.winudf.com\/v2\/image\/Y29tLm9vdm9vX3NjcmVlbl8zXzE1MDgxODM3MTBfMDk1\/screen-3.jpg?fakeurl=1&type=.jpg","preview":"https:\/\/image.winudf.com\/v2\/image\/Y29tLm9vdm9vX3NjcmVlbl8zXzE1MDgxODM3MTBfMDk1\/screen-3.jpg?fakeurl=1&type=.jpg"},{"id":1,"image_link":"https:\/\/image.winudf.com\/v2\/image\/Y29tLm9vdm9vX3NjcmVlbl80XzE1MDgxODM3MTFfMDQ2\/screen-4.jpg?fakeurl=1&type=.jpg","preview":"https:\/\/image.winudf.com\/v2\/image\/Y29tLm9vdm9vX3NjcmVlbl80XzE1MDgxODM3MTFfMDQ2\/screen-4.jpg?fakeurl=1&type=.jpg"}],"screenshot_previews":[{"id":1,"image_link":"https:\/\/image.winudf.com\/v2\/image\/Y29tLm9vdm9vX3NjcmVlbl8wXzE1MDgxODM3MDhfMDUw\/screen-0.jpg?fakeurl=1&type=.jpg","preview":"https:\/\/image.winudf.com\/v2\/image\/Y29tLm9vdm9vX3NjcmVlbl8wXzE1MDgxODM3MDhfMDUw\/screen-0.jpg?fakeurl=1&type=.jpg"},{"id":1,"image_link":"https:\/\/image.winudf.com\/v2\/image\/Y29tLm9vdm9vX3NjcmVlbl8xXzE1MDgxODM3MDlfMDUx\/screen-1.jpg?fakeurl=1&type=.jpg","preview":"https:\/\/image.winudf.com\/v2\/image\/Y29tLm9vdm9vX3NjcmVlbl8xXzE1MDgxODM3MDlfMDUx\/screen-1.jpg?fakeurl=1&type=.jpg"},{"id":1,"image_link":"https:\/\/image.winudf.com\/v2\/image\/Y29tLm9vdm9vX3NjcmVlbl8yXzE1MDgxODM3MTBfMDI2\/screen-2.jpg?fakeurl=1&type=.jpg","preview":"https:\/\/image.winudf.com\/v2\/image\/Y29tLm9vdm9vX3NjcmVlbl8yXzE1MDgxODM3MTBfMDI2\/screen-2.jpg?fakeurl=1&type=.jpg"},{"id":1,"image_link":"https:\/\/image.winudf.com\/v2\/image\/Y29tLm9vdm9vX3NjcmVlbl8zXzE1MDgxODM3MTBfMDk1\/screen-3.jpg?fakeurl=1&type=.jpg","preview":"https:\/\/image.winudf.com\/v2\/image\/Y29tLm9vdm9vX3NjcmVlbl8zXzE1MDgxODM3MTBfMDk1\/screen-3.jpg?fakeurl=1&type=.jpg"},{"id":1,"image_link":"https:\/\/image.winudf.com\/v2\/image\/Y29tLm9vdm9vX3NjcmVlbl80XzE1MDgxODM3MTFfMDQ2\/screen-4.jpg?fakeurl=1&type=.jpg","preview":"https:\/\/image.winudf.com\/v2\/image\/Y29tLm9vdm9vX3NjcmVlbl80XzE1MDgxODM3MTFfMDQ2\/screen-4.jpg?fakeurl=1&type=.jpg"}],"total_ratings":1896650,"developer":"ooVoo LLC","developer_url":"https:\/\/play.google.com\/store\/apps\/developer?id=ooVoo LLC","tags":["Social"],"versions":[{"identifier":"4.2.1","download_link":"https:\/\/apkpure.com\/oovoo-video-calls-messaging-stories\/com.oovoo\/download?from=details","is_link_external":1}],"more_details":[{"title":"Latest Version","identifier":"latest_version","value":"4.2.1 "},{"title":"Publish Date","identifier":"published_date","value":"2017-10-16"},{"title":"Requirement","identifier":"required_android","value":"Android 4.3+"}],"seo_title":"ooVoo","seo_keyword":"ooVoo, ooVoo for android, ooVoo android download, ooVoo apk, ooVoo android apk, ooVoo download","seo_description":"Download ooVoo apk 4.2.1 for Android. Join a community of over 180M users! Video chat, message &amp; find amazing stories"}