{"app_id":"com.valvesoftware.android.steam.community","value":"com.valvesoftware.android.steam.community","title":"Steam","label":"Steam","slug":"steam","app_image_url":"https:\/\/image.winudf.com\/v2\/image1\/Y29tLnZhbHZlc29mdHdhcmUuYW5kcm9pZC5zdGVhbS5jb21tdW5pdHlfaWNvbl8xNTUyMDg4OTMzXzA3MQ\/icon.png?w=170&fakeurl=1","app_link":"https:\/\/play.google.com\/store\/apps\/details?id=com.valvesoftware.android.steam.community","description":"With the free Steam app for Android, you can participate in the Steam community wherever you go. Chat with your Steam friends, browse community groups and user profiles, read the latest gaming news and stay up to date on unbeatable Steam sales.","status_identifier":"active","short_description":"With the free Steam app for Android, you can participate in the Steam community wherever you go. Chat with your Steam friends, browse community groups and user profiles, read the latest gaming news an...","current_ratings":4.1,"categories":[{"label":"Entertainment","value":"entertainment"}],"screenshots":[{"id":1,"image_link":"https:\/\/image.winudf.com\/v2\/image1\/Y29tLnZhbHZlc29mdHdhcmUuYW5kcm9pZC5zdGVhbS5jb21tdW5pdHlfc2NyZWVuXzBfMTU1MjA4ODkzNF8wODc\/screen-0.jpg?fakeurl=1&type=.jpg","preview":"https:\/\/image.winudf.com\/v2\/image1\/Y29tLnZhbHZlc29mdHdhcmUuYW5kcm9pZC5zdGVhbS5jb21tdW5pdHlfc2NyZWVuXzBfMTU1MjA4ODkzNF8wODc\/screen-0.jpg?fakeurl=1&type=.jpg"},{"id":1,"image_link":"https:\/\/image.winudf.com\/v2\/image1\/Y29tLnZhbHZlc29mdHdhcmUuYW5kcm9pZC5zdGVhbS5jb21tdW5pdHlfc2NyZWVuXzFfMTU1MjA4ODkzNV8wMTQ\/screen-1.jpg?fakeurl=1&type=.jpg","preview":"https:\/\/image.winudf.com\/v2\/image1\/Y29tLnZhbHZlc29mdHdhcmUuYW5kcm9pZC5zdGVhbS5jb21tdW5pdHlfc2NyZWVuXzFfMTU1MjA4ODkzNV8wMTQ\/screen-1.jpg?fakeurl=1&type=.jpg"},{"id":1,"image_link":"https:\/\/image.winudf.com\/v2\/image1\/Y29tLnZhbHZlc29mdHdhcmUuYW5kcm9pZC5zdGVhbS5jb21tdW5pdHlfc2NyZWVuXzJfMTU1MjA4ODkzNV8wNzM\/screen-2.jpg?fakeurl=1&type=.jpg","preview":"https:\/\/image.winudf.com\/v2\/image1\/Y29tLnZhbHZlc29mdHdhcmUuYW5kcm9pZC5zdGVhbS5jb21tdW5pdHlfc2NyZWVuXzJfMTU1MjA4ODkzNV8wNzM\/screen-2.jpg?fakeurl=1&type=.jpg"},{"id":1,"image_link":"https:\/\/image.winudf.com\/v2\/image1\/Y29tLnZhbHZlc29mdHdhcmUuYW5kcm9pZC5zdGVhbS5jb21tdW5pdHlfc2NyZWVuXzNfMTU1MjA4ODkzNV8wNTE\/screen-3.jpg?fakeurl=1&type=.jpg","preview":"https:\/\/image.winudf.com\/v2\/image1\/Y29tLnZhbHZlc29mdHdhcmUuYW5kcm9pZC5zdGVhbS5jb21tdW5pdHlfc2NyZWVuXzNfMTU1MjA4ODkzNV8wNTE\/screen-3.jpg?fakeurl=1&type=.jpg"},{"id":1,"image_link":"https:\/\/image.winudf.com\/v2\/image1\/Y29tLnZhbHZlc29mdHdhcmUuYW5kcm9pZC5zdGVhbS5jb21tdW5pdHlfc2NyZWVuXzRfMTU1MjA4ODkzNl8wNjE\/screen-4.jpg?fakeurl=1&type=.jpg","preview":"https:\/\/image.winudf.com\/v2\/image1\/Y29tLnZhbHZlc29mdHdhcmUuYW5kcm9pZC5zdGVhbS5jb21tdW5pdHlfc2NyZWVuXzRfMTU1MjA4ODkzNl8wNjE\/screen-4.jpg?fakeurl=1&type=.jpg"},{"id":1,"image_link":"https:\/\/image.winudf.com\/v2\/image1\/Y29tLnZhbHZlc29mdHdhcmUuYW5kcm9pZC5zdGVhbS5jb21tdW5pdHlfc2NyZWVuXzVfMTU1MjA4ODkzNl8wODE\/screen-5.jpg?fakeurl=1&type=.jpg","preview":"https:\/\/image.winudf.com\/v2\/image1\/Y29tLnZhbHZlc29mdHdhcmUuYW5kcm9pZC5zdGVhbS5jb21tdW5pdHlfc2NyZWVuXzVfMTU1MjA4ODkzNl8wODE\/screen-5.jpg?fakeurl=1&type=.jpg"}],"screenshot_previews":[{"id":1,"image_link":"https:\/\/image.winudf.com\/v2\/image1\/Y29tLnZhbHZlc29mdHdhcmUuYW5kcm9pZC5zdGVhbS5jb21tdW5pdHlfc2NyZWVuXzBfMTU1MjA4ODkzNF8wODc\/screen-0.jpg?fakeurl=1&type=.jpg","preview":"https:\/\/image.winudf.com\/v2\/image1\/Y29tLnZhbHZlc29mdHdhcmUuYW5kcm9pZC5zdGVhbS5jb21tdW5pdHlfc2NyZWVuXzBfMTU1MjA4ODkzNF8wODc\/screen-0.jpg?fakeurl=1&type=.jpg"},{"id":1,"image_link":"https:\/\/image.winudf.com\/v2\/image1\/Y29tLnZhbHZlc29mdHdhcmUuYW5kcm9pZC5zdGVhbS5jb21tdW5pdHlfc2NyZWVuXzFfMTU1MjA4ODkzNV8wMTQ\/screen-1.jpg?fakeurl=1&type=.jpg","preview":"https:\/\/image.winudf.com\/v2\/image1\/Y29tLnZhbHZlc29mdHdhcmUuYW5kcm9pZC5zdGVhbS5jb21tdW5pdHlfc2NyZWVuXzFfMTU1MjA4ODkzNV8wMTQ\/screen-1.jpg?fakeurl=1&type=.jpg"},{"id":1,"image_link":"https:\/\/image.winudf.com\/v2\/image1\/Y29tLnZhbHZlc29mdHdhcmUuYW5kcm9pZC5zdGVhbS5jb21tdW5pdHlfc2NyZWVuXzJfMTU1MjA4ODkzNV8wNzM\/screen-2.jpg?fakeurl=1&type=.jpg","preview":"https:\/\/image.winudf.com\/v2\/image1\/Y29tLnZhbHZlc29mdHdhcmUuYW5kcm9pZC5zdGVhbS5jb21tdW5pdHlfc2NyZWVuXzJfMTU1MjA4ODkzNV8wNzM\/screen-2.jpg?fakeurl=1&type=.jpg"},{"id":1,"image_link":"https:\/\/image.winudf.com\/v2\/image1\/Y29tLnZhbHZlc29mdHdhcmUuYW5kcm9pZC5zdGVhbS5jb21tdW5pdHlfc2NyZWVuXzNfMTU1MjA4ODkzNV8wNTE\/screen-3.jpg?fakeurl=1&type=.jpg","preview":"https:\/\/image.winudf.com\/v2\/image1\/Y29tLnZhbHZlc29mdHdhcmUuYW5kcm9pZC5zdGVhbS5jb21tdW5pdHlfc2NyZWVuXzNfMTU1MjA4ODkzNV8wNTE\/screen-3.jpg?fakeurl=1&type=.jpg"},{"id":1,"image_link":"https:\/\/image.winudf.com\/v2\/image1\/Y29tLnZhbHZlc29mdHdhcmUuYW5kcm9pZC5zdGVhbS5jb21tdW5pdHlfc2NyZWVuXzRfMTU1MjA4ODkzNl8wNjE\/screen-4.jpg?fakeurl=1&type=.jpg","preview":"https:\/\/image.winudf.com\/v2\/image1\/Y29tLnZhbHZlc29mdHdhcmUuYW5kcm9pZC5zdGVhbS5jb21tdW5pdHlfc2NyZWVuXzRfMTU1MjA4ODkzNl8wNjE\/screen-4.jpg?fakeurl=1&type=.jpg"},{"id":1,"image_link":"https:\/\/image.winudf.com\/v2\/image1\/Y29tLnZhbHZlc29mdHdhcmUuYW5kcm9pZC5zdGVhbS5jb21tdW5pdHlfc2NyZWVuXzVfMTU1MjA4ODkzNl8wODE\/screen-5.jpg?fakeurl=1&type=.jpg","preview":"https:\/\/image.winudf.com\/v2\/image1\/Y29tLnZhbHZlc29mdHdhcmUuYW5kcm9pZC5zdGVhbS5jb21tdW5pdHlfc2NyZWVuXzVfMTU1MjA4ODkzNl8wODE\/screen-5.jpg?fakeurl=1&type=.jpg"}],"total_ratings":1629979,"developer":"Valve Corporation","developer_url":"https:\/\/play.google.com\/store\/apps\/developer?id=Valve Corporation","tags":["Entertainment"],"versions":[{"identifier":"2.3.10","download_link":"https:\/\/apkpure.com\/steam\/com.valvesoftware.android.steam.community\/download?from=details","is_link_external":1}],"more_details":[{"title":"Latest Version","identifier":"latest_version","value":"2.3.10 "},{"title":"Publish Date","identifier":"published_date","value":"2019-05-29"},{"title":"Requirement","identifier":"required_android","value":"Android 4.0+"}],"seo_title":"Steam","seo_keyword":"Steam, Steam for android, Steam android download, Steam apk, Steam android apk, Steam download","seo_description":"Download Steam apk 2.3.10 for Android. Steam: chat and participate in the Steam community, catch unbeatable Steam sales"}