{"app_id":"com.facebook.katana","value":"com.facebook.katana","title":"Facebook","label":"Facebook","slug":"facebook","app_image_url":"https:\/\/image.winudf.com\/v2\/image1\/Y29tLmZhY2Vib29rLmthdGFuYV9pY29uXzE1NTc5OTAwMzBfMDIz\/icon.png?w=170&fakeurl=1","app_link":"https:\/\/play.google.com\/store\/apps\/details?id=com.facebook.katana","description":"Keeping up with friends is faster and easier than ever. Share updates and photos, engage with friends and Pages, and stay connected to communities important to you. <br><br>Features on the Facebook app include:<br><br>* Connect with friends and family and meet new people on your social media network<br>* Set status updates &amp; use Facebook emoji to help relay what\u2019s going on in your world<br>* Share photos, videos, and your favorite memories.<br>* Get notifications when friends like and comment on your posts<br>* Find local social events, and make plans to meet up with friends<br>* Play games with any of your Facebook friends<br>* Backup photos by saving them in albums<br>* Follow your favorite artists, websites, and companies to get their latest news<br>* Look up local businesses to see reviews, operation hours, and pictures<br>* Buy and sell locally on Facebook Marketplace<br>* Watch live videos on the go<br><br><br>The Facebook app does more than help you stay connected with your friends and interests. It's also your personal organizer for storing, saving and sharing photos. It's easy to share photos straight from your Android camera, and you have full control over your photos and privacy settings. You can choose when to keep individual photos private or even set up a secret photo album to control who sees it.<br><br>Facebook also helps you keep up with the latest news and current events around the world. Subscribe to your favorite celebrities, brands, news sources, artists, or sports teams to follow their newsfeeds, watch live streaming videos and be caught up on the latest happenings no matter where you are!<br><br>The most important desktop features of Facebook are also available on the app, such as writing on timelines, liking photos, browsing for people, and editing your profile and groups. <br><br>Now you can get early access to the next version of Facebook for Android by becoming a beta tester. Learn how to sign up, give feedback and leave the program in our Help Center: http:\/\/on.fb.me\/133NwuP <br><br>Sign up directly here: <br>http:\/\/play.google.com\/apps\/testing\/com.facebook.katana<br><br>Problems downloading or installing the app? See http:\/\/bit.ly\/GPDownload1<br>Still need help? Please tell us more about the issue. http:\/\/bit.ly\/invalidpackage<br><br>Facebook is only available for users age 13 and over.<br>Terms of Service: http:\/\/m.facebook.com\/terms.php.","status_identifier":"active","short_description":"Keeping up with friends is faster and easier than ever. Share updates and photos, engage with friends and Pages, and stay connected to communities important to you. Features on the Facebook app includ...","current_ratings":4.45,"categories":[{"label":"Social","value":"social"}],"screenshots":[{"id":1,"image_link":"https:\/\/image.winudf.com\/v2\/image1\/Y29tLmZhY2Vib29rLmthdGFuYV9zY3JlZW5fMF8xNTU3OTkwMDMwXzAzMA\/screen-0.jpg?fakeurl=1&type=.jpg","preview":"https:\/\/image.winudf.com\/v2\/image1\/Y29tLmZhY2Vib29rLmthdGFuYV9zY3JlZW5fMF8xNTU3OTkwMDMwXzAzMA\/screen-0.jpg?fakeurl=1&type=.jpg"},{"id":1,"image_link":"https:\/\/image.winudf.com\/v2\/image1\/Y29tLmZhY2Vib29rLmthdGFuYV9zY3JlZW5fMV8xNTU3OTkwMDMxXzA2OQ\/screen-1.jpg?fakeurl=1&type=.jpg","preview":"https:\/\/image.winudf.com\/v2\/image1\/Y29tLmZhY2Vib29rLmthdGFuYV9zY3JlZW5fMV8xNTU3OTkwMDMxXzA2OQ\/screen-1.jpg?fakeurl=1&type=.jpg"},{"id":1,"image_link":"https:\/\/image.winudf.com\/v2\/image1\/Y29tLmZhY2Vib29rLmthdGFuYV9zY3JlZW5fMl8xNTU3OTkwMDMxXzA4Nw\/screen-2.jpg?fakeurl=1&type=.jpg","preview":"https:\/\/image.winudf.com\/v2\/image1\/Y29tLmZhY2Vib29rLmthdGFuYV9zY3JlZW5fMl8xNTU3OTkwMDMxXzA4Nw\/screen-2.jpg?fakeurl=1&type=.jpg"},{"id":1,"image_link":"https:\/\/image.winudf.com\/v2\/image1\/Y29tLmZhY2Vib29rLmthdGFuYV9zY3JlZW5fM18xNTU3OTkwMDMyXzAyNg\/screen-3.jpg?fakeurl=1&type=.jpg","preview":"https:\/\/image.winudf.com\/v2\/image1\/Y29tLmZhY2Vib29rLmthdGFuYV9zY3JlZW5fM18xNTU3OTkwMDMyXzAyNg\/screen-3.jpg?fakeurl=1&type=.jpg"},{"id":1,"image_link":"https:\/\/image.winudf.com\/v2\/image1\/Y29tLmZhY2Vib29rLmthdGFuYV9zY3JlZW5fNF8xNTU3OTkwMDMyXzA0OQ\/screen-4.jpg?fakeurl=1&type=.jpg","preview":"https:\/\/image.winudf.com\/v2\/image1\/Y29tLmZhY2Vib29rLmthdGFuYV9zY3JlZW5fNF8xNTU3OTkwMDMyXzA0OQ\/screen-4.jpg?fakeurl=1&type=.jpg"}],"screenshot_previews":[{"id":1,"image_link":"https:\/\/image.winudf.com\/v2\/image1\/Y29tLmZhY2Vib29rLmthdGFuYV9zY3JlZW5fMF8xNTU3OTkwMDMwXzAzMA\/screen-0.jpg?fakeurl=1&type=.jpg","preview":"https:\/\/image.winudf.com\/v2\/image1\/Y29tLmZhY2Vib29rLmthdGFuYV9zY3JlZW5fMF8xNTU3OTkwMDMwXzAzMA\/screen-0.jpg?fakeurl=1&type=.jpg"},{"id":1,"image_link":"https:\/\/image.winudf.com\/v2\/image1\/Y29tLmZhY2Vib29rLmthdGFuYV9zY3JlZW5fMV8xNTU3OTkwMDMxXzA2OQ\/screen-1.jpg?fakeurl=1&type=.jpg","preview":"https:\/\/image.winudf.com\/v2\/image1\/Y29tLmZhY2Vib29rLmthdGFuYV9zY3JlZW5fMV8xNTU3OTkwMDMxXzA2OQ\/screen-1.jpg?fakeurl=1&type=.jpg"},{"id":1,"image_link":"https:\/\/image.winudf.com\/v2\/image1\/Y29tLmZhY2Vib29rLmthdGFuYV9zY3JlZW5fMl8xNTU3OTkwMDMxXzA4Nw\/screen-2.jpg?fakeurl=1&type=.jpg","preview":"https:\/\/image.winudf.com\/v2\/image1\/Y29tLmZhY2Vib29rLmthdGFuYV9zY3JlZW5fMl8xNTU3OTkwMDMxXzA4Nw\/screen-2.jpg?fakeurl=1&type=.jpg"},{"id":1,"image_link":"https:\/\/image.winudf.com\/v2\/image1\/Y29tLmZhY2Vib29rLmthdGFuYV9zY3JlZW5fM18xNTU3OTkwMDMyXzAyNg\/screen-3.jpg?fakeurl=1&type=.jpg","preview":"https:\/\/image.winudf.com\/v2\/image1\/Y29tLmZhY2Vib29rLmthdGFuYV9zY3JlZW5fM18xNTU3OTkwMDMyXzAyNg\/screen-3.jpg?fakeurl=1&type=.jpg"},{"id":1,"image_link":"https:\/\/image.winudf.com\/v2\/image1\/Y29tLmZhY2Vib29rLmthdGFuYV9zY3JlZW5fNF8xNTU3OTkwMDMyXzA0OQ\/screen-4.jpg?fakeurl=1&type=.jpg","preview":"https:\/\/image.winudf.com\/v2\/image1\/Y29tLmZhY2Vib29rLmthdGFuYV9zY3JlZW5fNF8xNTU3OTkwMDMyXzA0OQ\/screen-4.jpg?fakeurl=1&type=.jpg"}],"total_ratings":387459,"developer":"Facebook","developer_url":"https:\/\/play.google.com\/store\/apps\/developer?id=Facebook","tags":["Social","Tools","facebook","facebook messenger"],"versions":[{"identifier":"226.0.0.49.120","download_link":"https:\/\/apkpure.com\/facebook\/com.facebook.katana\/download?from=details","is_link_external":1}],"more_details":[{"title":"Latest Version","identifier":"latest_version","value":"226.0.0.49.120 "},{"title":"Publish Date","identifier":"published_date","value":"2019-06-18"},{"title":"Requirement","identifier":"required_android","value":"Android 8.0+"}],"seo_title":"Facebook","seo_keyword":"Facebook, Facebook for android, Facebook android download, Facebook apk, Facebook android apk, Facebook download","seo_description":"Download Facebook apk 226.0.0.49.120 for Android. Find friends, watch live videos, play games &amp; save photos in your social network"}