{"app_id":"com.aimp.player","value":"com.aimp.player","title":"AIMP","label":"AIMP","slug":"aimp","app_image_url":"https:\/\/image.winudf.com\/v2\/image1\/Y29tLmFpbXAucGxheWVyX2ljb25fMTU1MTY5MDYxOV8wNjI\/icon.png?w=170&fakeurl=1","app_link":"https:\/\/play.google.com\/store\/apps\/details?id=com.aimp.player","description":"ATTENTION!<br>1. App may works unstable on Xiaomi devices based on MIUI firmware. <br>2. App does not have built-in music library and uses old school playlist-based approach to music playback<br><br>ABOUT PERMISSIONS<br>An access to phone is required to pause \/ resume playback after call if actions on audio focus change are disabled<br><br>Please, report about all bugs into our forum: http:\/\/www.aimp.ru\/forum\/index.php?board=141.0 or write mail to support.<br><br>+ Supported formats: *.ape; *.mpga; *.mp3; *.wav; *.ogg; *.umx; *.mod; *.mo3; *.it; *.s3m; *.mtm; *.xm; *.aac; *.flac; *.mp4; *.m4a; *.m4b; *.mpc; *.wv; *.opus; *.dsf; *.dff; *.tta<br>+ Support for Android Auto<br>+ OpenSL \/ AudioTrack \/ AAudio based output methods<br>+ CUE Sheet support<br>+ Playback speed control<br>+ Balance control<br>+ 29-band graphic equalizer<br>+ Volume normalization via replay gain or peak-based<br><br>+ Themes: built-in light, dark and black themes<br>+ Themes: custom themes support<br>+ Themes: an ability to change theme hue<br><br>+ Bookmarks<br>+ User defined playback queue<br>+ Automatic detection of tags encoding<br>+ Album Arts support (from tags \/ from file folder \/ from the Internet)<br>+ Multiple playlists <br>+ Smart-playlists based on folders<br>+ Internet radio<br>+ Lyrics support<br>+ HTTP Live Streaming<br><br>+ An ability to cross-fade tracks<br>+ An ability to down mix multi-channels audio files to stereo<br>+ An ability to down mix audio files to mono (optional)<br>+ An ability to register playing track as ringtone from player<br>+ An ability to repeat playlist \/ track \/ playback without repeating<br>+ An ability to play music from File Managers<br>+ An ability to control playback from notification area<br>+ An ability to control playback via Headset<br>+ An ability to switch the tracks via volume buttons (optional)<br>+ An ability to share audio files<br><br>+ An ability to group files by template<br>+ An ability to sort files by template \/ manually<br>+ An ability to search files in filtering mode<br>+ An ability to delete files physically<br><br>+ An ability to load files from selected folder<br>+ An ability to quick add all music from all SD-cards<br>+ An ability to play files from the File Manager applications<br><br>+ Integration with standard lock screen  (for Android v4.0 and newer)<br>+ Widget for the desktop (4x1, 4x2 and 4x4 with resize ability)<br>+ Widget for the lock screen (for Android v4.2 and newer)","status_identifier":"active","short_description":"ATTENTION!1. App may works unstable on Xiaomi devices based on MIUI firmware. 2. App does not have built-in music library and uses old school playlist-based approach to music playbackABOUT PERMISSIONS...","current_ratings":4.95,"categories":[{"label":"Music & Audio","value":"music_audio"}],"screenshots":[{"id":1,"image_link":"https:\/\/image.winudf.com\/v2\/image1\/Y29tLmFpbXAucGxheWVyX3NjcmVlbl8wXzE1NTE2OTA2MTlfMDU5\/screen-0.jpg?fakeurl=1&type=.jpg","preview":"https:\/\/image.winudf.com\/v2\/image1\/Y29tLmFpbXAucGxheWVyX3NjcmVlbl8wXzE1NTE2OTA2MTlfMDU5\/screen-0.jpg?fakeurl=1&type=.jpg"},{"id":1,"image_link":"https:\/\/image.winudf.com\/v2\/image1\/Y29tLmFpbXAucGxheWVyX3NjcmVlbl8xXzE1NTE2OTA2MjBfMDQz\/screen-1.jpg?fakeurl=1&type=.jpg","preview":"https:\/\/image.winudf.com\/v2\/image1\/Y29tLmFpbXAucGxheWVyX3NjcmVlbl8xXzE1NTE2OTA2MjBfMDQz\/screen-1.jpg?fakeurl=1&type=.jpg"},{"id":1,"image_link":"https:\/\/image.winudf.com\/v2\/image1\/Y29tLmFpbXAucGxheWVyX3NjcmVlbl8yXzE1NTE2OTA2MjBfMDI3\/screen-2.jpg?fakeurl=1&type=.jpg","preview":"https:\/\/image.winudf.com\/v2\/image1\/Y29tLmFpbXAucGxheWVyX3NjcmVlbl8yXzE1NTE2OTA2MjBfMDI3\/screen-2.jpg?fakeurl=1&type=.jpg"},{"id":1,"image_link":"https:\/\/image.winudf.com\/v2\/image1\/Y29tLmFpbXAucGxheWVyX3NjcmVlbl8zXzE1NTE2OTA2MjFfMDY4\/screen-3.jpg?fakeurl=1&type=.jpg","preview":"https:\/\/image.winudf.com\/v2\/image1\/Y29tLmFpbXAucGxheWVyX3NjcmVlbl8zXzE1NTE2OTA2MjFfMDY4\/screen-3.jpg?fakeurl=1&type=.jpg"},{"id":1,"image_link":"https:\/\/image.winudf.com\/v2\/image1\/Y29tLmFpbXAucGxheWVyX3NjcmVlbl80XzE1NTE2OTA2MjFfMDIw\/screen-4.jpg?fakeurl=1&type=.jpg","preview":"https:\/\/image.winudf.com\/v2\/image1\/Y29tLmFpbXAucGxheWVyX3NjcmVlbl80XzE1NTE2OTA2MjFfMDIw\/screen-4.jpg?fakeurl=1&type=.jpg"},{"id":1,"image_link":"https:\/\/image.winudf.com\/v2\/image1\/Y29tLmFpbXAucGxheWVyX3NjcmVlbl81XzE1NTE2OTA2MjJfMDA0\/screen-5.jpg?fakeurl=1&type=.jpg","preview":"https:\/\/image.winudf.com\/v2\/image1\/Y29tLmFpbXAucGxheWVyX3NjcmVlbl81XzE1NTE2OTA2MjJfMDA0\/screen-5.jpg?fakeurl=1&type=.jpg"},{"id":1,"image_link":"https:\/\/image.winudf.com\/v2\/image1\/Y29tLmFpbXAucGxheWVyX3NjcmVlbl82XzE1NTE2OTA2MjJfMDUz\/screen-6.jpg?fakeurl=1&type=.jpg","preview":"https:\/\/image.winudf.com\/v2\/image1\/Y29tLmFpbXAucGxheWVyX3NjcmVlbl82XzE1NTE2OTA2MjJfMDUz\/screen-6.jpg?fakeurl=1&type=.jpg"},{"id":1,"image_link":"https:\/\/image.winudf.com\/v2\/image1\/Y29tLmFpbXAucGxheWVyX3NjcmVlbl83XzE1NTE2OTA2MjNfMDE1\/screen-7.jpg?fakeurl=1&type=.jpg","preview":"https:\/\/image.winudf.com\/v2\/image1\/Y29tLmFpbXAucGxheWVyX3NjcmVlbl83XzE1NTE2OTA2MjNfMDE1\/screen-7.jpg?fakeurl=1&type=.jpg"},{"id":1,"image_link":"https:\/\/image.winudf.com\/v2\/image1\/Y29tLmFpbXAucGxheWVyX3NjcmVlbl84XzE1NTE2OTA2MjNfMDE5\/screen-8.jpg?fakeurl=1&type=.jpg","preview":"https:\/\/image.winudf.com\/v2\/image1\/Y29tLmFpbXAucGxheWVyX3NjcmVlbl84XzE1NTE2OTA2MjNfMDE5\/screen-8.jpg?fakeurl=1&type=.jpg"},{"id":1,"image_link":"https:\/\/image.winudf.com\/v2\/image1\/Y29tLmFpbXAucGxheWVyX3NjcmVlbl85XzE1NTE2OTA2MjRfMDg5\/screen-9.jpg?fakeurl=1&type=.jpg","preview":"https:\/\/image.winudf.com\/v2\/image1\/Y29tLmFpbXAucGxheWVyX3NjcmVlbl85XzE1NTE2OTA2MjRfMDg5\/screen-9.jpg?fakeurl=1&type=.jpg"},{"id":1,"image_link":"https:\/\/image.winudf.com\/v2\/image1\/Y29tLmFpbXAucGxheWVyX3NjcmVlbl8xMF8xNTUxNjkwNjI0XzA5Nw\/screen-10.jpg?fakeurl=1&type=.jpg","preview":"https:\/\/image.winudf.com\/v2\/image1\/Y29tLmFpbXAucGxheWVyX3NjcmVlbl8xMF8xNTUxNjkwNjI0XzA5Nw\/screen-10.jpg?fakeurl=1&type=.jpg"},{"id":1,"image_link":"https:\/\/image.winudf.com\/v2\/image1\/Y29tLmFpbXAucGxheWVyX3NjcmVlbl8xMV8xNTUxNjkwNjI1XzA0Mg\/screen-11.jpg?fakeurl=1&type=.jpg","preview":"https:\/\/image.winudf.com\/v2\/image1\/Y29tLmFpbXAucGxheWVyX3NjcmVlbl8xMV8xNTUxNjkwNjI1XzA0Mg\/screen-11.jpg?fakeurl=1&type=.jpg"}],"screenshot_previews":[{"id":1,"image_link":"https:\/\/image.winudf.com\/v2\/image1\/Y29tLmFpbXAucGxheWVyX3NjcmVlbl8wXzE1NTE2OTA2MTlfMDU5\/screen-0.jpg?fakeurl=1&type=.jpg","preview":"https:\/\/image.winudf.com\/v2\/image1\/Y29tLmFpbXAucGxheWVyX3NjcmVlbl8wXzE1NTE2OTA2MTlfMDU5\/screen-0.jpg?fakeurl=1&type=.jpg"},{"id":1,"image_link":"https:\/\/image.winudf.com\/v2\/image1\/Y29tLmFpbXAucGxheWVyX3NjcmVlbl8xXzE1NTE2OTA2MjBfMDQz\/screen-1.jpg?fakeurl=1&type=.jpg","preview":"https:\/\/image.winudf.com\/v2\/image1\/Y29tLmFpbXAucGxheWVyX3NjcmVlbl8xXzE1NTE2OTA2MjBfMDQz\/screen-1.jpg?fakeurl=1&type=.jpg"},{"id":1,"image_link":"https:\/\/image.winudf.com\/v2\/image1\/Y29tLmFpbXAucGxheWVyX3NjcmVlbl8yXzE1NTE2OTA2MjBfMDI3\/screen-2.jpg?fakeurl=1&type=.jpg","preview":"https:\/\/image.winudf.com\/v2\/image1\/Y29tLmFpbXAucGxheWVyX3NjcmVlbl8yXzE1NTE2OTA2MjBfMDI3\/screen-2.jpg?fakeurl=1&type=.jpg"},{"id":1,"image_link":"https:\/\/image.winudf.com\/v2\/image1\/Y29tLmFpbXAucGxheWVyX3NjcmVlbl8zXzE1NTE2OTA2MjFfMDY4\/screen-3.jpg?fakeurl=1&type=.jpg","preview":"https:\/\/image.winudf.com\/v2\/image1\/Y29tLmFpbXAucGxheWVyX3NjcmVlbl8zXzE1NTE2OTA2MjFfMDY4\/screen-3.jpg?fakeurl=1&type=.jpg"},{"id":1,"image_link":"https:\/\/image.winudf.com\/v2\/image1\/Y29tLmFpbXAucGxheWVyX3NjcmVlbl80XzE1NTE2OTA2MjFfMDIw\/screen-4.jpg?fakeurl=1&type=.jpg","preview":"https:\/\/image.winudf.com\/v2\/image1\/Y29tLmFpbXAucGxheWVyX3NjcmVlbl80XzE1NTE2OTA2MjFfMDIw\/screen-4.jpg?fakeurl=1&type=.jpg"},{"id":1,"image_link":"https:\/\/image.winudf.com\/v2\/image1\/Y29tLmFpbXAucGxheWVyX3NjcmVlbl81XzE1NTE2OTA2MjJfMDA0\/screen-5.jpg?fakeurl=1&type=.jpg","preview":"https:\/\/image.winudf.com\/v2\/image1\/Y29tLmFpbXAucGxheWVyX3NjcmVlbl81XzE1NTE2OTA2MjJfMDA0\/screen-5.jpg?fakeurl=1&type=.jpg"},{"id":1,"image_link":"https:\/\/image.winudf.com\/v2\/image1\/Y29tLmFpbXAucGxheWVyX3NjcmVlbl82XzE1NTE2OTA2MjJfMDUz\/screen-6.jpg?fakeurl=1&type=.jpg","preview":"https:\/\/image.winudf.com\/v2\/image1\/Y29tLmFpbXAucGxheWVyX3NjcmVlbl82XzE1NTE2OTA2MjJfMDUz\/screen-6.jpg?fakeurl=1&type=.jpg"},{"id":1,"image_link":"https:\/\/image.winudf.com\/v2\/image1\/Y29tLmFpbXAucGxheWVyX3NjcmVlbl83XzE1NTE2OTA2MjNfMDE1\/screen-7.jpg?fakeurl=1&type=.jpg","preview":"https:\/\/image.winudf.com\/v2\/image1\/Y29tLmFpbXAucGxheWVyX3NjcmVlbl83XzE1NTE2OTA2MjNfMDE1\/screen-7.jpg?fakeurl=1&type=.jpg"},{"id":1,"image_link":"https:\/\/image.winudf.com\/v2\/image1\/Y29tLmFpbXAucGxheWVyX3NjcmVlbl84XzE1NTE2OTA2MjNfMDE5\/screen-8.jpg?fakeurl=1&type=.jpg","preview":"https:\/\/image.winudf.com\/v2\/image1\/Y29tLmFpbXAucGxheWVyX3NjcmVlbl84XzE1NTE2OTA2MjNfMDE5\/screen-8.jpg?fakeurl=1&type=.jpg"},{"id":1,"image_link":"https:\/\/image.winudf.com\/v2\/image1\/Y29tLmFpbXAucGxheWVyX3NjcmVlbl85XzE1NTE2OTA2MjRfMDg5\/screen-9.jpg?fakeurl=1&type=.jpg","preview":"https:\/\/image.winudf.com\/v2\/image1\/Y29tLmFpbXAucGxheWVyX3NjcmVlbl85XzE1NTE2OTA2MjRfMDg5\/screen-9.jpg?fakeurl=1&type=.jpg"},{"id":1,"image_link":"https:\/\/image.winudf.com\/v2\/image1\/Y29tLmFpbXAucGxheWVyX3NjcmVlbl8xMF8xNTUxNjkwNjI0XzA5Nw\/screen-10.jpg?fakeurl=1&type=.jpg","preview":"https:\/\/image.winudf.com\/v2\/image1\/Y29tLmFpbXAucGxheWVyX3NjcmVlbl8xMF8xNTUxNjkwNjI0XzA5Nw\/screen-10.jpg?fakeurl=1&type=.jpg"},{"id":1,"image_link":"https:\/\/image.winudf.com\/v2\/image1\/Y29tLmFpbXAucGxheWVyX3NjcmVlbl8xMV8xNTUxNjkwNjI1XzA0Mg\/screen-11.jpg?fakeurl=1&type=.jpg","preview":"https:\/\/image.winudf.com\/v2\/image1\/Y29tLmFpbXAucGxheWVyX3NjcmVlbl8xMV8xNTUxNjkwNjI1XzA0Mg\/screen-11.jpg?fakeurl=1&type=.jpg"}],"total_ratings":1315313,"developer":"Artem Izmaylov","developer_url":"https:\/\/play.google.com\/store\/apps\/developer?id=Artem Izmaylov","tags":["Music &amp; Audio"],"versions":[{"identifier":"v2.90, Build 845 (06.06.2019)","download_link":"https:\/\/apkpure.com\/aimp\/com.aimp.player\/download?from=details","is_link_external":1}],"more_details":[{"title":"Latest Version","identifier":"latest_version","value":"v2.90, Build 845 (06.06.2019) "},{"title":"Publish Date","identifier":"published_date","value":"2019-06-06"},{"title":"Requirement","identifier":"required_android","value":"Android 4.0+"}],"seo_title":"AIMP","seo_keyword":"AIMP, AIMP for android, AIMP android download, AIMP apk, AIMP android apk, AIMP download","seo_description":"Download AIMP apk v2.90, Build 845 (06.06.2019) for Android. AIMP for Android is light version of AIMP audio player for the Android OS"}