{"app_id":"com.lx.HeroesOfAtlan","value":"com.lx.HeroesOfAtlan","title":"Heroes of Atlan","label":"Heroes of Atlan","slug":"heroes-of-atlan","app_image_url":"https:\/\/image.winudf.com\/v2\/image\/Y29tLmx4Lkhlcm9lc09mQXRsYW5faWNvbl8xNTIyNTEwMTg2XzA2MQ\/icon.png?w=170&fakeurl=1","app_link":"https:\/\/play.google.com\/store\/apps\/details?id=com.lx.HeroesOfAtlan","description":"[THE GREATEST HERO RPG YOU\u2019VE BEEN ALL WAITING FOR!!]<br><br>* An EPIC turn-based RPG with hundreds of Heroes to choose from!<br>* Customize and upgrade your Heroes and build up your party to defeat the Demon King!<br>* Join the saga and play with thousands of players from all across the world!<br>* Over a Million players worldwide<br><br>\u25a0 Traditional Mobile RPG loved by 4 million users around the world<br>- Enjoy hundreds of heroes !!<br>- Enjoy the battle with heroes in various scenarios<br>- Higher the Hero stars, stronger you get!<br><br>\u25a0 Massive and Solid Scenarios are ready!<br>- Unstoppable exploration and challenges to solve secrets<br>- Receiving various quests and unknown missions<br><br>\u25a0 Massive Ceatures that threat the continent of Atlan<br>- Defeat the Giant World Boss and keep the kingdom peace!<br><br>\u25a0 The more contents you play, the more contents you get addicted!<br>- The Clash and the Colosseum to achieve No.1 in the server<br>- Various reinforcement system to enhance the hero's strength further!<br><br>\u25a0Guild systems where cooperation and competition coexist<br>- Defeat the guild raid boss and get rewarded<br>- Collaborate with guild members to win victories in the Guild Competition and Stronghold<br><br>[Story]<br><br>The Kingdom of Atlan was a place of peace and prosperity until a great evil reigned havoc unto the world. The Demon King Beelzebub had emerged, bringing with him pure and unfettered destruction, and leaving only chaos and despair behind him. In one final battle where all hope seemed lost, the Great Sorcerer Magellan and the Guardian Eble had saved the world by sealing away the Demon King! However, after a thousand years of peace, evil still remains and his fury has reawakened! Rise up Hero, and save the Kingdom of Atlan!<br><br>[Features]<br><br>\u2022\tFREE TO PLAY!<br>\u2022\tCreate your own customized party of Heroes with their own unique skills.<br>\u2022\tTest your abilities by entering weekly tournaments and fight against players from around the world.<br>\u2022\tRide and modify spectacular Airships to excavate treasure.<br>\u2022\tBuild life-long partnerships with various pets as they assist you on your adventure.<br>\u2022\tHundreds of unique items to upgrade and customize your Heroes.<br>\u2022\tInvite your friends or make new ones to help you along your journey.<br>\u2022\tJoin or form a guild to partake in intense guild battles and fight massive bosses.<br>\u2022\tFull support for tablet compatibility.<br><br>[Note]<br><br>A stable network connection is required to play.<br>Join our Facebook Community and visit our forums to expand your adventures even further!<br>\u2022\tOfficial Website: http:\/\/www.tritonegames.com\/                                                           <br>\u2022\tOfficial Facebook Fanpage: http:\/\/facebook.com\/HeroesOfAtlan<br>\u2022\tOfficial Forums: https:\/\/www.plug.game\/heroesofatlan<br>\u2022\tTerms of Service: <br>http:\/\/d2sp94fc2kamgz.cloudfront.net\/terms\/Tritone_Terms_Of_Service_HeroesOfAtlan.html<br>\u2022\tPrivacy Policy:<br>http:\/\/d2sp94fc2kamgz.cloudfront.net\/terms\/Tritone_Privacy_Policy_HeroesOfAtlan.html<br><br><br>*By installing this app, you grant permission to access your phone status, identity and system logs.","status_identifier":"active","short_description":"[THE GREATEST HERO RPG YOU\u2019VE BEEN ALL WAITING FOR!!]* An EPIC turn-based RPG with hundreds of Heroes to choose from!* Customize and upgrade your Heroes and build up your party to defeat the Demon Kin...","current_ratings":3.7,"categories":[{"label":"Role Playing","value":"role_playing"}],"screenshots":[{"id":1,"image_link":"javascript:void(0)","preview":"javascript:void(0)"},{"id":1,"image_link":"https:\/\/image.winudf.com\/v2\/image\/Y29tLmx4Lkhlcm9lc09mQXRsYW5fc2NyZWVuXzBfMTUyMjUxMDE4Nl8wMzE\/screen-0.jpg?fakeurl=1&type=.jpg","preview":"https:\/\/image.winudf.com\/v2\/image\/Y29tLmx4Lkhlcm9lc09mQXRsYW5fc2NyZWVuXzBfMTUyMjUxMDE4Nl8wMzE\/screen-0.jpg?fakeurl=1&type=.jpg"},{"id":1,"image_link":"https:\/\/image.winudf.com\/v2\/image\/Y29tLmx4Lkhlcm9lc09mQXRsYW5fc2NyZWVuXzFfMTUyMjUxMDE4Nl8wNTQ\/screen-1.jpg?fakeurl=1&type=.jpg","preview":"https:\/\/image.winudf.com\/v2\/image\/Y29tLmx4Lkhlcm9lc09mQXRsYW5fc2NyZWVuXzFfMTUyMjUxMDE4Nl8wNTQ\/screen-1.jpg?fakeurl=1&type=.jpg"},{"id":1,"image_link":"https:\/\/image.winudf.com\/v2\/image\/Y29tLmx4Lkhlcm9lc09mQXRsYW5fc2NyZWVuXzJfMTUyMjUxMDE4N18wMzk\/screen-2.jpg?fakeurl=1&type=.jpg","preview":"https:\/\/image.winudf.com\/v2\/image\/Y29tLmx4Lkhlcm9lc09mQXRsYW5fc2NyZWVuXzJfMTUyMjUxMDE4N18wMzk\/screen-2.jpg?fakeurl=1&type=.jpg"},{"id":1,"image_link":"https:\/\/image.winudf.com\/v2\/image\/Y29tLmx4Lkhlcm9lc09mQXRsYW5fc2NyZWVuXzNfMTUyMjUxMDE4N18wMDg\/screen-3.jpg?fakeurl=1&type=.jpg","preview":"https:\/\/image.winudf.com\/v2\/image\/Y29tLmx4Lkhlcm9lc09mQXRsYW5fc2NyZWVuXzNfMTUyMjUxMDE4N18wMDg\/screen-3.jpg?fakeurl=1&type=.jpg"},{"id":1,"image_link":"https:\/\/image.winudf.com\/v2\/image\/Y29tLmx4Lkhlcm9lc09mQXRsYW5fc2NyZWVuXzRfMTUyMjUxMDE4N18wMDI\/screen-4.jpg?fakeurl=1&type=.jpg","preview":"https:\/\/image.winudf.com\/v2\/image\/Y29tLmx4Lkhlcm9lc09mQXRsYW5fc2NyZWVuXzRfMTUyMjUxMDE4N18wMDI\/screen-4.jpg?fakeurl=1&type=.jpg"},{"id":1,"image_link":"https:\/\/image.winudf.com\/v2\/image\/Y29tLmx4Lkhlcm9lc09mQXRsYW5fc2NyZWVuXzVfMTUyMjUxMDE4OF8wNTQ\/screen-5.jpg?fakeurl=1&type=.jpg","preview":"https:\/\/image.winudf.com\/v2\/image\/Y29tLmx4Lkhlcm9lc09mQXRsYW5fc2NyZWVuXzVfMTUyMjUxMDE4OF8wNTQ\/screen-5.jpg?fakeurl=1&type=.jpg"},{"id":1,"image_link":"https:\/\/image.winudf.com\/v2\/image\/Y29tLmx4Lkhlcm9lc09mQXRsYW5fc2NyZWVuXzZfMTUyMjUxMDE4OF8wODE\/screen-6.jpg?fakeurl=1&type=.jpg","preview":"https:\/\/image.winudf.com\/v2\/image\/Y29tLmx4Lkhlcm9lc09mQXRsYW5fc2NyZWVuXzZfMTUyMjUxMDE4OF8wODE\/screen-6.jpg?fakeurl=1&type=.jpg"}],"screenshot_previews":[{"id":1,"image_link":"javascript:void(0)","preview":"javascript:void(0)"},{"id":1,"image_link":"https:\/\/image.winudf.com\/v2\/image\/Y29tLmx4Lkhlcm9lc09mQXRsYW5fc2NyZWVuXzBfMTUyMjUxMDE4Nl8wMzE\/screen-0.jpg?fakeurl=1&type=.jpg","preview":"https:\/\/image.winudf.com\/v2\/image\/Y29tLmx4Lkhlcm9lc09mQXRsYW5fc2NyZWVuXzBfMTUyMjUxMDE4Nl8wMzE\/screen-0.jpg?fakeurl=1&type=.jpg"},{"id":1,"image_link":"https:\/\/image.winudf.com\/v2\/image\/Y29tLmx4Lkhlcm9lc09mQXRsYW5fc2NyZWVuXzFfMTUyMjUxMDE4Nl8wNTQ\/screen-1.jpg?fakeurl=1&type=.jpg","preview":"https:\/\/image.winudf.com\/v2\/image\/Y29tLmx4Lkhlcm9lc09mQXRsYW5fc2NyZWVuXzFfMTUyMjUxMDE4Nl8wNTQ\/screen-1.jpg?fakeurl=1&type=.jpg"},{"id":1,"image_link":"https:\/\/image.winudf.com\/v2\/image\/Y29tLmx4Lkhlcm9lc09mQXRsYW5fc2NyZWVuXzJfMTUyMjUxMDE4N18wMzk\/screen-2.jpg?fakeurl=1&type=.jpg","preview":"https:\/\/image.winudf.com\/v2\/image\/Y29tLmx4Lkhlcm9lc09mQXRsYW5fc2NyZWVuXzJfMTUyMjUxMDE4N18wMzk\/screen-2.jpg?fakeurl=1&type=.jpg"},{"id":1,"image_link":"https:\/\/image.winudf.com\/v2\/image\/Y29tLmx4Lkhlcm9lc09mQXRsYW5fc2NyZWVuXzNfMTUyMjUxMDE4N18wMDg\/screen-3.jpg?fakeurl=1&type=.jpg","preview":"https:\/\/image.winudf.com\/v2\/image\/Y29tLmx4Lkhlcm9lc09mQXRsYW5fc2NyZWVuXzNfMTUyMjUxMDE4N18wMDg\/screen-3.jpg?fakeurl=1&type=.jpg"},{"id":1,"image_link":"https:\/\/image.winudf.com\/v2\/image\/Y29tLmx4Lkhlcm9lc09mQXRsYW5fc2NyZWVuXzRfMTUyMjUxMDE4N18wMDI\/screen-4.jpg?fakeurl=1&type=.jpg","preview":"https:\/\/image.winudf.com\/v2\/image\/Y29tLmx4Lkhlcm9lc09mQXRsYW5fc2NyZWVuXzRfMTUyMjUxMDE4N18wMDI\/screen-4.jpg?fakeurl=1&type=.jpg"},{"id":1,"image_link":"https:\/\/image.winudf.com\/v2\/image\/Y29tLmx4Lkhlcm9lc09mQXRsYW5fc2NyZWVuXzVfMTUyMjUxMDE4OF8wNTQ\/screen-5.jpg?fakeurl=1&type=.jpg","preview":"https:\/\/image.winudf.com\/v2\/image\/Y29tLmx4Lkhlcm9lc09mQXRsYW5fc2NyZWVuXzVfMTUyMjUxMDE4OF8wNTQ\/screen-5.jpg?fakeurl=1&type=.jpg"},{"id":1,"image_link":"https:\/\/image.winudf.com\/v2\/image\/Y29tLmx4Lkhlcm9lc09mQXRsYW5fc2NyZWVuXzZfMTUyMjUxMDE4OF8wODE\/screen-6.jpg?fakeurl=1&type=.jpg","preview":"https:\/\/image.winudf.com\/v2\/image\/Y29tLmx4Lkhlcm9lc09mQXRsYW5fc2NyZWVuXzZfMTUyMjUxMDE4OF8wODE\/screen-6.jpg?fakeurl=1&type=.jpg"}],"total_ratings":1625191,"developer":"SKYWALK","developer_url":"https:\/\/play.google.com\/store\/apps\/developer?id=SKYWALK","tags":["Role Playing"],"versions":[{"identifier":"1.8.2","download_link":"https:\/\/apkpure.com\/heroes-of-atlan\/com.lx.HeroesOfAtlan\/download?from=details","is_link_external":1}],"more_details":[{"title":"Latest Version","identifier":"latest_version","value":"1.8.2 "},{"title":"Publish Date","identifier":"published_date","value":"2018-02-23"},{"title":"Requirement","identifier":"required_android","value":"Android 3.2+"}],"seo_title":"Heroes of Atlan","seo_keyword":"Heroes of Atlan, Heroes of Atlan for android, Heroes of Atlan android download, Heroes of Atlan apk, Heroes of Atlan android apk, Heroes of Atlan download","seo_description":"Download Heroes of Atlan apk 1.8.2 for Android. Fun, intense, tons of contents, the greatest hero RPG!"}