{"app_id":"com.mojang.minecraftpe","value":"com.mojang.minecraftpe","title":"Minecraft","label":"Minecraft","slug":"minecraft","app_image_url":"https:\/\/image.winudf.com\/v2\/image\/Y29tLm1vamFuZy5taW5lY3JhZnRwZV9pY29uXzE1MTQ0NTEwNDZfMDMw\/icon.png?w=170&fakeurl=1","app_link":"https:\/\/play.google.com\/store\/apps\/details?id=com.mojang.minecraftpe","description":"Explore infinite worlds and build everything from the simplest of homes to the grandest of castles. Play in creative mode with unlimited resources or mine deep into the world in survival mode, crafting weapons and armor to fend off dangerous mobs. Create, explore and survive alone or with friends on mobile devices or Windows 10.<br><br>\n\nMinecraft Online - Minecraft also support HTML5 version game, play <b><a href=\"https:\/\/apkpure.com\/url?q=https%3A%2F%2Fyaksgames.com%2Fgames%2Fminecraft-online%2FG05E3087BD\" rel=\"nofollow\" target=\"_blank\" title online><u><font color=\"#3984c6\">Minecraft Online<\/font><\/u><\/a><\/b>, Minecraft free online game now.<br><br>\n\nEXPAND YOUR GAME:<br>\nMarketplace - Discover the latest community creations in the marketplace! Get unique maps, skins, and texture packs from your favorite creators.<br><br>\n\nSlash commands - Tweak how the game plays: you can give items away, summon mobs, change the time of day, and more. <br><br>\n\nAdd-Ons - Customize your experience even further with free Add-Ons! If you're more tech-inclined, you can modify data-driven behaviors in the game to create new resource packs.<br><br>\n\nMULTIPLAYER<br>\nRealms - Play with up to 10 friends cross-platform, anytime, anywhere on Realms, your own private server that we host for you. Try a free 30-day trial in-app.<br><br>\n\nMultiplayer - Play with up to 4 friends with a free Xbox Live account online.<br>\nServers - Join free massive multiplayer servers and play with thousands of others! Discover gigantic community-run worlds, compete in unique mini-games and socialize in lobbies full of new friends.<br><br>\n\nSUPPORT: https:\/\/\/www.minecraft.net\/help\nLEARN MORE: https:\/\/\/www.minecraft.net\/","status_identifier":"active","short_description":"Explore infinite worlds and build everything from the simplest of homes to the grandest of castles. Play in creative mode with unlimited resources or mine deep into the world in survival mode, craftin...","current_ratings":4.45,"categories":[{"label":"Arcade","value":"arcade"}],"screenshots":[{"id":1,"image_link":"javascript:void(0)","preview":"javascript:void(0)"},{"id":1,"image_link":"https:\/\/image.winudf.com\/v2\/image\/Y29tLm1vamFuZy5taW5lY3JhZnRwZV9zY3JlZW5fMF8xNTE0NDUxMDQ3XzA1OA\/screen-0.jpg?fakeurl=1&type=.jpg","preview":"https:\/\/image.winudf.com\/v2\/image\/Y29tLm1vamFuZy5taW5lY3JhZnRwZV9zY3JlZW5fMF8xNTE0NDUxMDQ3XzA1OA\/screen-0.jpg?fakeurl=1&type=.jpg"},{"id":1,"image_link":"https:\/\/image.winudf.com\/v2\/image\/Y29tLm1vamFuZy5taW5lY3JhZnRwZV9zY3JlZW5fMV8xNTE0NDUxMDQ3XzA2NQ\/screen-1.jpg?fakeurl=1&type=.jpg","preview":"https:\/\/image.winudf.com\/v2\/image\/Y29tLm1vamFuZy5taW5lY3JhZnRwZV9zY3JlZW5fMV8xNTE0NDUxMDQ3XzA2NQ\/screen-1.jpg?fakeurl=1&type=.jpg"},{"id":1,"image_link":"https:\/\/image.winudf.com\/v2\/image\/Y29tLm1vamFuZy5taW5lY3JhZnRwZV9zY3JlZW5fMl8xNTE0NDUxMDQ4XzA0NQ\/screen-2.jpg?fakeurl=1&type=.jpg","preview":"https:\/\/image.winudf.com\/v2\/image\/Y29tLm1vamFuZy5taW5lY3JhZnRwZV9zY3JlZW5fMl8xNTE0NDUxMDQ4XzA0NQ\/screen-2.jpg?fakeurl=1&type=.jpg"},{"id":1,"image_link":"https:\/\/image.winudf.com\/v2\/image\/Y29tLm1vamFuZy5taW5lY3JhZnRwZV9zY3JlZW5fM18xNTE0NDUxMDQ4XzA2Nw\/screen-3.jpg?fakeurl=1&type=.jpg","preview":"https:\/\/image.winudf.com\/v2\/image\/Y29tLm1vamFuZy5taW5lY3JhZnRwZV9zY3JlZW5fM18xNTE0NDUxMDQ4XzA2Nw\/screen-3.jpg?fakeurl=1&type=.jpg"},{"id":1,"image_link":"https:\/\/image.winudf.com\/v2\/image\/Y29tLm1vamFuZy5taW5lY3JhZnRwZV9zY3JlZW5fNF8xNTE0NDUxMDQ5XzA1OA\/screen-4.jpg?fakeurl=1&type=.jpg","preview":"https:\/\/image.winudf.com\/v2\/image\/Y29tLm1vamFuZy5taW5lY3JhZnRwZV9zY3JlZW5fNF8xNTE0NDUxMDQ5XzA1OA\/screen-4.jpg?fakeurl=1&type=.jpg"},{"id":1,"image_link":"https:\/\/image.winudf.com\/v2\/image\/Y29tLm1vamFuZy5taW5lY3JhZnRwZV9zY3JlZW5fNV8xNTE0NDUxMDQ5XzA3Mw\/screen-5.jpg?fakeurl=1&type=.jpg","preview":"https:\/\/image.winudf.com\/v2\/image\/Y29tLm1vamFuZy5taW5lY3JhZnRwZV9zY3JlZW5fNV8xNTE0NDUxMDQ5XzA3Mw\/screen-5.jpg?fakeurl=1&type=.jpg"},{"id":1,"image_link":"https:\/\/image.winudf.com\/v2\/image\/Y29tLm1vamFuZy5taW5lY3JhZnRwZV9zY3JlZW5fNl8xNTE0NDUxMDUwXzAyOA\/screen-6.jpg?fakeurl=1&type=.jpg","preview":"https:\/\/image.winudf.com\/v2\/image\/Y29tLm1vamFuZy5taW5lY3JhZnRwZV9zY3JlZW5fNl8xNTE0NDUxMDUwXzAyOA\/screen-6.jpg?fakeurl=1&type=.jpg"},{"id":1,"image_link":"https:\/\/image.winudf.com\/v2\/image\/Y29tLm1vamFuZy5taW5lY3JhZnRwZV9zY3JlZW5fN18xNTE0NDUxMDUwXzA4OA\/screen-7.jpg?fakeurl=1&type=.jpg","preview":"https:\/\/image.winudf.com\/v2\/image\/Y29tLm1vamFuZy5taW5lY3JhZnRwZV9zY3JlZW5fN18xNTE0NDUxMDUwXzA4OA\/screen-7.jpg?fakeurl=1&type=.jpg"},{"id":1,"image_link":"https:\/\/image.winudf.com\/v2\/image\/Y29tLm1vamFuZy5taW5lY3JhZnRwZV9zY3JlZW5fOF8xNTE0NDUxMDUxXzA2Mw\/screen-8.jpg?fakeurl=1&type=.jpg","preview":"https:\/\/image.winudf.com\/v2\/image\/Y29tLm1vamFuZy5taW5lY3JhZnRwZV9zY3JlZW5fOF8xNTE0NDUxMDUxXzA2Mw\/screen-8.jpg?fakeurl=1&type=.jpg"},{"id":1,"image_link":"https:\/\/image.winudf.com\/v2\/image\/Y29tLm1vamFuZy5taW5lY3JhZnRwZV9zY3JlZW5fOV8xNTE0NDUxMDUxXzAyNg\/screen-9.jpg?fakeurl=1&type=.jpg","preview":"https:\/\/image.winudf.com\/v2\/image\/Y29tLm1vamFuZy5taW5lY3JhZnRwZV9zY3JlZW5fOV8xNTE0NDUxMDUxXzAyNg\/screen-9.jpg?fakeurl=1&type=.jpg"},{"id":1,"image_link":"https:\/\/image.winudf.com\/v2\/image\/Y29tLm1vamFuZy5taW5lY3JhZnRwZV9zY3JlZW5fMTBfMTUxNDQ1MTA1NV8wODg\/screen-10.jpg?fakeurl=1&type=.jpg","preview":"https:\/\/image.winudf.com\/v2\/image\/Y29tLm1vamFuZy5taW5lY3JhZnRwZV9zY3JlZW5fMTBfMTUxNDQ1MTA1NV8wODg\/screen-10.jpg?fakeurl=1&type=.jpg"},{"id":1,"image_link":"https:\/\/image.winudf.com\/v2\/image\/Y29tLm1vamFuZy5taW5lY3JhZnRwZV9zY3JlZW5fMTFfMTUxNDQ1MTA1NV8wNTE\/screen-11.jpg?fakeurl=1&type=.jpg","preview":"https:\/\/image.winudf.com\/v2\/image\/Y29tLm1vamFuZy5taW5lY3JhZnRwZV9zY3JlZW5fMTFfMTUxNDQ1MTA1NV8wNTE\/screen-11.jpg?fakeurl=1&type=.jpg"},{"id":1,"image_link":"https:\/\/image.winudf.com\/v2\/image\/Y29tLm1vamFuZy5taW5lY3JhZnRwZV9zY3JlZW5fMTJfMTUxNDQ1MTA1Nl8wODA\/screen-12.jpg?fakeurl=1&type=.jpg","preview":"https:\/\/image.winudf.com\/v2\/image\/Y29tLm1vamFuZy5taW5lY3JhZnRwZV9zY3JlZW5fMTJfMTUxNDQ1MTA1Nl8wODA\/screen-12.jpg?fakeurl=1&type=.jpg"},{"id":1,"image_link":"https:\/\/image.winudf.com\/v2\/image\/Y29tLm1vamFuZy5taW5lY3JhZnRwZV9zY3JlZW5fMTNfMTUxNDQ1MTA1N18wODg\/screen-13.jpg?fakeurl=1&type=.jpg","preview":"https:\/\/image.winudf.com\/v2\/image\/Y29tLm1vamFuZy5taW5lY3JhZnRwZV9zY3JlZW5fMTNfMTUxNDQ1MTA1N18wODg\/screen-13.jpg?fakeurl=1&type=.jpg"},{"id":1,"image_link":"https:\/\/image.winudf.com\/v2\/image\/Y29tLm1vamFuZy5taW5lY3JhZnRwZV9zY3JlZW5fMTRfMTUxNDQ1MTA1N18wNTE\/screen-14.jpg?fakeurl=1&type=.jpg","preview":"https:\/\/image.winudf.com\/v2\/image\/Y29tLm1vamFuZy5taW5lY3JhZnRwZV9zY3JlZW5fMTRfMTUxNDQ1MTA1N18wNTE\/screen-14.jpg?fakeurl=1&type=.jpg"},{"id":1,"image_link":"https:\/\/image.winudf.com\/v2\/image\/Y29tLm1vamFuZy5taW5lY3JhZnRwZV9zY3JlZW5fMTVfMTUxNDQ1MTA1OF8wODk\/screen-15.jpg?fakeurl=1&type=.jpg","preview":"https:\/\/image.winudf.com\/v2\/image\/Y29tLm1vamFuZy5taW5lY3JhZnRwZV9zY3JlZW5fMTVfMTUxNDQ1MTA1OF8wODk\/screen-15.jpg?fakeurl=1&type=.jpg"},{"id":1,"image_link":"https:\/\/image.winudf.com\/v2\/image\/Y29tLm1vamFuZy5taW5lY3JhZnRwZV9zY3JlZW5fMTZfMTUxNDQ1MTA1OF8wMjg\/screen-16.jpg?fakeurl=1&type=.jpg","preview":"https:\/\/image.winudf.com\/v2\/image\/Y29tLm1vamFuZy5taW5lY3JhZnRwZV9zY3JlZW5fMTZfMTUxNDQ1MTA1OF8wMjg\/screen-16.jpg?fakeurl=1&type=.jpg"},{"id":1,"image_link":"https:\/\/image.winudf.com\/v2\/image\/Y29tLm1vamFuZy5taW5lY3JhZnRwZV9zY3JlZW5fMTdfMTUxNDQ1MTA1OV8wNzk\/screen-17.jpg?fakeurl=1&type=.jpg","preview":"https:\/\/image.winudf.com\/v2\/image\/Y29tLm1vamFuZy5taW5lY3JhZnRwZV9zY3JlZW5fMTdfMTUxNDQ1MTA1OV8wNzk\/screen-17.jpg?fakeurl=1&type=.jpg"},{"id":1,"image_link":"https:\/\/image.winudf.com\/v2\/image\/Y29tLm1vamFuZy5taW5lY3JhZnRwZV9zY3JlZW5fMThfMTUxNDQ1MTA2MF8wNDU\/screen-18.jpg?fakeurl=1&type=.jpg","preview":"https:\/\/image.winudf.com\/v2\/image\/Y29tLm1vamFuZy5taW5lY3JhZnRwZV9zY3JlZW5fMThfMTUxNDQ1MTA2MF8wNDU\/screen-18.jpg?fakeurl=1&type=.jpg"},{"id":1,"image_link":"https:\/\/image.winudf.com\/v2\/image\/Y29tLm1vamFuZy5taW5lY3JhZnRwZV9zY3JlZW5fMTlfMTUxNDQ1MTA2MV8wMzk\/screen-19.jpg?fakeurl=1&type=.jpg","preview":"https:\/\/image.winudf.com\/v2\/image\/Y29tLm1vamFuZy5taW5lY3JhZnRwZV9zY3JlZW5fMTlfMTUxNDQ1MTA2MV8wMzk\/screen-19.jpg?fakeurl=1&type=.jpg"},{"id":1,"image_link":"https:\/\/image.winudf.com\/v2\/image\/Y29tLm1vamFuZy5taW5lY3JhZnRwZV9zY3JlZW5fMjBfMTUxNDQ1MTA2MV8wNTE\/screen-20.jpg?fakeurl=1&type=.jpg","preview":"https:\/\/image.winudf.com\/v2\/image\/Y29tLm1vamFuZy5taW5lY3JhZnRwZV9zY3JlZW5fMjBfMTUxNDQ1MTA2MV8wNTE\/screen-20.jpg?fakeurl=1&type=.jpg"},{"id":1,"image_link":"https:\/\/image.winudf.com\/v2\/image\/Y29tLm1vamFuZy5taW5lY3JhZnRwZV9zY3JlZW5fMjFfMTUxNDQ1MTA2MV8wNjE\/screen-21.jpg?fakeurl=1&type=.jpg","preview":"https:\/\/image.winudf.com\/v2\/image\/Y29tLm1vamFuZy5taW5lY3JhZnRwZV9zY3JlZW5fMjFfMTUxNDQ1MTA2MV8wNjE\/screen-21.jpg?fakeurl=1&type=.jpg"}],"screenshot_previews":[{"id":1,"image_link":"javascript:void(0)","preview":"javascript:void(0)"},{"id":1,"image_link":"https:\/\/image.winudf.com\/v2\/image\/Y29tLm1vamFuZy5taW5lY3JhZnRwZV9zY3JlZW5fMF8xNTE0NDUxMDQ3XzA1OA\/screen-0.jpg?fakeurl=1&type=.jpg","preview":"https:\/\/image.winudf.com\/v2\/image\/Y29tLm1vamFuZy5taW5lY3JhZnRwZV9zY3JlZW5fMF8xNTE0NDUxMDQ3XzA1OA\/screen-0.jpg?fakeurl=1&type=.jpg"},{"id":1,"image_link":"https:\/\/image.winudf.com\/v2\/image\/Y29tLm1vamFuZy5taW5lY3JhZnRwZV9zY3JlZW5fMV8xNTE0NDUxMDQ3XzA2NQ\/screen-1.jpg?fakeurl=1&type=.jpg","preview":"https:\/\/image.winudf.com\/v2\/image\/Y29tLm1vamFuZy5taW5lY3JhZnRwZV9zY3JlZW5fMV8xNTE0NDUxMDQ3XzA2NQ\/screen-1.jpg?fakeurl=1&type=.jpg"},{"id":1,"image_link":"https:\/\/image.winudf.com\/v2\/image\/Y29tLm1vamFuZy5taW5lY3JhZnRwZV9zY3JlZW5fMl8xNTE0NDUxMDQ4XzA0NQ\/screen-2.jpg?fakeurl=1&type=.jpg","preview":"https:\/\/image.winudf.com\/v2\/image\/Y29tLm1vamFuZy5taW5lY3JhZnRwZV9zY3JlZW5fMl8xNTE0NDUxMDQ4XzA0NQ\/screen-2.jpg?fakeurl=1&type=.jpg"},{"id":1,"image_link":"https:\/\/image.winudf.com\/v2\/image\/Y29tLm1vamFuZy5taW5lY3JhZnRwZV9zY3JlZW5fM18xNTE0NDUxMDQ4XzA2Nw\/screen-3.jpg?fakeurl=1&type=.jpg","preview":"https:\/\/image.winudf.com\/v2\/image\/Y29tLm1vamFuZy5taW5lY3JhZnRwZV9zY3JlZW5fM18xNTE0NDUxMDQ4XzA2Nw\/screen-3.jpg?fakeurl=1&type=.jpg"},{"id":1,"image_link":"https:\/\/image.winudf.com\/v2\/image\/Y29tLm1vamFuZy5taW5lY3JhZnRwZV9zY3JlZW5fNF8xNTE0NDUxMDQ5XzA1OA\/screen-4.jpg?fakeurl=1&type=.jpg","preview":"https:\/\/image.winudf.com\/v2\/image\/Y29tLm1vamFuZy5taW5lY3JhZnRwZV9zY3JlZW5fNF8xNTE0NDUxMDQ5XzA1OA\/screen-4.jpg?fakeurl=1&type=.jpg"},{"id":1,"image_link":"https:\/\/image.winudf.com\/v2\/image\/Y29tLm1vamFuZy5taW5lY3JhZnRwZV9zY3JlZW5fNV8xNTE0NDUxMDQ5XzA3Mw\/screen-5.jpg?fakeurl=1&type=.jpg","preview":"https:\/\/image.winudf.com\/v2\/image\/Y29tLm1vamFuZy5taW5lY3JhZnRwZV9zY3JlZW5fNV8xNTE0NDUxMDQ5XzA3Mw\/screen-5.jpg?fakeurl=1&type=.jpg"},{"id":1,"image_link":"https:\/\/image.winudf.com\/v2\/image\/Y29tLm1vamFuZy5taW5lY3JhZnRwZV9zY3JlZW5fNl8xNTE0NDUxMDUwXzAyOA\/screen-6.jpg?fakeurl=1&type=.jpg","preview":"https:\/\/image.winudf.com\/v2\/image\/Y29tLm1vamFuZy5taW5lY3JhZnRwZV9zY3JlZW5fNl8xNTE0NDUxMDUwXzAyOA\/screen-6.jpg?fakeurl=1&type=.jpg"},{"id":1,"image_link":"https:\/\/image.winudf.com\/v2\/image\/Y29tLm1vamFuZy5taW5lY3JhZnRwZV9zY3JlZW5fN18xNTE0NDUxMDUwXzA4OA\/screen-7.jpg?fakeurl=1&type=.jpg","preview":"https:\/\/image.winudf.com\/v2\/image\/Y29tLm1vamFuZy5taW5lY3JhZnRwZV9zY3JlZW5fN18xNTE0NDUxMDUwXzA4OA\/screen-7.jpg?fakeurl=1&type=.jpg"},{"id":1,"image_link":"https:\/\/image.winudf.com\/v2\/image\/Y29tLm1vamFuZy5taW5lY3JhZnRwZV9zY3JlZW5fOF8xNTE0NDUxMDUxXzA2Mw\/screen-8.jpg?fakeurl=1&type=.jpg","preview":"https:\/\/image.winudf.com\/v2\/image\/Y29tLm1vamFuZy5taW5lY3JhZnRwZV9zY3JlZW5fOF8xNTE0NDUxMDUxXzA2Mw\/screen-8.jpg?fakeurl=1&type=.jpg"},{"id":1,"image_link":"https:\/\/image.winudf.com\/v2\/image\/Y29tLm1vamFuZy5taW5lY3JhZnRwZV9zY3JlZW5fOV8xNTE0NDUxMDUxXzAyNg\/screen-9.jpg?fakeurl=1&type=.jpg","preview":"https:\/\/image.winudf.com\/v2\/image\/Y29tLm1vamFuZy5taW5lY3JhZnRwZV9zY3JlZW5fOV8xNTE0NDUxMDUxXzAyNg\/screen-9.jpg?fakeurl=1&type=.jpg"},{"id":1,"image_link":"https:\/\/image.winudf.com\/v2\/image\/Y29tLm1vamFuZy5taW5lY3JhZnRwZV9zY3JlZW5fMTBfMTUxNDQ1MTA1NV8wODg\/screen-10.jpg?fakeurl=1&type=.jpg","preview":"https:\/\/image.winudf.com\/v2\/image\/Y29tLm1vamFuZy5taW5lY3JhZnRwZV9zY3JlZW5fMTBfMTUxNDQ1MTA1NV8wODg\/screen-10.jpg?fakeurl=1&type=.jpg"},{"id":1,"image_link":"https:\/\/image.winudf.com\/v2\/image\/Y29tLm1vamFuZy5taW5lY3JhZnRwZV9zY3JlZW5fMTFfMTUxNDQ1MTA1NV8wNTE\/screen-11.jpg?fakeurl=1&type=.jpg","preview":"https:\/\/image.winudf.com\/v2\/image\/Y29tLm1vamFuZy5taW5lY3JhZnRwZV9zY3JlZW5fMTFfMTUxNDQ1MTA1NV8wNTE\/screen-11.jpg?fakeurl=1&type=.jpg"},{"id":1,"image_link":"https:\/\/image.winudf.com\/v2\/image\/Y29tLm1vamFuZy5taW5lY3JhZnRwZV9zY3JlZW5fMTJfMTUxNDQ1MTA1Nl8wODA\/screen-12.jpg?fakeurl=1&type=.jpg","preview":"https:\/\/image.winudf.com\/v2\/image\/Y29tLm1vamFuZy5taW5lY3JhZnRwZV9zY3JlZW5fMTJfMTUxNDQ1MTA1Nl8wODA\/screen-12.jpg?fakeurl=1&type=.jpg"},{"id":1,"image_link":"https:\/\/image.winudf.com\/v2\/image\/Y29tLm1vamFuZy5taW5lY3JhZnRwZV9zY3JlZW5fMTNfMTUxNDQ1MTA1N18wODg\/screen-13.jpg?fakeurl=1&type=.jpg","preview":"https:\/\/image.winudf.com\/v2\/image\/Y29tLm1vamFuZy5taW5lY3JhZnRwZV9zY3JlZW5fMTNfMTUxNDQ1MTA1N18wODg\/screen-13.jpg?fakeurl=1&type=.jpg"},{"id":1,"image_link":"https:\/\/image.winudf.com\/v2\/image\/Y29tLm1vamFuZy5taW5lY3JhZnRwZV9zY3JlZW5fMTRfMTUxNDQ1MTA1N18wNTE\/screen-14.jpg?fakeurl=1&type=.jpg","preview":"https:\/\/image.winudf.com\/v2\/image\/Y29tLm1vamFuZy5taW5lY3JhZnRwZV9zY3JlZW5fMTRfMTUxNDQ1MTA1N18wNTE\/screen-14.jpg?fakeurl=1&type=.jpg"},{"id":1,"image_link":"https:\/\/image.winudf.com\/v2\/image\/Y29tLm1vamFuZy5taW5lY3JhZnRwZV9zY3JlZW5fMTVfMTUxNDQ1MTA1OF8wODk\/screen-15.jpg?fakeurl=1&type=.jpg","preview":"https:\/\/image.winudf.com\/v2\/image\/Y29tLm1vamFuZy5taW5lY3JhZnRwZV9zY3JlZW5fMTVfMTUxNDQ1MTA1OF8wODk\/screen-15.jpg?fakeurl=1&type=.jpg"},{"id":1,"image_link":"https:\/\/image.winudf.com\/v2\/image\/Y29tLm1vamFuZy5taW5lY3JhZnRwZV9zY3JlZW5fMTZfMTUxNDQ1MTA1OF8wMjg\/screen-16.jpg?fakeurl=1&type=.jpg","preview":"https:\/\/image.winudf.com\/v2\/image\/Y29tLm1vamFuZy5taW5lY3JhZnRwZV9zY3JlZW5fMTZfMTUxNDQ1MTA1OF8wMjg\/screen-16.jpg?fakeurl=1&type=.jpg"},{"id":1,"image_link":"https:\/\/image.winudf.com\/v2\/image\/Y29tLm1vamFuZy5taW5lY3JhZnRwZV9zY3JlZW5fMTdfMTUxNDQ1MTA1OV8wNzk\/screen-17.jpg?fakeurl=1&type=.jpg","preview":"https:\/\/image.winudf.com\/v2\/image\/Y29tLm1vamFuZy5taW5lY3JhZnRwZV9zY3JlZW5fMTdfMTUxNDQ1MTA1OV8wNzk\/screen-17.jpg?fakeurl=1&type=.jpg"},{"id":1,"image_link":"https:\/\/image.winudf.com\/v2\/image\/Y29tLm1vamFuZy5taW5lY3JhZnRwZV9zY3JlZW5fMThfMTUxNDQ1MTA2MF8wNDU\/screen-18.jpg?fakeurl=1&type=.jpg","preview":"https:\/\/image.winudf.com\/v2\/image\/Y29tLm1vamFuZy5taW5lY3JhZnRwZV9zY3JlZW5fMThfMTUxNDQ1MTA2MF8wNDU\/screen-18.jpg?fakeurl=1&type=.jpg"},{"id":1,"image_link":"https:\/\/image.winudf.com\/v2\/image\/Y29tLm1vamFuZy5taW5lY3JhZnRwZV9zY3JlZW5fMTlfMTUxNDQ1MTA2MV8wMzk\/screen-19.jpg?fakeurl=1&type=.jpg","preview":"https:\/\/image.winudf.com\/v2\/image\/Y29tLm1vamFuZy5taW5lY3JhZnRwZV9zY3JlZW5fMTlfMTUxNDQ1MTA2MV8wMzk\/screen-19.jpg?fakeurl=1&type=.jpg"},{"id":1,"image_link":"https:\/\/image.winudf.com\/v2\/image\/Y29tLm1vamFuZy5taW5lY3JhZnRwZV9zY3JlZW5fMjBfMTUxNDQ1MTA2MV8wNTE\/screen-20.jpg?fakeurl=1&type=.jpg","preview":"https:\/\/image.winudf.com\/v2\/image\/Y29tLm1vamFuZy5taW5lY3JhZnRwZV9zY3JlZW5fMjBfMTUxNDQ1MTA2MV8wNTE\/screen-20.jpg?fakeurl=1&type=.jpg"},{"id":1,"image_link":"https:\/\/image.winudf.com\/v2\/image\/Y29tLm1vamFuZy5taW5lY3JhZnRwZV9zY3JlZW5fMjFfMTUxNDQ1MTA2MV8wNjE\/screen-21.jpg?fakeurl=1&type=.jpg","preview":"https:\/\/image.winudf.com\/v2\/image\/Y29tLm1vamFuZy5taW5lY3JhZnRwZV9zY3JlZW5fMjFfMTUxNDQ1MTA2MV8wNjE\/screen-21.jpg?fakeurl=1&type=.jpg"}],"total_ratings":1450529,"developer":"Mojang","developer_url":"https:\/\/play.google.com\/store\/apps\/developer?id=Mojang","tags":["Arcade","Adventure","minecraft"],"versions":[{"identifier":"","download_link":"https:\/\/apkpure.com#","is_link_external":1}],"more_details":[{"title":"Latest Version","identifier":"latest_version","value":""},{"title":"Publish Date","identifier":"published_date","value":"2017-12-21"},{"title":"Requirement","identifier":"required_android","value":"Varies with device"}],"seo_title":"Minecraft","seo_keyword":"Minecraft, Minecraft for android, Minecraft android download, Minecraft apk, Minecraft android apk, Minecraft download","seo_description":"Download Minecraft apk  for Android. Minecraft is about placing blocks to build things and going on adventures!"}