{"app_id":"com.google.android.youtube","value":"com.google.android.youtube","title":"YouTube","label":"YouTube","slug":"youtube","app_image_url":"https:\/\/image.winudf.com\/v2\/image1\/Y29tLmdvb2dsZS5hbmRyb2lkLnlvdXR1YmVfaWNvbl8xNTU1MTE3NTQ3XzA5NA\/icon.png?w=170&fakeurl=1","app_link":"https:\/\/play.google.com\/store\/apps\/details?id=com.google.android.youtube","description":"Get the official YouTube app for Android phones and tablets. See what the world is watching -- from the hottest music videos to what\u2019s trending in gaming, entertainment, news, and more. Subscribe to channels you love, share with friends, and watch on any device.<br><br>With a new design, you can have fun exploring videos you love more easily and quickly than before. Just tap an icon or swipe to switch between recommended videos, your subscriptions, or your account. You can also subscribe to your favorite channels, create playlists, edit and upload videos, express yourself with comments or shares, cast a video to your TV, and more \u2013 all from inside the app.<br><br>FIND VIDEOS YOU LOVE FAST<br><br>\u2022 Browse personal recommendations on the Home tab<br><br>\u2022 See the latest from your favorite channels on the Subscriptions tab<br><br>\u2022 Look up videos you\u2019ve watched and liked on the Account tab<br><br>CONNECT AND SHARE<br><br>\u2022 Let people know how you feel with likes, comments, and shares<br><br>\u2022 Upload and edit your own videos with filters and music \u2013 all inside the app","status_identifier":"active","short_description":"Get the official YouTube app for Android phones and tablets. See what the world is watching -- from the hottest music videos to what\u2019s trending in gaming, entertainment, news, and more. Subscribe to c...","current_ratings":4.05,"categories":[{"label":"Video Players & Editors","value":"video_players_editors"}],"screenshots":[{"id":1,"image_link":"https:\/\/image.winudf.com\/v2\/image1\/Y29tLmdvb2dsZS5hbmRyb2lkLnlvdXR1YmVfc2NyZWVuXzBfMTU1NTExNzU0N18wNjg\/screen-0.jpg?fakeurl=1&type=.jpg","preview":"https:\/\/image.winudf.com\/v2\/image1\/Y29tLmdvb2dsZS5hbmRyb2lkLnlvdXR1YmVfc2NyZWVuXzBfMTU1NTExNzU0N18wNjg\/screen-0.jpg?fakeurl=1&type=.jpg"},{"id":1,"image_link":"https:\/\/image.winudf.com\/v2\/image1\/Y29tLmdvb2dsZS5hbmRyb2lkLnlvdXR1YmVfc2NyZWVuXzFfMTU1NTExNzU0OF8wMDA\/screen-1.jpg?fakeurl=1&type=.jpg","preview":"https:\/\/image.winudf.com\/v2\/image1\/Y29tLmdvb2dsZS5hbmRyb2lkLnlvdXR1YmVfc2NyZWVuXzFfMTU1NTExNzU0OF8wMDA\/screen-1.jpg?fakeurl=1&type=.jpg"},{"id":1,"image_link":"https:\/\/image.winudf.com\/v2\/image1\/Y29tLmdvb2dsZS5hbmRyb2lkLnlvdXR1YmVfc2NyZWVuXzJfMTU1NTExNzU0OF8wNDI\/screen-2.jpg?fakeurl=1&type=.jpg","preview":"https:\/\/image.winudf.com\/v2\/image1\/Y29tLmdvb2dsZS5hbmRyb2lkLnlvdXR1YmVfc2NyZWVuXzJfMTU1NTExNzU0OF8wNDI\/screen-2.jpg?fakeurl=1&type=.jpg"},{"id":1,"image_link":"https:\/\/image.winudf.com\/v2\/image1\/Y29tLmdvb2dsZS5hbmRyb2lkLnlvdXR1YmVfc2NyZWVuXzNfMTU1NTExNzU0OV8wNDc\/screen-3.jpg?fakeurl=1&type=.jpg","preview":"https:\/\/image.winudf.com\/v2\/image1\/Y29tLmdvb2dsZS5hbmRyb2lkLnlvdXR1YmVfc2NyZWVuXzNfMTU1NTExNzU0OV8wNDc\/screen-3.jpg?fakeurl=1&type=.jpg"},{"id":1,"image_link":"https:\/\/image.winudf.com\/v2\/image1\/Y29tLmdvb2dsZS5hbmRyb2lkLnlvdXR1YmVfc2NyZWVuXzRfMTU1NTExNzU0OV8wODY\/screen-4.jpg?fakeurl=1&type=.jpg","preview":"https:\/\/image.winudf.com\/v2\/image1\/Y29tLmdvb2dsZS5hbmRyb2lkLnlvdXR1YmVfc2NyZWVuXzRfMTU1NTExNzU0OV8wODY\/screen-4.jpg?fakeurl=1&type=.jpg"}],"screenshot_previews":[{"id":1,"image_link":"https:\/\/image.winudf.com\/v2\/image1\/Y29tLmdvb2dsZS5hbmRyb2lkLnlvdXR1YmVfc2NyZWVuXzBfMTU1NTExNzU0N18wNjg\/screen-0.jpg?fakeurl=1&type=.jpg","preview":"https:\/\/image.winudf.com\/v2\/image1\/Y29tLmdvb2dsZS5hbmRyb2lkLnlvdXR1YmVfc2NyZWVuXzBfMTU1NTExNzU0N18wNjg\/screen-0.jpg?fakeurl=1&type=.jpg"},{"id":1,"image_link":"https:\/\/image.winudf.com\/v2\/image1\/Y29tLmdvb2dsZS5hbmRyb2lkLnlvdXR1YmVfc2NyZWVuXzFfMTU1NTExNzU0OF8wMDA\/screen-1.jpg?fakeurl=1&type=.jpg","preview":"https:\/\/image.winudf.com\/v2\/image1\/Y29tLmdvb2dsZS5hbmRyb2lkLnlvdXR1YmVfc2NyZWVuXzFfMTU1NTExNzU0OF8wMDA\/screen-1.jpg?fakeurl=1&type=.jpg"},{"id":1,"image_link":"https:\/\/image.winudf.com\/v2\/image1\/Y29tLmdvb2dsZS5hbmRyb2lkLnlvdXR1YmVfc2NyZWVuXzJfMTU1NTExNzU0OF8wNDI\/screen-2.jpg?fakeurl=1&type=.jpg","preview":"https:\/\/image.winudf.com\/v2\/image1\/Y29tLmdvb2dsZS5hbmRyb2lkLnlvdXR1YmVfc2NyZWVuXzJfMTU1NTExNzU0OF8wNDI\/screen-2.jpg?fakeurl=1&type=.jpg"},{"id":1,"image_link":"https:\/\/image.winudf.com\/v2\/image1\/Y29tLmdvb2dsZS5hbmRyb2lkLnlvdXR1YmVfc2NyZWVuXzNfMTU1NTExNzU0OV8wNDc\/screen-3.jpg?fakeurl=1&type=.jpg","preview":"https:\/\/image.winudf.com\/v2\/image1\/Y29tLmdvb2dsZS5hbmRyb2lkLnlvdXR1YmVfc2NyZWVuXzNfMTU1NTExNzU0OV8wNDc\/screen-3.jpg?fakeurl=1&type=.jpg"},{"id":1,"image_link":"https:\/\/image.winudf.com\/v2\/image1\/Y29tLmdvb2dsZS5hbmRyb2lkLnlvdXR1YmVfc2NyZWVuXzRfMTU1NTExNzU0OV8wODY\/screen-4.jpg?fakeurl=1&type=.jpg","preview":"https:\/\/image.winudf.com\/v2\/image1\/Y29tLmdvb2dsZS5hbmRyb2lkLnlvdXR1YmVfc2NyZWVuXzRfMTU1NTExNzU0OV8wODY\/screen-4.jpg?fakeurl=1&type=.jpg"}],"total_ratings":1300695,"developer":"Google LLC","developer_url":"https:\/\/play.google.com\/store\/apps\/developer?id=Google LLC","tags":["Video Players &amp; Editors"],"versions":[{"identifier":"14.23.50","download_link":"https:\/\/apkpure.com\/youtube\/com.google.android.youtube\/download?from=details","is_link_external":1}],"more_details":[{"title":"Latest Version","identifier":"latest_version","value":"14.23.50 "},{"title":"Publish Date","identifier":"published_date","value":"2019-06-14"},{"title":"Requirement","identifier":"required_android","value":"Android 4.4+"}],"seo_title":"YouTube","seo_keyword":"YouTube, YouTube for android, YouTube android download, YouTube apk, YouTube android apk, YouTube download","seo_description":"Download YouTube apk 14.23.50 for Android. Enjoy your favorite videos and channels with the official YouTube app."}