{"app_id":"com.combineinc.streetracing.driftthreeD","value":"com.combineinc.streetracing.driftthreeD","title":"Street Racing 3D","label":"Street Racing 3D","slug":"street-racing-3d","app_image_url":"https:\/\/image.winudf.com\/v2\/image1\/Y29tLmNvbWJpbmVpbmMuc3RyZWV0cmFjaW5nLmRyaWZ0dGhyZWVEX2ljb25fMTU1NTU2MDAxMF8wMTk\/icon.png?w=170&fakeurl=1","app_link":"https:\/\/play.google.com\/store\/apps\/details?id=com.combineinc.streetracing.driftthreeD","description":"#1 Free street racing 3D car game!<br>Drive a top-class sports car, join the top street racing camp!<br> <br>Real racing, drift in the asphalt. Racing in multiple races, driving on the streets, full of exciting challenges, and the world's professional racers compete to become a street legend!<br> <br>____________________________________________________________________________<br> <br>Start driving in unique car or never seen before on the asphalt roads. More extremely fast and beautiful cars on asphalt tracks. start your racer, the world's top-class racing cars for you to choose!  Upgrade turbo engine, find the tune for your car, colorful paints and cool stickers.<br> <br>Race in different modes of street scene. Show your rivals that you are the best in real competition with amazing speed. Unbelievable turns, achieve highest possible velocity racers, to be the stronger. Driving skill need to exercise in the different mode competition, so start racing in arcade style, perform amazing stunts. Unique mix of arcade action and simulation way of driving. Start driving and earning rewards, collect coins and diamonds on the street asphalt. Drag your careen into high stake racing.<br>_______________________________________________________________________________<br> <br>Street Racing 3D Features:<br>\u2022 Street themed asphalt racing<br>\u2022 Drive 30+ extreme cars <br>\u2022 High speed racing in street<br>\u2022 Real drift racing for speed<br>\u2022 Challenge friends, start a fierce racing on the track<br>\u2022 Leader board score, you are the king of speed<br>\u2022 Create your car, show the perfect look<br>\u2022 Collect as many coins and diamonds as possible<br>\u2022 High-speed racing mode, driving technology is the first<br>\u2022 Win the PVP event, get a great reward<br> <br>Street racing 3D has already started, drive your turbo car with the fast speed in the street asphalt. Racing is the best checking for your skills. Experience drift speed in the road, be the king of car racers.","status_identifier":"active","short_description":"#1 Free street racing 3D car game!Drive a top-class sports car, join the top street racing camp! Real racing, drift in the asphalt. Racing in multiple races, driving on the streets, full of exciting c...","current_ratings":4.4,"categories":[{"label":"Racing","value":"racing"}],"screenshots":[{"id":1,"image_link":"javascript:void(0)","preview":"javascript:void(0)"},{"id":1,"image_link":"https:\/\/image.winudf.com\/v2\/image1\/Y29tLmNvbWJpbmVpbmMuc3RyZWV0cmFjaW5nLmRyaWZ0dGhyZWVEX3NjcmVlbl8wXzE1NTU1NjAwMTFfMDMz\/screen-0.jpg?fakeurl=1&type=.jpg","preview":"https:\/\/image.winudf.com\/v2\/image1\/Y29tLmNvbWJpbmVpbmMuc3RyZWV0cmFjaW5nLmRyaWZ0dGhyZWVEX3NjcmVlbl8wXzE1NTU1NjAwMTFfMDMz\/screen-0.jpg?fakeurl=1&type=.jpg"},{"id":1,"image_link":"https:\/\/image.winudf.com\/v2\/image1\/Y29tLmNvbWJpbmVpbmMuc3RyZWV0cmFjaW5nLmRyaWZ0dGhyZWVEX3NjcmVlbl8xXzE1NTU1NjAwMTFfMDA4\/screen-1.jpg?fakeurl=1&type=.jpg","preview":"https:\/\/image.winudf.com\/v2\/image1\/Y29tLmNvbWJpbmVpbmMuc3RyZWV0cmFjaW5nLmRyaWZ0dGhyZWVEX3NjcmVlbl8xXzE1NTU1NjAwMTFfMDA4\/screen-1.jpg?fakeurl=1&type=.jpg"},{"id":1,"image_link":"https:\/\/image.winudf.com\/v2\/image1\/Y29tLmNvbWJpbmVpbmMuc3RyZWV0cmFjaW5nLmRyaWZ0dGhyZWVEX3NjcmVlbl8yXzE1NTU1NjAwMTFfMDY2\/screen-2.jpg?fakeurl=1&type=.jpg","preview":"https:\/\/image.winudf.com\/v2\/image1\/Y29tLmNvbWJpbmVpbmMuc3RyZWV0cmFjaW5nLmRyaWZ0dGhyZWVEX3NjcmVlbl8yXzE1NTU1NjAwMTFfMDY2\/screen-2.jpg?fakeurl=1&type=.jpg"},{"id":1,"image_link":"https:\/\/image.winudf.com\/v2\/image1\/Y29tLmNvbWJpbmVpbmMuc3RyZWV0cmFjaW5nLmRyaWZ0dGhyZWVEX3NjcmVlbl8zXzE1NTU1NjAwMTJfMDIw\/screen-3.jpg?fakeurl=1&type=.jpg","preview":"https:\/\/image.winudf.com\/v2\/image1\/Y29tLmNvbWJpbmVpbmMuc3RyZWV0cmFjaW5nLmRyaWZ0dGhyZWVEX3NjcmVlbl8zXzE1NTU1NjAwMTJfMDIw\/screen-3.jpg?fakeurl=1&type=.jpg"},{"id":1,"image_link":"https:\/\/image.winudf.com\/v2\/image1\/Y29tLmNvbWJpbmVpbmMuc3RyZWV0cmFjaW5nLmRyaWZ0dGhyZWVEX3NjcmVlbl80XzE1NTU1NjAwMTdfMDMw\/screen-4.jpg?fakeurl=1&type=.jpg","preview":"https:\/\/image.winudf.com\/v2\/image1\/Y29tLmNvbWJpbmVpbmMuc3RyZWV0cmFjaW5nLmRyaWZ0dGhyZWVEX3NjcmVlbl80XzE1NTU1NjAwMTdfMDMw\/screen-4.jpg?fakeurl=1&type=.jpg"},{"id":1,"image_link":"https:\/\/image.winudf.com\/v2\/image1\/Y29tLmNvbWJpbmVpbmMuc3RyZWV0cmFjaW5nLmRyaWZ0dGhyZWVEX3NjcmVlbl81XzE1NTU1NjAwMTdfMDM5\/screen-5.jpg?fakeurl=1&type=.jpg","preview":"https:\/\/image.winudf.com\/v2\/image1\/Y29tLmNvbWJpbmVpbmMuc3RyZWV0cmFjaW5nLmRyaWZ0dGhyZWVEX3NjcmVlbl81XzE1NTU1NjAwMTdfMDM5\/screen-5.jpg?fakeurl=1&type=.jpg"},{"id":1,"image_link":"https:\/\/image.winudf.com\/v2\/image1\/Y29tLmNvbWJpbmVpbmMuc3RyZWV0cmFjaW5nLmRyaWZ0dGhyZWVEX3NjcmVlbl82XzE1NTU1NjAwMThfMDM3\/screen-6.jpg?fakeurl=1&type=.jpg","preview":"https:\/\/image.winudf.com\/v2\/image1\/Y29tLmNvbWJpbmVpbmMuc3RyZWV0cmFjaW5nLmRyaWZ0dGhyZWVEX3NjcmVlbl82XzE1NTU1NjAwMThfMDM3\/screen-6.jpg?fakeurl=1&type=.jpg"},{"id":1,"image_link":"https:\/\/image.winudf.com\/v2\/image1\/Y29tLmNvbWJpbmVpbmMuc3RyZWV0cmFjaW5nLmRyaWZ0dGhyZWVEX3NjcmVlbl83XzE1NTU1NjAwMThfMDk4\/screen-7.jpg?fakeurl=1&type=.jpg","preview":"https:\/\/image.winudf.com\/v2\/image1\/Y29tLmNvbWJpbmVpbmMuc3RyZWV0cmFjaW5nLmRyaWZ0dGhyZWVEX3NjcmVlbl83XzE1NTU1NjAwMThfMDk4\/screen-7.jpg?fakeurl=1&type=.jpg"},{"id":1,"image_link":"https:\/\/image.winudf.com\/v2\/image1\/Y29tLmNvbWJpbmVpbmMuc3RyZWV0cmFjaW5nLmRyaWZ0dGhyZWVEX3NjcmVlbl84XzE1NTU1NjAwMThfMDc3\/screen-8.jpg?fakeurl=1&type=.jpg","preview":"https:\/\/image.winudf.com\/v2\/image1\/Y29tLmNvbWJpbmVpbmMuc3RyZWV0cmFjaW5nLmRyaWZ0dGhyZWVEX3NjcmVlbl84XzE1NTU1NjAwMThfMDc3\/screen-8.jpg?fakeurl=1&type=.jpg"},{"id":1,"image_link":"https:\/\/image.winudf.com\/v2\/image1\/Y29tLmNvbWJpbmVpbmMuc3RyZWV0cmFjaW5nLmRyaWZ0dGhyZWVEX3NjcmVlbl85XzE1NTU1NjAwMTlfMDEw\/screen-9.jpg?fakeurl=1&type=.jpg","preview":"https:\/\/image.winudf.com\/v2\/image1\/Y29tLmNvbWJpbmVpbmMuc3RyZWV0cmFjaW5nLmRyaWZ0dGhyZWVEX3NjcmVlbl85XzE1NTU1NjAwMTlfMDEw\/screen-9.jpg?fakeurl=1&type=.jpg"},{"id":1,"image_link":"https:\/\/image.winudf.com\/v2\/image1\/Y29tLmNvbWJpbmVpbmMuc3RyZWV0cmFjaW5nLmRyaWZ0dGhyZWVEX3NjcmVlbl8xMF8xNTU1NTYwMDIwXzA2Mw\/screen-10.jpg?fakeurl=1&type=.jpg","preview":"https:\/\/image.winudf.com\/v2\/image1\/Y29tLmNvbWJpbmVpbmMuc3RyZWV0cmFjaW5nLmRyaWZ0dGhyZWVEX3NjcmVlbl8xMF8xNTU1NTYwMDIwXzA2Mw\/screen-10.jpg?fakeurl=1&type=.jpg"},{"id":1,"image_link":"https:\/\/image.winudf.com\/v2\/image1\/Y29tLmNvbWJpbmVpbmMuc3RyZWV0cmFjaW5nLmRyaWZ0dGhyZWVEX3NjcmVlbl8xMV8xNTU1NTYwMDIwXzAyOQ\/screen-11.jpg?fakeurl=1&type=.jpg","preview":"https:\/\/image.winudf.com\/v2\/image1\/Y29tLmNvbWJpbmVpbmMuc3RyZWV0cmFjaW5nLmRyaWZ0dGhyZWVEX3NjcmVlbl8xMV8xNTU1NTYwMDIwXzAyOQ\/screen-11.jpg?fakeurl=1&type=.jpg"},{"id":1,"image_link":"https:\/\/image.winudf.com\/v2\/image1\/Y29tLmNvbWJpbmVpbmMuc3RyZWV0cmFjaW5nLmRyaWZ0dGhyZWVEX3NjcmVlbl8xMl8xNTU1NTYwMDIwXzA2Mw\/screen-12.jpg?fakeurl=1&type=.jpg","preview":"https:\/\/image.winudf.com\/v2\/image1\/Y29tLmNvbWJpbmVpbmMuc3RyZWV0cmFjaW5nLmRyaWZ0dGhyZWVEX3NjcmVlbl8xMl8xNTU1NTYwMDIwXzA2Mw\/screen-12.jpg?fakeurl=1&type=.jpg"},{"id":1,"image_link":"https:\/\/image.winudf.com\/v2\/image1\/Y29tLmNvbWJpbmVpbmMuc3RyZWV0cmFjaW5nLmRyaWZ0dGhyZWVEX3NjcmVlbl8xM18xNTU1NTYwMDIwXzA4NA\/screen-13.jpg?fakeurl=1&type=.jpg","preview":"https:\/\/image.winudf.com\/v2\/image1\/Y29tLmNvbWJpbmVpbmMuc3RyZWV0cmFjaW5nLmRyaWZ0dGhyZWVEX3NjcmVlbl8xM18xNTU1NTYwMDIwXzA4NA\/screen-13.jpg?fakeurl=1&type=.jpg"},{"id":1,"image_link":"https:\/\/image.winudf.com\/v2\/image1\/Y29tLmNvbWJpbmVpbmMuc3RyZWV0cmFjaW5nLmRyaWZ0dGhyZWVEX3NjcmVlbl8xNF8xNTU1NTYwMDIwXzAwOA\/screen-14.jpg?fakeurl=1&type=.jpg","preview":"https:\/\/image.winudf.com\/v2\/image1\/Y29tLmNvbWJpbmVpbmMuc3RyZWV0cmFjaW5nLmRyaWZ0dGhyZWVEX3NjcmVlbl8xNF8xNTU1NTYwMDIwXzAwOA\/screen-14.jpg?fakeurl=1&type=.jpg"},{"id":1,"image_link":"https:\/\/image.winudf.com\/v2\/image1\/Y29tLmNvbWJpbmVpbmMuc3RyZWV0cmFjaW5nLmRyaWZ0dGhyZWVEX3NjcmVlbl8xNV8xNTU1NTYwMDIxXzAwNw\/screen-15.jpg?fakeurl=1&type=.jpg","preview":"https:\/\/image.winudf.com\/v2\/image1\/Y29tLmNvbWJpbmVpbmMuc3RyZWV0cmFjaW5nLmRyaWZ0dGhyZWVEX3NjcmVlbl8xNV8xNTU1NTYwMDIxXzAwNw\/screen-15.jpg?fakeurl=1&type=.jpg"},{"id":1,"image_link":"https:\/\/image.winudf.com\/v2\/image1\/Y29tLmNvbWJpbmVpbmMuc3RyZWV0cmFjaW5nLmRyaWZ0dGhyZWVEX3NjcmVlbl8xNl8xNTU1NTYwMDI0XzA2MQ\/screen-16.jpg?fakeurl=1&type=.jpg","preview":"https:\/\/image.winudf.com\/v2\/image1\/Y29tLmNvbWJpbmVpbmMuc3RyZWV0cmFjaW5nLmRyaWZ0dGhyZWVEX3NjcmVlbl8xNl8xNTU1NTYwMDI0XzA2MQ\/screen-16.jpg?fakeurl=1&type=.jpg"},{"id":1,"image_link":"https:\/\/image.winudf.com\/v2\/image1\/Y29tLmNvbWJpbmVpbmMuc3RyZWV0cmFjaW5nLmRyaWZ0dGhyZWVEX3NjcmVlbl8xN18xNTU1NTYwMDI0XzA3NQ\/screen-17.jpg?fakeurl=1&type=.jpg","preview":"https:\/\/image.winudf.com\/v2\/image1\/Y29tLmNvbWJpbmVpbmMuc3RyZWV0cmFjaW5nLmRyaWZ0dGhyZWVEX3NjcmVlbl8xN18xNTU1NTYwMDI0XzA3NQ\/screen-17.jpg?fakeurl=1&type=.jpg"}],"screenshot_previews":[{"id":1,"image_link":"javascript:void(0)","preview":"javascript:void(0)"},{"id":1,"image_link":"https:\/\/image.winudf.com\/v2\/image1\/Y29tLmNvbWJpbmVpbmMuc3RyZWV0cmFjaW5nLmRyaWZ0dGhyZWVEX3NjcmVlbl8wXzE1NTU1NjAwMTFfMDMz\/screen-0.jpg?fakeurl=1&type=.jpg","preview":"https:\/\/image.winudf.com\/v2\/image1\/Y29tLmNvbWJpbmVpbmMuc3RyZWV0cmFjaW5nLmRyaWZ0dGhyZWVEX3NjcmVlbl8wXzE1NTU1NjAwMTFfMDMz\/screen-0.jpg?fakeurl=1&type=.jpg"},{"id":1,"image_link":"https:\/\/image.winudf.com\/v2\/image1\/Y29tLmNvbWJpbmVpbmMuc3RyZWV0cmFjaW5nLmRyaWZ0dGhyZWVEX3NjcmVlbl8xXzE1NTU1NjAwMTFfMDA4\/screen-1.jpg?fakeurl=1&type=.jpg","preview":"https:\/\/image.winudf.com\/v2\/image1\/Y29tLmNvbWJpbmVpbmMuc3RyZWV0cmFjaW5nLmRyaWZ0dGhyZWVEX3NjcmVlbl8xXzE1NTU1NjAwMTFfMDA4\/screen-1.jpg?fakeurl=1&type=.jpg"},{"id":1,"image_link":"https:\/\/image.winudf.com\/v2\/image1\/Y29tLmNvbWJpbmVpbmMuc3RyZWV0cmFjaW5nLmRyaWZ0dGhyZWVEX3NjcmVlbl8yXzE1NTU1NjAwMTFfMDY2\/screen-2.jpg?fakeurl=1&type=.jpg","preview":"https:\/\/image.winudf.com\/v2\/image1\/Y29tLmNvbWJpbmVpbmMuc3RyZWV0cmFjaW5nLmRyaWZ0dGhyZWVEX3NjcmVlbl8yXzE1NTU1NjAwMTFfMDY2\/screen-2.jpg?fakeurl=1&type=.jpg"},{"id":1,"image_link":"https:\/\/image.winudf.com\/v2\/image1\/Y29tLmNvbWJpbmVpbmMuc3RyZWV0cmFjaW5nLmRyaWZ0dGhyZWVEX3NjcmVlbl8zXzE1NTU1NjAwMTJfMDIw\/screen-3.jpg?fakeurl=1&type=.jpg","preview":"https:\/\/image.winudf.com\/v2\/image1\/Y29tLmNvbWJpbmVpbmMuc3RyZWV0cmFjaW5nLmRyaWZ0dGhyZWVEX3NjcmVlbl8zXzE1NTU1NjAwMTJfMDIw\/screen-3.jpg?fakeurl=1&type=.jpg"},{"id":1,"image_link":"https:\/\/image.winudf.com\/v2\/image1\/Y29tLmNvbWJpbmVpbmMuc3RyZWV0cmFjaW5nLmRyaWZ0dGhyZWVEX3NjcmVlbl80XzE1NTU1NjAwMTdfMDMw\/screen-4.jpg?fakeurl=1&type=.jpg","preview":"https:\/\/image.winudf.com\/v2\/image1\/Y29tLmNvbWJpbmVpbmMuc3RyZWV0cmFjaW5nLmRyaWZ0dGhyZWVEX3NjcmVlbl80XzE1NTU1NjAwMTdfMDMw\/screen-4.jpg?fakeurl=1&type=.jpg"},{"id":1,"image_link":"https:\/\/image.winudf.com\/v2\/image1\/Y29tLmNvbWJpbmVpbmMuc3RyZWV0cmFjaW5nLmRyaWZ0dGhyZWVEX3NjcmVlbl81XzE1NTU1NjAwMTdfMDM5\/screen-5.jpg?fakeurl=1&type=.jpg","preview":"https:\/\/image.winudf.com\/v2\/image1\/Y29tLmNvbWJpbmVpbmMuc3RyZWV0cmFjaW5nLmRyaWZ0dGhyZWVEX3NjcmVlbl81XzE1NTU1NjAwMTdfMDM5\/screen-5.jpg?fakeurl=1&type=.jpg"},{"id":1,"image_link":"https:\/\/image.winudf.com\/v2\/image1\/Y29tLmNvbWJpbmVpbmMuc3RyZWV0cmFjaW5nLmRyaWZ0dGhyZWVEX3NjcmVlbl82XzE1NTU1NjAwMThfMDM3\/screen-6.jpg?fakeurl=1&type=.jpg","preview":"https:\/\/image.winudf.com\/v2\/image1\/Y29tLmNvbWJpbmVpbmMuc3RyZWV0cmFjaW5nLmRyaWZ0dGhyZWVEX3NjcmVlbl82XzE1NTU1NjAwMThfMDM3\/screen-6.jpg?fakeurl=1&type=.jpg"},{"id":1,"image_link":"https:\/\/image.winudf.com\/v2\/image1\/Y29tLmNvbWJpbmVpbmMuc3RyZWV0cmFjaW5nLmRyaWZ0dGhyZWVEX3NjcmVlbl83XzE1NTU1NjAwMThfMDk4\/screen-7.jpg?fakeurl=1&type=.jpg","preview":"https:\/\/image.winudf.com\/v2\/image1\/Y29tLmNvbWJpbmVpbmMuc3RyZWV0cmFjaW5nLmRyaWZ0dGhyZWVEX3NjcmVlbl83XzE1NTU1NjAwMThfMDk4\/screen-7.jpg?fakeurl=1&type=.jpg"},{"id":1,"image_link":"https:\/\/image.winudf.com\/v2\/image1\/Y29tLmNvbWJpbmVpbmMuc3RyZWV0cmFjaW5nLmRyaWZ0dGhyZWVEX3NjcmVlbl84XzE1NTU1NjAwMThfMDc3\/screen-8.jpg?fakeurl=1&type=.jpg","preview":"https:\/\/image.winudf.com\/v2\/image1\/Y29tLmNvbWJpbmVpbmMuc3RyZWV0cmFjaW5nLmRyaWZ0dGhyZWVEX3NjcmVlbl84XzE1NTU1NjAwMThfMDc3\/screen-8.jpg?fakeurl=1&type=.jpg"},{"id":1,"image_link":"https:\/\/image.winudf.com\/v2\/image1\/Y29tLmNvbWJpbmVpbmMuc3RyZWV0cmFjaW5nLmRyaWZ0dGhyZWVEX3NjcmVlbl85XzE1NTU1NjAwMTlfMDEw\/screen-9.jpg?fakeurl=1&type=.jpg","preview":"https:\/\/image.winudf.com\/v2\/image1\/Y29tLmNvbWJpbmVpbmMuc3RyZWV0cmFjaW5nLmRyaWZ0dGhyZWVEX3NjcmVlbl85XzE1NTU1NjAwMTlfMDEw\/screen-9.jpg?fakeurl=1&type=.jpg"},{"id":1,"image_link":"https:\/\/image.winudf.com\/v2\/image1\/Y29tLmNvbWJpbmVpbmMuc3RyZWV0cmFjaW5nLmRyaWZ0dGhyZWVEX3NjcmVlbl8xMF8xNTU1NTYwMDIwXzA2Mw\/screen-10.jpg?fakeurl=1&type=.jpg","preview":"https:\/\/image.winudf.com\/v2\/image1\/Y29tLmNvbWJpbmVpbmMuc3RyZWV0cmFjaW5nLmRyaWZ0dGhyZWVEX3NjcmVlbl8xMF8xNTU1NTYwMDIwXzA2Mw\/screen-10.jpg?fakeurl=1&type=.jpg"},{"id":1,"image_link":"https:\/\/image.winudf.com\/v2\/image1\/Y29tLmNvbWJpbmVpbmMuc3RyZWV0cmFjaW5nLmRyaWZ0dGhyZWVEX3NjcmVlbl8xMV8xNTU1NTYwMDIwXzAyOQ\/screen-11.jpg?fakeurl=1&type=.jpg","preview":"https:\/\/image.winudf.com\/v2\/image1\/Y29tLmNvbWJpbmVpbmMuc3RyZWV0cmFjaW5nLmRyaWZ0dGhyZWVEX3NjcmVlbl8xMV8xNTU1NTYwMDIwXzAyOQ\/screen-11.jpg?fakeurl=1&type=.jpg"},{"id":1,"image_link":"https:\/\/image.winudf.com\/v2\/image1\/Y29tLmNvbWJpbmVpbmMuc3RyZWV0cmFjaW5nLmRyaWZ0dGhyZWVEX3NjcmVlbl8xMl8xNTU1NTYwMDIwXzA2Mw\/screen-12.jpg?fakeurl=1&type=.jpg","preview":"https:\/\/image.winudf.com\/v2\/image1\/Y29tLmNvbWJpbmVpbmMuc3RyZWV0cmFjaW5nLmRyaWZ0dGhyZWVEX3NjcmVlbl8xMl8xNTU1NTYwMDIwXzA2Mw\/screen-12.jpg?fakeurl=1&type=.jpg"},{"id":1,"image_link":"https:\/\/image.winudf.com\/v2\/image1\/Y29tLmNvbWJpbmVpbmMuc3RyZWV0cmFjaW5nLmRyaWZ0dGhyZWVEX3NjcmVlbl8xM18xNTU1NTYwMDIwXzA4NA\/screen-13.jpg?fakeurl=1&type=.jpg","preview":"https:\/\/image.winudf.com\/v2\/image1\/Y29tLmNvbWJpbmVpbmMuc3RyZWV0cmFjaW5nLmRyaWZ0dGhyZWVEX3NjcmVlbl8xM18xNTU1NTYwMDIwXzA4NA\/screen-13.jpg?fakeurl=1&type=.jpg"},{"id":1,"image_link":"https:\/\/image.winudf.com\/v2\/image1\/Y29tLmNvbWJpbmVpbmMuc3RyZWV0cmFjaW5nLmRyaWZ0dGhyZWVEX3NjcmVlbl8xNF8xNTU1NTYwMDIwXzAwOA\/screen-14.jpg?fakeurl=1&type=.jpg","preview":"https:\/\/image.winudf.com\/v2\/image1\/Y29tLmNvbWJpbmVpbmMuc3RyZWV0cmFjaW5nLmRyaWZ0dGhyZWVEX3NjcmVlbl8xNF8xNTU1NTYwMDIwXzAwOA\/screen-14.jpg?fakeurl=1&type=.jpg"},{"id":1,"image_link":"https:\/\/image.winudf.com\/v2\/image1\/Y29tLmNvbWJpbmVpbmMuc3RyZWV0cmFjaW5nLmRyaWZ0dGhyZWVEX3NjcmVlbl8xNV8xNTU1NTYwMDIxXzAwNw\/screen-15.jpg?fakeurl=1&type=.jpg","preview":"https:\/\/image.winudf.com\/v2\/image1\/Y29tLmNvbWJpbmVpbmMuc3RyZWV0cmFjaW5nLmRyaWZ0dGhyZWVEX3NjcmVlbl8xNV8xNTU1NTYwMDIxXzAwNw\/screen-15.jpg?fakeurl=1&type=.jpg"},{"id":1,"image_link":"https:\/\/image.winudf.com\/v2\/image1\/Y29tLmNvbWJpbmVpbmMuc3RyZWV0cmFjaW5nLmRyaWZ0dGhyZWVEX3NjcmVlbl8xNl8xNTU1NTYwMDI0XzA2MQ\/screen-16.jpg?fakeurl=1&type=.jpg","preview":"https:\/\/image.winudf.com\/v2\/image1\/Y29tLmNvbWJpbmVpbmMuc3RyZWV0cmFjaW5nLmRyaWZ0dGhyZWVEX3NjcmVlbl8xNl8xNTU1NTYwMDI0XzA2MQ\/screen-16.jpg?fakeurl=1&type=.jpg"},{"id":1,"image_link":"https:\/\/image.winudf.com\/v2\/image1\/Y29tLmNvbWJpbmVpbmMuc3RyZWV0cmFjaW5nLmRyaWZ0dGhyZWVEX3NjcmVlbl8xN18xNTU1NTYwMDI0XzA3NQ\/screen-17.jpg?fakeurl=1&type=.jpg","preview":"https:\/\/image.winudf.com\/v2\/image1\/Y29tLmNvbWJpbmVpbmMuc3RyZWV0cmFjaW5nLmRyaWZ0dGhyZWVEX3NjcmVlbl8xN18xNTU1NTYwMDI0XzA3NQ\/screen-17.jpg?fakeurl=1&type=.jpg"}],"total_ratings":915360,"developer":"Ivy","developer_url":"https:\/\/play.google.com\/store\/apps\/developer?id=Ivy","tags":["Racing"],"versions":[{"identifier":"3.9.2","download_link":"https:\/\/apkpure.com\/street-racing-3d\/com.combineinc.streetracing.driftthreeD\/download?from=details","is_link_external":1}],"more_details":[{"title":"Latest Version","identifier":"latest_version","value":"3.9.2 "},{"title":"Publish Date","identifier":"published_date","value":"2019-06-21"},{"title":"Requirement","identifier":"required_android","value":"Android 2.3.2+"}],"seo_title":"Street Racing 3D","seo_keyword":"Street Racing 3D, Street Racing 3D for android, Street Racing 3D android download, Street Racing 3D apk, Street Racing 3D android apk, Street Racing 3D download","seo_description":"Download Street Racing 3D apk 3.9.2 for Android. Street car racing has started, experience the drving skills!"}