{"app_id":"com.nike.ntc","value":"com.nike.ntc","title":"Nike Training","label":"Nike Training","slug":"nike-training","app_image_url":"https:\/\/image.winudf.com\/v2\/image1\/Y29tLm5pa2UubnRjX2ljb25fMTU0ODg4MzI4OV8wODY\/icon.png?w=170&fakeurl=1","app_link":"https:\/\/play.google.com\/store\/apps\/details?id=com.nike.ntc","description":"Welcome to Nike Training Club, your Ultimate Personal Trainer. Get fit with 185+ free workouts from strength and endurance to mobility and yoga \u2014 featuring our world-class Nike Master Trainers in every drill.<br><br><br>WORKOUTS ANYTIME, ANYWHERE<br>Nike Training Club users love our short, body-weight only workouts to get the results they want even when life gets in the way.     <br><br><br>PERSONALIZED WORKOUT RECOMMENDATIONS<br>Our daily \u201cPicks For You\u201d are based specifically on your routine. The more you train with Nike Training Club, the more personal your recommendations become.<br><br><br>GUIDANCE TO REACH YOUR GOALS  <br>Our Workout Collections offer a set of recommended workouts and expert advice to help you focus your routine and make progress toward your goals. Get the body you want with Collections like Get Leaner Stronger Abs, Always Ready For the Beach, a 6-Week Guide to Get Lean, and more. <br><br><br>WORKOUTS FOR ALL LEVELS<br>The Nike Training Club workout library includes:<br>\u2022 Body-part focused workouts targeting your abs &amp; core, arms &amp; shoulders and glutes &amp; legs<br>\u2022 Boxing, Yoga, Strength, Endurance and Mobility workouts<br>\u2022 Workout times ranging from 15-45 Minutes<br>\u2022 Beginner, Intermediate and Advanced Levels<br>\u2022 Low, Moderate and High Intensity<br>\u2022 Bodyweight only, Light and Full Equipment<br>\u2022 Time-based and Rep-based options<br><br><br>And if that\u2019s not enough, get motivated by some of your favorite athletes with their inspired workouts:<br>\u2022 Isaiah Thomas<br>\u2022 Sydney Leroux Dwyer <br>\u2022 Michael B. Jordan<br>\u2022 Cristiano Ronaldo<br>\u2022 Serena Williams<br>\u2022 Kevin Hart<br>\u2022 Kyrie Irving<br>\u2022 Rory McIlroy<br>\u2022 Alex Morgan<br>\u2022 Ellie Goulding<br><br><br>ALL YOUR ACTIVITIES COUNT<br>Enter and record other activities you do, like basketball, spinning, studio classes, and many more, all so you can keep track of your fitness life. <br> <br>And don\u2019t forget \u2014 Nike Training Club also syncs your workouts with Google Fit.<br><br><br>TRACK YOUR RUNS<br>Run with Nike Run Club, and all your runs will be automatically recorded in your activity history.","status_identifier":"active","short_description":"Welcome to Nike Training Club, your Ultimate Personal Trainer. Get fit with 185+ free workouts from strength and endurance to mobility and yoga \u2014 featuring our world-class Nike Master Trainers in ever...","current_ratings":5,"categories":[{"label":"Health & Fitness","value":"health_fitness"}],"screenshots":[{"id":1,"image_link":"javascript:void(0)","preview":"javascript:void(0)"},{"id":1,"image_link":"https:\/\/image.winudf.com\/v2\/image1\/Y29tLm5pa2UubnRjX3NjcmVlbl8wXzE1NDg4ODMyODlfMDQ4\/screen-0.jpg?fakeurl=1&type=.jpg","preview":"https:\/\/image.winudf.com\/v2\/image1\/Y29tLm5pa2UubnRjX3NjcmVlbl8wXzE1NDg4ODMyODlfMDQ4\/screen-0.jpg?fakeurl=1&type=.jpg"},{"id":1,"image_link":"https:\/\/image.winudf.com\/v2\/image1\/Y29tLm5pa2UubnRjX3NjcmVlbl8xXzE1NDg4ODMyODlfMDU5\/screen-1.jpg?fakeurl=1&type=.jpg","preview":"https:\/\/image.winudf.com\/v2\/image1\/Y29tLm5pa2UubnRjX3NjcmVlbl8xXzE1NDg4ODMyODlfMDU5\/screen-1.jpg?fakeurl=1&type=.jpg"},{"id":1,"image_link":"https:\/\/image.winudf.com\/v2\/image1\/Y29tLm5pa2UubnRjX3NjcmVlbl8yXzE1NDg4ODMyOTBfMDgw\/screen-2.jpg?fakeurl=1&type=.jpg","preview":"https:\/\/image.winudf.com\/v2\/image1\/Y29tLm5pa2UubnRjX3NjcmVlbl8yXzE1NDg4ODMyOTBfMDgw\/screen-2.jpg?fakeurl=1&type=.jpg"},{"id":1,"image_link":"https:\/\/image.winudf.com\/v2\/image1\/Y29tLm5pa2UubnRjX3NjcmVlbl8zXzE1NDg4ODMyOTBfMDQ3\/screen-3.jpg?fakeurl=1&type=.jpg","preview":"https:\/\/image.winudf.com\/v2\/image1\/Y29tLm5pa2UubnRjX3NjcmVlbl8zXzE1NDg4ODMyOTBfMDQ3\/screen-3.jpg?fakeurl=1&type=.jpg"},{"id":1,"image_link":"https:\/\/image.winudf.com\/v2\/image1\/Y29tLm5pa2UubnRjX3NjcmVlbl80XzE1NDg4ODMyOTFfMDU3\/screen-4.jpg?fakeurl=1&type=.jpg","preview":"https:\/\/image.winudf.com\/v2\/image1\/Y29tLm5pa2UubnRjX3NjcmVlbl80XzE1NDg4ODMyOTFfMDU3\/screen-4.jpg?fakeurl=1&type=.jpg"}],"screenshot_previews":[{"id":1,"image_link":"javascript:void(0)","preview":"javascript:void(0)"},{"id":1,"image_link":"https:\/\/image.winudf.com\/v2\/image1\/Y29tLm5pa2UubnRjX3NjcmVlbl8wXzE1NDg4ODMyODlfMDQ4\/screen-0.jpg?fakeurl=1&type=.jpg","preview":"https:\/\/image.winudf.com\/v2\/image1\/Y29tLm5pa2UubnRjX3NjcmVlbl8wXzE1NDg4ODMyODlfMDQ4\/screen-0.jpg?fakeurl=1&type=.jpg"},{"id":1,"image_link":"https:\/\/image.winudf.com\/v2\/image1\/Y29tLm5pa2UubnRjX3NjcmVlbl8xXzE1NDg4ODMyODlfMDU5\/screen-1.jpg?fakeurl=1&type=.jpg","preview":"https:\/\/image.winudf.com\/v2\/image1\/Y29tLm5pa2UubnRjX3NjcmVlbl8xXzE1NDg4ODMyODlfMDU5\/screen-1.jpg?fakeurl=1&type=.jpg"},{"id":1,"image_link":"https:\/\/image.winudf.com\/v2\/image1\/Y29tLm5pa2UubnRjX3NjcmVlbl8yXzE1NDg4ODMyOTBfMDgw\/screen-2.jpg?fakeurl=1&type=.jpg","preview":"https:\/\/image.winudf.com\/v2\/image1\/Y29tLm5pa2UubnRjX3NjcmVlbl8yXzE1NDg4ODMyOTBfMDgw\/screen-2.jpg?fakeurl=1&type=.jpg"},{"id":1,"image_link":"https:\/\/image.winudf.com\/v2\/image1\/Y29tLm5pa2UubnRjX3NjcmVlbl8zXzE1NDg4ODMyOTBfMDQ3\/screen-3.jpg?fakeurl=1&type=.jpg","preview":"https:\/\/image.winudf.com\/v2\/image1\/Y29tLm5pa2UubnRjX3NjcmVlbl8zXzE1NDg4ODMyOTBfMDQ3\/screen-3.jpg?fakeurl=1&type=.jpg"},{"id":1,"image_link":"https:\/\/image.winudf.com\/v2\/image1\/Y29tLm5pa2UubnRjX3NjcmVlbl80XzE1NDg4ODMyOTFfMDU3\/screen-4.jpg?fakeurl=1&type=.jpg","preview":"https:\/\/image.winudf.com\/v2\/image1\/Y29tLm5pa2UubnRjX3NjcmVlbl80XzE1NDg4ODMyOTFfMDU3\/screen-4.jpg?fakeurl=1&type=.jpg"}],"total_ratings":1295793,"developer":"Nike, Inc.","developer_url":"https:\/\/play.google.com\/store\/apps\/developer?id=Nike, Inc.","tags":["Health &amp; Fitness"],"versions":[{"identifier":"5.18.1","download_link":"https:\/\/apkpure.com\/nike-training-club-workouts-fitness-guidance\/com.nike.ntc\/download?from=details","is_link_external":1}],"more_details":[{"title":"Latest Version","identifier":"latest_version","value":"5.18.1 "},{"title":"Publish Date","identifier":"published_date","value":"2019-06-12"},{"title":"Requirement","identifier":"required_android","value":"Android 5.0+"}],"seo_title":"Nike Training","seo_keyword":"Nike Training, Nike Training for android, Nike Training android download, Nike Training apk, Nike Training android apk, Nike Training download","seo_description":"Download Nike Training apk 5.18.1 for Android. 185+ free workouts you can do anytime, anywhere"}