{"app_id":"com.gamehivecorp.beattheboss3","value":"com.gamehivecorp.beattheboss3","title":"Beat the Boss 3","label":"Beat the Boss 3","slug":"beat-the-boss-3","app_image_url":"https:\/\/image.winudf.com\/v2\/image\/Y29tLmdhbWVoaXZlY29ycC5iZWF0dGhlYm9zczNfaWNvbl8xM3B5dWU0cw\/icon.png?w=170&fakeurl=1","app_link":"https:\/\/play.google.com\/store\/apps\/details?id=com.gamehivecorp.beattheboss3","description":"Your dream has come true. All your life you have wanted to beat your boss, and now you finally can. With 50 million downloads to date, it is no secret that this is everybody\u2019s favorite stress relief game. Your boss knows that you are playing this game, and there is nothing he can do about it. <br><br>\u2192 Customize your boss: Evil comes in many forms. You can make your own! <br>\u2192 Customize your weapons: Camouflage or champagne color grenades? It\u2019s up to you. <br>\u2192 Premium weapons: 100+ all new lethal weapons to make your boss wet his pants. <br>\u2192 Physics simulated: Get a satisfying reaction to all of your intense beatings<br>\u2192 Funny one-liners: Don\u2019t laugh too loud at work <br>\u2192 World tour: Play in beautiful hand-crafted stages!","status_identifier":"active","short_description":"Your dream has come true. All your life you have wanted to beat your boss, and now you finally can. With 50 million downloads to date, it is no secret that this is everybody\u2019s favorite stress relief g...","current_ratings":4.9,"categories":[{"label":"Action","value":"action"}],"screenshots":[{"id":1,"image_link":"javascript:void(0)","preview":"javascript:void(0)"},{"id":1,"image_link":"https:\/\/image.winudf.com\/v2\/image\/Y29tLmdhbWVoaXZlY29ycC5iZWF0dGhlYm9zczNfc2NyZWVuXzBfMmhrcnd2cnk\/screen-0.jpg?fakeurl=1&type=.jpg","preview":"https:\/\/image.winudf.com\/v2\/image\/Y29tLmdhbWVoaXZlY29ycC5iZWF0dGhlYm9zczNfc2NyZWVuXzBfMmhrcnd2cnk\/screen-0.jpg?fakeurl=1&type=.jpg"},{"id":1,"image_link":"https:\/\/image.winudf.com\/v2\/image\/Y29tLmdhbWVoaXZlY29ycC5iZWF0dGhlYm9zczNfc2NyZWVuXzFfZzQzYXJzZTM\/screen-1.jpg?fakeurl=1&type=.jpg","preview":"https:\/\/image.winudf.com\/v2\/image\/Y29tLmdhbWVoaXZlY29ycC5iZWF0dGhlYm9zczNfc2NyZWVuXzFfZzQzYXJzZTM\/screen-1.jpg?fakeurl=1&type=.jpg"},{"id":1,"image_link":"https:\/\/image.winudf.com\/v2\/image\/Y29tLmdhbWVoaXZlY29ycC5iZWF0dGhlYm9zczNfc2NyZWVuXzJfNThmcGUwZ3U\/screen-2.jpg?fakeurl=1&type=.jpg","preview":"https:\/\/image.winudf.com\/v2\/image\/Y29tLmdhbWVoaXZlY29ycC5iZWF0dGhlYm9zczNfc2NyZWVuXzJfNThmcGUwZ3U\/screen-2.jpg?fakeurl=1&type=.jpg"},{"id":1,"image_link":"https:\/\/image.winudf.com\/v2\/image\/Y29tLmdhbWVoaXZlY29ycC5iZWF0dGhlYm9zczNfc2NyZWVuXzNfa2Y5aHVvbzc\/screen-3.jpg?fakeurl=1&type=.jpg","preview":"https:\/\/image.winudf.com\/v2\/image\/Y29tLmdhbWVoaXZlY29ycC5iZWF0dGhlYm9zczNfc2NyZWVuXzNfa2Y5aHVvbzc\/screen-3.jpg?fakeurl=1&type=.jpg"},{"id":1,"image_link":"https:\/\/image.winudf.com\/v2\/image\/Y29tLmdhbWVoaXZlY29ycC5iZWF0dGhlYm9zczNfc2NyZWVuXzRfcnRkNGZsbDQ\/screen-4.jpg?fakeurl=1&type=.jpg","preview":"https:\/\/image.winudf.com\/v2\/image\/Y29tLmdhbWVoaXZlY29ycC5iZWF0dGhlYm9zczNfc2NyZWVuXzRfcnRkNGZsbDQ\/screen-4.jpg?fakeurl=1&type=.jpg"}],"screenshot_previews":[{"id":1,"image_link":"javascript:void(0)","preview":"javascript:void(0)"},{"id":1,"image_link":"https:\/\/image.winudf.com\/v2\/image\/Y29tLmdhbWVoaXZlY29ycC5iZWF0dGhlYm9zczNfc2NyZWVuXzBfMmhrcnd2cnk\/screen-0.jpg?fakeurl=1&type=.jpg","preview":"https:\/\/image.winudf.com\/v2\/image\/Y29tLmdhbWVoaXZlY29ycC5iZWF0dGhlYm9zczNfc2NyZWVuXzBfMmhrcnd2cnk\/screen-0.jpg?fakeurl=1&type=.jpg"},{"id":1,"image_link":"https:\/\/image.winudf.com\/v2\/image\/Y29tLmdhbWVoaXZlY29ycC5iZWF0dGhlYm9zczNfc2NyZWVuXzFfZzQzYXJzZTM\/screen-1.jpg?fakeurl=1&type=.jpg","preview":"https:\/\/image.winudf.com\/v2\/image\/Y29tLmdhbWVoaXZlY29ycC5iZWF0dGhlYm9zczNfc2NyZWVuXzFfZzQzYXJzZTM\/screen-1.jpg?fakeurl=1&type=.jpg"},{"id":1,"image_link":"https:\/\/image.winudf.com\/v2\/image\/Y29tLmdhbWVoaXZlY29ycC5iZWF0dGhlYm9zczNfc2NyZWVuXzJfNThmcGUwZ3U\/screen-2.jpg?fakeurl=1&type=.jpg","preview":"https:\/\/image.winudf.com\/v2\/image\/Y29tLmdhbWVoaXZlY29ycC5iZWF0dGhlYm9zczNfc2NyZWVuXzJfNThmcGUwZ3U\/screen-2.jpg?fakeurl=1&type=.jpg"},{"id":1,"image_link":"https:\/\/image.winudf.com\/v2\/image\/Y29tLmdhbWVoaXZlY29ycC5iZWF0dGhlYm9zczNfc2NyZWVuXzNfa2Y5aHVvbzc\/screen-3.jpg?fakeurl=1&type=.jpg","preview":"https:\/\/image.winudf.com\/v2\/image\/Y29tLmdhbWVoaXZlY29ycC5iZWF0dGhlYm9zczNfc2NyZWVuXzNfa2Y5aHVvbzc\/screen-3.jpg?fakeurl=1&type=.jpg"},{"id":1,"image_link":"https:\/\/image.winudf.com\/v2\/image\/Y29tLmdhbWVoaXZlY29ycC5iZWF0dGhlYm9zczNfc2NyZWVuXzRfcnRkNGZsbDQ\/screen-4.jpg?fakeurl=1&type=.jpg","preview":"https:\/\/image.winudf.com\/v2\/image\/Y29tLmdhbWVoaXZlY29ycC5iZWF0dGhlYm9zczNfc2NyZWVuXzRfcnRkNGZsbDQ\/screen-4.jpg?fakeurl=1&type=.jpg"}],"total_ratings":1569523,"developer":"Game Hive Corporation","developer_url":"https:\/\/play.google.com\/store\/apps\/developer?id=Game Hive Corporation","tags":["Action"],"versions":[{"identifier":"2.0.1","download_link":"https:\/\/apkpure.com\/beat-the-boss-3\/com.gamehivecorp.beattheboss3\/download?from=details","is_link_external":1}],"more_details":[{"title":"Latest Version","identifier":"latest_version","value":"2.0.1 "},{"title":"Publish Date","identifier":"published_date","value":"2017-03-14"},{"title":"Requirement","identifier":"required_android","value":"Android 2.3.2+"}],"seo_title":"Beat the Boss 3","seo_keyword":"Beat the Boss 3, Beat the Boss 3 for android, Beat the Boss 3 android download, Beat the Boss 3 apk, Beat the Boss 3 android apk, Beat the Boss 3 download","seo_description":"Download Beat the Boss 3 apk 2.0.1 for Android. All your life you have wanted to beat your boss, and now you finally can!"}