{"app_id":"com.google.android.apps.translate","value":"com.google.android.apps.translate","title":"Google Translate","label":"Google Translate","slug":"google-translate","app_image_url":"https:\/\/image.winudf.com\/v2\/image1\/Y29tLmdvb2dsZS5hbmRyb2lkLmFwcHMudHJhbnNsYXRlX2ljb25fMTU1NTM2NzQwOF8wMDE\/icon.png?w=170&fakeurl=1","app_link":"https:\/\/play.google.com\/store\/apps\/details?id=com.google.android.apps.translate","description":"\u2022 Translate between 103 languages by typing<br>\u2022 Tap to Translate: Copy text in any app and your translation pops up<br>\u2022 Offline: Translate 59 languages when you have no Internet<br>\u2022 Instant camera translation: Use your camera to translate text instantly in 38 languages<br>\u2022 Camera Mode: Take pictures of text for higher-quality translations in 37 languages<br>\u2022 Conversation Mode: Two-way instant speech translation in 32 languages<br>\u2022 Handwriting: Draw characters instead of using the keyboard in 93 languages<br>\u2022 Phrasebook: Star and save translations for future reference in any language<br><br>Translations between the following languages are supported:<br>Afrikaans, Albanian, Amharic, Arabic, Armenian, Azerbaijani, Basque, Belarusian, Bengali, Bosnian, Bulgarian, Catalan, Cebuano, Chichewa, Chinese (Simplified), Chinese (Traditional), Corsican, Croatian, Czech, Danish, Dutch, English, Esperanto, Estonian, Filipino, Finnish, French, Frisian, Galician, Georgian, German, Greek, Gujarati, Haitian Creole, Hausa, Hawaiian, Hebrew, Hindi, Hmong, Hungarian, Icelandic, Igbo, Indonesian, Irish, Italian, Japanese, Javanese, Kannada, Kazakh, Khmer, Korean, Kurdish (Kurmanji), Kyrgyz, Lao, Latin, Latvian, Lithuanian, Luxembourgish, Macedonian, Malagasy, Malay, Malayalam, Maltese, Maori, Marathi, Mongolian, Myanmar (Burmese), Nepali, Norwegian, Pashto, Persian, Polish, Portuguese, Punjabi, Romanian, Russian, Samoan, Scots Gaelic, Serbian, Sesotho, Shona, Sindhi, Sinhala, Slovak, Slovenian, Somali, Spanish, Sundanese, Swahili, Swedish, Tajik, Tamil, Telugu, Thai, Turkish, Ukrainian, Urdu, Uzbek, Vietnamese, Welsh, Xhosa, Yiddish, Yoruba, Zulu<br><br>Permissions Notice<br>Google Translate may ask for permission to access the following features:<br>\u2022 Microphone for speech translation<br>\u2022 Camera for translating text via the camera<br>\u2022 SMS for translating text messages<br>\u2022 External storage for downloading offline translation data<br>\u2022 Accounts and credentials for signing-in and syncing across devices","status_identifier":"active","short_description":"\u2022 Translate between 103 languages by typing\u2022 Tap to Translate: Copy text in any app and your translation pops up\u2022 Offline: Translate 59 languages when you have no Internet\u2022 Instant camera translation:...","current_ratings":4.7,"categories":[{"label":"Tools","value":"tools"}],"screenshots":[{"id":1,"image_link":"https:\/\/image.winudf.com\/v2\/image1\/Y29tLmdvb2dsZS5hbmRyb2lkLmFwcHMudHJhbnNsYXRlX3NjcmVlbl8wXzE1NTUzNjc0MDhfMDMy\/screen-0.jpg?fakeurl=1&type=.jpg","preview":"https:\/\/image.winudf.com\/v2\/image1\/Y29tLmdvb2dsZS5hbmRyb2lkLmFwcHMudHJhbnNsYXRlX3NjcmVlbl8wXzE1NTUzNjc0MDhfMDMy\/screen-0.jpg?fakeurl=1&type=.jpg"},{"id":1,"image_link":"https:\/\/image.winudf.com\/v2\/image1\/Y29tLmdvb2dsZS5hbmRyb2lkLmFwcHMudHJhbnNsYXRlX3NjcmVlbl8xXzE1NTUzNjc0MDhfMDMw\/screen-1.jpg?fakeurl=1&type=.jpg","preview":"https:\/\/image.winudf.com\/v2\/image1\/Y29tLmdvb2dsZS5hbmRyb2lkLmFwcHMudHJhbnNsYXRlX3NjcmVlbl8xXzE1NTUzNjc0MDhfMDMw\/screen-1.jpg?fakeurl=1&type=.jpg"},{"id":1,"image_link":"https:\/\/image.winudf.com\/v2\/image1\/Y29tLmdvb2dsZS5hbmRyb2lkLmFwcHMudHJhbnNsYXRlX3NjcmVlbl8yXzE1NTUzNjc0MDlfMDQx\/screen-2.jpg?fakeurl=1&type=.jpg","preview":"https:\/\/image.winudf.com\/v2\/image1\/Y29tLmdvb2dsZS5hbmRyb2lkLmFwcHMudHJhbnNsYXRlX3NjcmVlbl8yXzE1NTUzNjc0MDlfMDQx\/screen-2.jpg?fakeurl=1&type=.jpg"},{"id":1,"image_link":"https:\/\/image.winudf.com\/v2\/image1\/Y29tLmdvb2dsZS5hbmRyb2lkLmFwcHMudHJhbnNsYXRlX3NjcmVlbl8zXzE1NTUzNjc0MDlfMDM4\/screen-3.jpg?fakeurl=1&type=.jpg","preview":"https:\/\/image.winudf.com\/v2\/image1\/Y29tLmdvb2dsZS5hbmRyb2lkLmFwcHMudHJhbnNsYXRlX3NjcmVlbl8zXzE1NTUzNjc0MDlfMDM4\/screen-3.jpg?fakeurl=1&type=.jpg"},{"id":1,"image_link":"https:\/\/image.winudf.com\/v2\/image1\/Y29tLmdvb2dsZS5hbmRyb2lkLmFwcHMudHJhbnNsYXRlX3NjcmVlbl80XzE1NTUzNjc0MTBfMDk2\/screen-4.jpg?fakeurl=1&type=.jpg","preview":"https:\/\/image.winudf.com\/v2\/image1\/Y29tLmdvb2dsZS5hbmRyb2lkLmFwcHMudHJhbnNsYXRlX3NjcmVlbl80XzE1NTUzNjc0MTBfMDk2\/screen-4.jpg?fakeurl=1&type=.jpg"},{"id":1,"image_link":"https:\/\/image.winudf.com\/v2\/image1\/Y29tLmdvb2dsZS5hbmRyb2lkLmFwcHMudHJhbnNsYXRlX3NjcmVlbl81XzE1NTUzNjc0MTBfMDIz\/screen-5.jpg?fakeurl=1&type=.jpg","preview":"https:\/\/image.winudf.com\/v2\/image1\/Y29tLmdvb2dsZS5hbmRyb2lkLmFwcHMudHJhbnNsYXRlX3NjcmVlbl81XzE1NTUzNjc0MTBfMDIz\/screen-5.jpg?fakeurl=1&type=.jpg"},{"id":1,"image_link":"https:\/\/image.winudf.com\/v2\/image1\/Y29tLmdvb2dsZS5hbmRyb2lkLmFwcHMudHJhbnNsYXRlX3NjcmVlbl82XzE1NTUzNjc0MTBfMDk3\/screen-6.jpg?fakeurl=1&type=.jpg","preview":"https:\/\/image.winudf.com\/v2\/image1\/Y29tLmdvb2dsZS5hbmRyb2lkLmFwcHMudHJhbnNsYXRlX3NjcmVlbl82XzE1NTUzNjc0MTBfMDk3\/screen-6.jpg?fakeurl=1&type=.jpg"},{"id":1,"image_link":"https:\/\/image.winudf.com\/v2\/image1\/Y29tLmdvb2dsZS5hbmRyb2lkLmFwcHMudHJhbnNsYXRlX3NjcmVlbl83XzE1NTUzNjc0MTFfMDYx\/screen-7.jpg?fakeurl=1&type=.jpg","preview":"https:\/\/image.winudf.com\/v2\/image1\/Y29tLmdvb2dsZS5hbmRyb2lkLmFwcHMudHJhbnNsYXRlX3NjcmVlbl83XzE1NTUzNjc0MTFfMDYx\/screen-7.jpg?fakeurl=1&type=.jpg"},{"id":1,"image_link":"https:\/\/image.winudf.com\/v2\/image1\/Y29tLmdvb2dsZS5hbmRyb2lkLmFwcHMudHJhbnNsYXRlX3NjcmVlbl84XzE1NTUzNjc0MTFfMDAy\/screen-8.jpg?fakeurl=1&type=.jpg","preview":"https:\/\/image.winudf.com\/v2\/image1\/Y29tLmdvb2dsZS5hbmRyb2lkLmFwcHMudHJhbnNsYXRlX3NjcmVlbl84XzE1NTUzNjc0MTFfMDAy\/screen-8.jpg?fakeurl=1&type=.jpg"},{"id":1,"image_link":"https:\/\/image.winudf.com\/v2\/image1\/Y29tLmdvb2dsZS5hbmRyb2lkLmFwcHMudHJhbnNsYXRlX3NjcmVlbl85XzE1NTUzNjc0MTJfMDMz\/screen-9.jpg?fakeurl=1&type=.jpg","preview":"https:\/\/image.winudf.com\/v2\/image1\/Y29tLmdvb2dsZS5hbmRyb2lkLmFwcHMudHJhbnNsYXRlX3NjcmVlbl85XzE1NTUzNjc0MTJfMDMz\/screen-9.jpg?fakeurl=1&type=.jpg"},{"id":1,"image_link":"https:\/\/image.winudf.com\/v2\/image1\/Y29tLmdvb2dsZS5hbmRyb2lkLmFwcHMudHJhbnNsYXRlX3NjcmVlbl8xMF8xNTU1MzY3NDEyXzA1Nw\/screen-10.jpg?fakeurl=1&type=.jpg","preview":"https:\/\/image.winudf.com\/v2\/image1\/Y29tLmdvb2dsZS5hbmRyb2lkLmFwcHMudHJhbnNsYXRlX3NjcmVlbl8xMF8xNTU1MzY3NDEyXzA1Nw\/screen-10.jpg?fakeurl=1&type=.jpg"},{"id":1,"image_link":"https:\/\/image.winudf.com\/v2\/image1\/Y29tLmdvb2dsZS5hbmRyb2lkLmFwcHMudHJhbnNsYXRlX3NjcmVlbl8xMV8xNTU1MzY3NDEyXzA3OA\/screen-11.jpg?fakeurl=1&type=.jpg","preview":"https:\/\/image.winudf.com\/v2\/image1\/Y29tLmdvb2dsZS5hbmRyb2lkLmFwcHMudHJhbnNsYXRlX3NjcmVlbl8xMV8xNTU1MzY3NDEyXzA3OA\/screen-11.jpg?fakeurl=1&type=.jpg"},{"id":1,"image_link":"https:\/\/image.winudf.com\/v2\/image1\/Y29tLmdvb2dsZS5hbmRyb2lkLmFwcHMudHJhbnNsYXRlX3NjcmVlbl8xMl8xNTU1MzY3NDEzXzAzOQ\/screen-12.jpg?fakeurl=1&type=.jpg","preview":"https:\/\/image.winudf.com\/v2\/image1\/Y29tLmdvb2dsZS5hbmRyb2lkLmFwcHMudHJhbnNsYXRlX3NjcmVlbl8xMl8xNTU1MzY3NDEzXzAzOQ\/screen-12.jpg?fakeurl=1&type=.jpg"},{"id":1,"image_link":"https:\/\/image.winudf.com\/v2\/image1\/Y29tLmdvb2dsZS5hbmRyb2lkLmFwcHMudHJhbnNsYXRlX3NjcmVlbl8xM18xNTU1MzY3NDEzXzA5OQ\/screen-13.jpg?fakeurl=1&type=.jpg","preview":"https:\/\/image.winudf.com\/v2\/image1\/Y29tLmdvb2dsZS5hbmRyb2lkLmFwcHMudHJhbnNsYXRlX3NjcmVlbl8xM18xNTU1MzY3NDEzXzA5OQ\/screen-13.jpg?fakeurl=1&type=.jpg"},{"id":1,"image_link":"https:\/\/image.winudf.com\/v2\/image1\/Y29tLmdvb2dsZS5hbmRyb2lkLmFwcHMudHJhbnNsYXRlX3NjcmVlbl8xNF8xNTU1MzY3NDEzXzA3NA\/screen-14.jpg?fakeurl=1&type=.jpg","preview":"https:\/\/image.winudf.com\/v2\/image1\/Y29tLmdvb2dsZS5hbmRyb2lkLmFwcHMudHJhbnNsYXRlX3NjcmVlbl8xNF8xNTU1MzY3NDEzXzA3NA\/screen-14.jpg?fakeurl=1&type=.jpg"}],"screenshot_previews":[{"id":1,"image_link":"https:\/\/image.winudf.com\/v2\/image1\/Y29tLmdvb2dsZS5hbmRyb2lkLmFwcHMudHJhbnNsYXRlX3NjcmVlbl8wXzE1NTUzNjc0MDhfMDMy\/screen-0.jpg?fakeurl=1&type=.jpg","preview":"https:\/\/image.winudf.com\/v2\/image1\/Y29tLmdvb2dsZS5hbmRyb2lkLmFwcHMudHJhbnNsYXRlX3NjcmVlbl8wXzE1NTUzNjc0MDhfMDMy\/screen-0.jpg?fakeurl=1&type=.jpg"},{"id":1,"image_link":"https:\/\/image.winudf.com\/v2\/image1\/Y29tLmdvb2dsZS5hbmRyb2lkLmFwcHMudHJhbnNsYXRlX3NjcmVlbl8xXzE1NTUzNjc0MDhfMDMw\/screen-1.jpg?fakeurl=1&type=.jpg","preview":"https:\/\/image.winudf.com\/v2\/image1\/Y29tLmdvb2dsZS5hbmRyb2lkLmFwcHMudHJhbnNsYXRlX3NjcmVlbl8xXzE1NTUzNjc0MDhfMDMw\/screen-1.jpg?fakeurl=1&type=.jpg"},{"id":1,"image_link":"https:\/\/image.winudf.com\/v2\/image1\/Y29tLmdvb2dsZS5hbmRyb2lkLmFwcHMudHJhbnNsYXRlX3NjcmVlbl8yXzE1NTUzNjc0MDlfMDQx\/screen-2.jpg?fakeurl=1&type=.jpg","preview":"https:\/\/image.winudf.com\/v2\/image1\/Y29tLmdvb2dsZS5hbmRyb2lkLmFwcHMudHJhbnNsYXRlX3NjcmVlbl8yXzE1NTUzNjc0MDlfMDQx\/screen-2.jpg?fakeurl=1&type=.jpg"},{"id":1,"image_link":"https:\/\/image.winudf.com\/v2\/image1\/Y29tLmdvb2dsZS5hbmRyb2lkLmFwcHMudHJhbnNsYXRlX3NjcmVlbl8zXzE1NTUzNjc0MDlfMDM4\/screen-3.jpg?fakeurl=1&type=.jpg","preview":"https:\/\/image.winudf.com\/v2\/image1\/Y29tLmdvb2dsZS5hbmRyb2lkLmFwcHMudHJhbnNsYXRlX3NjcmVlbl8zXzE1NTUzNjc0MDlfMDM4\/screen-3.jpg?fakeurl=1&type=.jpg"},{"id":1,"image_link":"https:\/\/image.winudf.com\/v2\/image1\/Y29tLmdvb2dsZS5hbmRyb2lkLmFwcHMudHJhbnNsYXRlX3NjcmVlbl80XzE1NTUzNjc0MTBfMDk2\/screen-4.jpg?fakeurl=1&type=.jpg","preview":"https:\/\/image.winudf.com\/v2\/image1\/Y29tLmdvb2dsZS5hbmRyb2lkLmFwcHMudHJhbnNsYXRlX3NjcmVlbl80XzE1NTUzNjc0MTBfMDk2\/screen-4.jpg?fakeurl=1&type=.jpg"},{"id":1,"image_link":"https:\/\/image.winudf.com\/v2\/image1\/Y29tLmdvb2dsZS5hbmRyb2lkLmFwcHMudHJhbnNsYXRlX3NjcmVlbl81XzE1NTUzNjc0MTBfMDIz\/screen-5.jpg?fakeurl=1&type=.jpg","preview":"https:\/\/image.winudf.com\/v2\/image1\/Y29tLmdvb2dsZS5hbmRyb2lkLmFwcHMudHJhbnNsYXRlX3NjcmVlbl81XzE1NTUzNjc0MTBfMDIz\/screen-5.jpg?fakeurl=1&type=.jpg"},{"id":1,"image_link":"https:\/\/image.winudf.com\/v2\/image1\/Y29tLmdvb2dsZS5hbmRyb2lkLmFwcHMudHJhbnNsYXRlX3NjcmVlbl82XzE1NTUzNjc0MTBfMDk3\/screen-6.jpg?fakeurl=1&type=.jpg","preview":"https:\/\/image.winudf.com\/v2\/image1\/Y29tLmdvb2dsZS5hbmRyb2lkLmFwcHMudHJhbnNsYXRlX3NjcmVlbl82XzE1NTUzNjc0MTBfMDk3\/screen-6.jpg?fakeurl=1&type=.jpg"},{"id":1,"image_link":"https:\/\/image.winudf.com\/v2\/image1\/Y29tLmdvb2dsZS5hbmRyb2lkLmFwcHMudHJhbnNsYXRlX3NjcmVlbl83XzE1NTUzNjc0MTFfMDYx\/screen-7.jpg?fakeurl=1&type=.jpg","preview":"https:\/\/image.winudf.com\/v2\/image1\/Y29tLmdvb2dsZS5hbmRyb2lkLmFwcHMudHJhbnNsYXRlX3NjcmVlbl83XzE1NTUzNjc0MTFfMDYx\/screen-7.jpg?fakeurl=1&type=.jpg"},{"id":1,"image_link":"https:\/\/image.winudf.com\/v2\/image1\/Y29tLmdvb2dsZS5hbmRyb2lkLmFwcHMudHJhbnNsYXRlX3NjcmVlbl84XzE1NTUzNjc0MTFfMDAy\/screen-8.jpg?fakeurl=1&type=.jpg","preview":"https:\/\/image.winudf.com\/v2\/image1\/Y29tLmdvb2dsZS5hbmRyb2lkLmFwcHMudHJhbnNsYXRlX3NjcmVlbl84XzE1NTUzNjc0MTFfMDAy\/screen-8.jpg?fakeurl=1&type=.jpg"},{"id":1,"image_link":"https:\/\/image.winudf.com\/v2\/image1\/Y29tLmdvb2dsZS5hbmRyb2lkLmFwcHMudHJhbnNsYXRlX3NjcmVlbl85XzE1NTUzNjc0MTJfMDMz\/screen-9.jpg?fakeurl=1&type=.jpg","preview":"https:\/\/image.winudf.com\/v2\/image1\/Y29tLmdvb2dsZS5hbmRyb2lkLmFwcHMudHJhbnNsYXRlX3NjcmVlbl85XzE1NTUzNjc0MTJfMDMz\/screen-9.jpg?fakeurl=1&type=.jpg"},{"id":1,"image_link":"https:\/\/image.winudf.com\/v2\/image1\/Y29tLmdvb2dsZS5hbmRyb2lkLmFwcHMudHJhbnNsYXRlX3NjcmVlbl8xMF8xNTU1MzY3NDEyXzA1Nw\/screen-10.jpg?fakeurl=1&type=.jpg","preview":"https:\/\/image.winudf.com\/v2\/image1\/Y29tLmdvb2dsZS5hbmRyb2lkLmFwcHMudHJhbnNsYXRlX3NjcmVlbl8xMF8xNTU1MzY3NDEyXzA1Nw\/screen-10.jpg?fakeurl=1&type=.jpg"},{"id":1,"image_link":"https:\/\/image.winudf.com\/v2\/image1\/Y29tLmdvb2dsZS5hbmRyb2lkLmFwcHMudHJhbnNsYXRlX3NjcmVlbl8xMV8xNTU1MzY3NDEyXzA3OA\/screen-11.jpg?fakeurl=1&type=.jpg","preview":"https:\/\/image.winudf.com\/v2\/image1\/Y29tLmdvb2dsZS5hbmRyb2lkLmFwcHMudHJhbnNsYXRlX3NjcmVlbl8xMV8xNTU1MzY3NDEyXzA3OA\/screen-11.jpg?fakeurl=1&type=.jpg"},{"id":1,"image_link":"https:\/\/image.winudf.com\/v2\/image1\/Y29tLmdvb2dsZS5hbmRyb2lkLmFwcHMudHJhbnNsYXRlX3NjcmVlbl8xMl8xNTU1MzY3NDEzXzAzOQ\/screen-12.jpg?fakeurl=1&type=.jpg","preview":"https:\/\/image.winudf.com\/v2\/image1\/Y29tLmdvb2dsZS5hbmRyb2lkLmFwcHMudHJhbnNsYXRlX3NjcmVlbl8xMl8xNTU1MzY3NDEzXzAzOQ\/screen-12.jpg?fakeurl=1&type=.jpg"},{"id":1,"image_link":"https:\/\/image.winudf.com\/v2\/image1\/Y29tLmdvb2dsZS5hbmRyb2lkLmFwcHMudHJhbnNsYXRlX3NjcmVlbl8xM18xNTU1MzY3NDEzXzA5OQ\/screen-13.jpg?fakeurl=1&type=.jpg","preview":"https:\/\/image.winudf.com\/v2\/image1\/Y29tLmdvb2dsZS5hbmRyb2lkLmFwcHMudHJhbnNsYXRlX3NjcmVlbl8xM18xNTU1MzY3NDEzXzA5OQ\/screen-13.jpg?fakeurl=1&type=.jpg"},{"id":1,"image_link":"https:\/\/image.winudf.com\/v2\/image1\/Y29tLmdvb2dsZS5hbmRyb2lkLmFwcHMudHJhbnNsYXRlX3NjcmVlbl8xNF8xNTU1MzY3NDEzXzA3NA\/screen-14.jpg?fakeurl=1&type=.jpg","preview":"https:\/\/image.winudf.com\/v2\/image1\/Y29tLmdvb2dsZS5hbmRyb2lkLmFwcHMudHJhbnNsYXRlX3NjcmVlbl8xNF8xNTU1MzY3NDEzXzA3NA\/screen-14.jpg?fakeurl=1&type=.jpg"}],"total_ratings":940964,"developer":"Google LLC","developer_url":"https:\/\/play.google.com\/store\/apps\/developer?id=Google LLC","tags":["Tools"],"versions":[{"identifier":"5.29.0.RC05.247256929","download_link":"https:\/\/apkpure.com\/google-translate\/com.google.android.apps.translate\/download?from=details","is_link_external":1}],"more_details":[{"title":"Latest Version","identifier":"latest_version","value":"5.29.0.RC05.247256929 "},{"title":"Publish Date","identifier":"published_date","value":"2019-05-10"},{"title":"Requirement","identifier":"required_android","value":"Android 5.0+"}],"seo_title":"Google Translate","seo_keyword":"Google Translate, Google Translate for android, Google Translate android download, Google Translate apk, Google Translate android apk, Google Translate download","seo_description":"Download Google Translate apk 5.29.0.RC05.247256929 for Android. The world is closer than ever with over 100 languages"}