{"app_id":"com.musixmatch.android.lyrify","value":"com.musixmatch.android.lyrify","title":"Musixmatch","label":"Musixmatch","slug":"musixmatch","app_image_url":"https:\/\/image.winudf.com\/v2\/image1\/Y29tLm11c2l4bWF0Y2guYW5kcm9pZC5seXJpZnlfaWNvbl9pZF8xNTYwOTg1MzY0XzAzNg\/icon.png?w=170&fakeurl=1","app_link":"https:\/\/play.google.com\/store\/apps\/details?id=com.musixmatch.android.lyrify","description":"Musixmatch is the world\u2019s largest collection of song lyrics used by millions of people to get instant synchronised lyrics for Youtube, Spotify, Pandora and more. <br>You can also now use it to get song translations on the go.<br><br><br><b>KEY FEATURES:<\/b><br><br>Musixmatch lets you:<br><br>\t\u2022 Enjoy song lyrics with music from Spotify, Youtube, Pandora, Apple Music, SoundCloud, Google Play Music and all your other favourite streaming services<br>\t\u2022 Tap on the real- time notification to display the Floating Lyrics widget and get the current track\u2019s lyrics<br>\t\u2022 Easily learn new languages by displaying the translation of the lyrics, in time with music. <br>\t\u2022 Identify and get the lyrics to any song that\u2019s playing around you with one tap<br>\t\u2022 Search for your favourite song by title, artist and even just using a single line of the lyrics<br><br><br><b>ADDITIONAL FEATURES<\/b><br><br>With Musixmatch you can also:<br><br>\t\u2022 Use the smart seek to find your favourite lyrics by easily skipping through a song using the the progress bar<br>\t\u2022 Share your favourite song lyrics on amazing backgrounds with the LyricsCard feature<br>\t\u2022 Play Youtube videos in full screen, on landscape mode, to enjoy the FloatingLyrics fully integrated with the video <br>\t\u2022 Play, pause, skip track from your lock screen<br>\t\u2022 Get notified instantly when new lyrics from your favourite artists are available<br>\t\u2022 Quickly and easily find all your favorites on your profile<br>\t\u2022 Preview songs or watch their Youtube videos<br>\t\u2022 Collect your identified songs in a Spotify playlist<br>\t\u2022 Join our Community so you can submit all your favourite lyrics, put them in time with music and even have fun translating them <br>\t\u2022 Fetch song info and cover art for your songs.<br><br><br><b>WEARABLES &amp; TV STREAMING<\/b><br><br>  \u2022 Musixmatch is available on your Android Wear devices<br>  \u2022 Enjoy Musixmatch at home casting local music and lyrics to your TV with Chromecast<br><br><b>MUSIXMATCH PREMIUM FEATURES<\/b><br><br>Party mode - sing along to any song with word by word syncing and beautiful themes.<br>Offline lyrics - enjoy all the lyrics you have viewed without a connection.<br>No ads - get all the lyrics with no ads.<br>No commitment - cancel any time you like.<br><br><b>GET STARTED<\/b><br><br>Not sure where to start?<br>Be sure to have enabled the FloatingLyrics and let Musixmatch find lyrics for your songs on Spotify, Pandora, Play music, YouTube, SoundCloud and more.<br><br><b>COMMUNITY<\/b><br><br>Love Musixmatch? Don\u2019t miss our updates:<br><br>Musixmatch Blog: https:\/\/blog.musixmatch.com\/<br>Facebook: https:\/\/www.facebook.com\/musixmatch<br>Twitter: https:\/\/twitter.com\/Musixmatch<br>Instagram: https:\/\/www.instagram.com\/musixmatch\/<br>G+: https:\/\/plus.google.com\/+musixmatch<br>Spotify: https:\/\/open.spotify.com\/user\/musixmatch<br><br><b>PROBLEMS? FEEDBACK?<\/b><br><br>We love receiving your feedback, they help us to improve Musixmatch. <br>Reach us: on Twitter: @musixmatch or via email <br>Visit our Support: https:\/\/support.musixmatch.com<br><br><b>REVIEWS AND HONORS <\/b><br><br>Awarded in Android Excellence Apps 2018.<br>The best Music Player as for AndroidPolice, Android Authority and The Next Web.<br>\"Best Apps 2014 and 2015\" selection on Google Play Store.<br>+50,000,000 people enjoying their Music with the power of Lyrics<br>Google Play Editor Choice with +1,2 mln 5 stars reviews<br><br><br><b>PERMISSIONS <\/b><br><br>*We only ask for the permissions we need for the app to be at its best.<br>Musixmatch requests the \"Notification access\" permission only to listen for music.","status_identifier":"active","short_description":"Musixmatch is the world\u2019s largest collection of song lyrics used by millions of people to get instant synchronised lyrics for Youtube, Spotify, Pandora and more. You can also now use it to get song tr...","current_ratings":4.85,"categories":[{"label":"Music & Audio","value":"music_audio"}],"screenshots":[{"id":1,"image_link":"https:\/\/image.winudf.com\/v2\/image1\/Y29tLm11c2l4bWF0Y2guYW5kcm9pZC5seXJpZnlfc2NyZWVuXzBfMTU1NTQzMjM3NF8wMTI\/screen-0.jpg?fakeurl=1&type=.jpg","preview":"https:\/\/image.winudf.com\/v2\/image1\/Y29tLm11c2l4bWF0Y2guYW5kcm9pZC5seXJpZnlfc2NyZWVuXzBfMTU1NTQzMjM3NF8wMTI\/screen-0.jpg?fakeurl=1&type=.jpg"},{"id":1,"image_link":"https:\/\/image.winudf.com\/v2\/image1\/Y29tLm11c2l4bWF0Y2guYW5kcm9pZC5seXJpZnlfc2NyZWVuXzFfMTU1NTQzMjM3NV8wNjQ\/screen-1.jpg?fakeurl=1&type=.jpg","preview":"https:\/\/image.winudf.com\/v2\/image1\/Y29tLm11c2l4bWF0Y2guYW5kcm9pZC5seXJpZnlfc2NyZWVuXzFfMTU1NTQzMjM3NV8wNjQ\/screen-1.jpg?fakeurl=1&type=.jpg"},{"id":1,"image_link":"https:\/\/image.winudf.com\/v2\/image1\/Y29tLm11c2l4bWF0Y2guYW5kcm9pZC5seXJpZnlfc2NyZWVuXzJfMTU1NTQzMjM3NV8wNzA\/screen-2.jpg?fakeurl=1&type=.jpg","preview":"https:\/\/image.winudf.com\/v2\/image1\/Y29tLm11c2l4bWF0Y2guYW5kcm9pZC5seXJpZnlfc2NyZWVuXzJfMTU1NTQzMjM3NV8wNzA\/screen-2.jpg?fakeurl=1&type=.jpg"},{"id":1,"image_link":"https:\/\/image.winudf.com\/v2\/image1\/Y29tLm11c2l4bWF0Y2guYW5kcm9pZC5seXJpZnlfc2NyZWVuXzNfMTU1NTQzMjM3NV8wOTM\/screen-3.jpg?fakeurl=1&type=.jpg","preview":"https:\/\/image.winudf.com\/v2\/image1\/Y29tLm11c2l4bWF0Y2guYW5kcm9pZC5seXJpZnlfc2NyZWVuXzNfMTU1NTQzMjM3NV8wOTM\/screen-3.jpg?fakeurl=1&type=.jpg"},{"id":1,"image_link":"https:\/\/image.winudf.com\/v2\/image1\/Y29tLm11c2l4bWF0Y2guYW5kcm9pZC5seXJpZnlfc2NyZWVuXzRfMTU1NTQzMjM3Nl8wMTU\/screen-4.jpg?fakeurl=1&type=.jpg","preview":"https:\/\/image.winudf.com\/v2\/image1\/Y29tLm11c2l4bWF0Y2guYW5kcm9pZC5seXJpZnlfc2NyZWVuXzRfMTU1NTQzMjM3Nl8wMTU\/screen-4.jpg?fakeurl=1&type=.jpg"},{"id":1,"image_link":"https:\/\/image.winudf.com\/v2\/image1\/Y29tLm11c2l4bWF0Y2guYW5kcm9pZC5seXJpZnlfc2NyZWVuXzVfMTU1NTQzMjM3Nl8wMjQ\/screen-5.jpg?fakeurl=1&type=.jpg","preview":"https:\/\/image.winudf.com\/v2\/image1\/Y29tLm11c2l4bWF0Y2guYW5kcm9pZC5seXJpZnlfc2NyZWVuXzVfMTU1NTQzMjM3Nl8wMjQ\/screen-5.jpg?fakeurl=1&type=.jpg"},{"id":1,"image_link":"https:\/\/image.winudf.com\/v2\/image1\/Y29tLm11c2l4bWF0Y2guYW5kcm9pZC5seXJpZnlfc2NyZWVuXzZfMTU1NTQzMjM3Nl8wODE\/screen-6.jpg?fakeurl=1&type=.jpg","preview":"https:\/\/image.winudf.com\/v2\/image1\/Y29tLm11c2l4bWF0Y2guYW5kcm9pZC5seXJpZnlfc2NyZWVuXzZfMTU1NTQzMjM3Nl8wODE\/screen-6.jpg?fakeurl=1&type=.jpg"},{"id":1,"image_link":"https:\/\/image.winudf.com\/v2\/image1\/Y29tLm11c2l4bWF0Y2guYW5kcm9pZC5seXJpZnlfc2NyZWVuXzdfMTU1NTQzMjM3N18wMDA\/screen-7.jpg?fakeurl=1&type=.jpg","preview":"https:\/\/image.winudf.com\/v2\/image1\/Y29tLm11c2l4bWF0Y2guYW5kcm9pZC5seXJpZnlfc2NyZWVuXzdfMTU1NTQzMjM3N18wMDA\/screen-7.jpg?fakeurl=1&type=.jpg"},{"id":1,"image_link":"https:\/\/image.winudf.com\/v2\/image1\/Y29tLm11c2l4bWF0Y2guYW5kcm9pZC5seXJpZnlfc2NyZWVuXzhfMTU1NTQzMjM3N18wNTI\/screen-8.jpg?fakeurl=1&type=.jpg","preview":"https:\/\/image.winudf.com\/v2\/image1\/Y29tLm11c2l4bWF0Y2guYW5kcm9pZC5seXJpZnlfc2NyZWVuXzhfMTU1NTQzMjM3N18wNTI\/screen-8.jpg?fakeurl=1&type=.jpg"},{"id":1,"image_link":"https:\/\/image.winudf.com\/v2\/image1\/Y29tLm11c2l4bWF0Y2guYW5kcm9pZC5seXJpZnlfc2NyZWVuXzlfMTU1NTQzMjM3N18wNDk\/screen-9.jpg?fakeurl=1&type=.jpg","preview":"https:\/\/image.winudf.com\/v2\/image1\/Y29tLm11c2l4bWF0Y2guYW5kcm9pZC5seXJpZnlfc2NyZWVuXzlfMTU1NTQzMjM3N18wNDk\/screen-9.jpg?fakeurl=1&type=.jpg"},{"id":1,"image_link":"https:\/\/image.winudf.com\/v2\/image1\/Y29tLm11c2l4bWF0Y2guYW5kcm9pZC5seXJpZnlfc2NyZWVuXzEwXzE1NTU0MzIzNzhfMDk3\/screen-10.jpg?fakeurl=1&type=.jpg","preview":"https:\/\/image.winudf.com\/v2\/image1\/Y29tLm11c2l4bWF0Y2guYW5kcm9pZC5seXJpZnlfc2NyZWVuXzEwXzE1NTU0MzIzNzhfMDk3\/screen-10.jpg?fakeurl=1&type=.jpg"},{"id":1,"image_link":"https:\/\/image.winudf.com\/v2\/image1\/Y29tLm11c2l4bWF0Y2guYW5kcm9pZC5seXJpZnlfc2NyZWVuXzExXzE1NTU0MzIzNzhfMDc3\/screen-11.jpg?fakeurl=1&type=.jpg","preview":"https:\/\/image.winudf.com\/v2\/image1\/Y29tLm11c2l4bWF0Y2guYW5kcm9pZC5seXJpZnlfc2NyZWVuXzExXzE1NTU0MzIzNzhfMDc3\/screen-11.jpg?fakeurl=1&type=.jpg"},{"id":1,"image_link":"https:\/\/image.winudf.com\/v2\/image1\/Y29tLm11c2l4bWF0Y2guYW5kcm9pZC5seXJpZnlfc2NyZWVuXzEyXzE1NTU0MzIzNzhfMDg0\/screen-12.jpg?fakeurl=1&type=.jpg","preview":"https:\/\/image.winudf.com\/v2\/image1\/Y29tLm11c2l4bWF0Y2guYW5kcm9pZC5seXJpZnlfc2NyZWVuXzEyXzE1NTU0MzIzNzhfMDg0\/screen-12.jpg?fakeurl=1&type=.jpg"},{"id":1,"image_link":"https:\/\/image.winudf.com\/v2\/image1\/Y29tLm11c2l4bWF0Y2guYW5kcm9pZC5seXJpZnlfc2NyZWVuXzEzXzE1NTU0MzIzNzlfMDkx\/screen-13.jpg?fakeurl=1&type=.jpg","preview":"https:\/\/image.winudf.com\/v2\/image1\/Y29tLm11c2l4bWF0Y2guYW5kcm9pZC5seXJpZnlfc2NyZWVuXzEzXzE1NTU0MzIzNzlfMDkx\/screen-13.jpg?fakeurl=1&type=.jpg"},{"id":1,"image_link":"https:\/\/image.winudf.com\/v2\/image1\/Y29tLm11c2l4bWF0Y2guYW5kcm9pZC5seXJpZnlfc2NyZWVuXzE0XzE1NTU0MzIzNzlfMDQw\/screen-14.jpg?fakeurl=1&type=.jpg","preview":"https:\/\/image.winudf.com\/v2\/image1\/Y29tLm11c2l4bWF0Y2guYW5kcm9pZC5seXJpZnlfc2NyZWVuXzE0XzE1NTU0MzIzNzlfMDQw\/screen-14.jpg?fakeurl=1&type=.jpg"},{"id":1,"image_link":"https:\/\/image.winudf.com\/v2\/image1\/Y29tLm11c2l4bWF0Y2guYW5kcm9pZC5seXJpZnlfc2NyZWVuXzE1XzE1NTU0MzIzODBfMDcx\/screen-15.jpg?fakeurl=1&type=.jpg","preview":"https:\/\/image.winudf.com\/v2\/image1\/Y29tLm11c2l4bWF0Y2guYW5kcm9pZC5seXJpZnlfc2NyZWVuXzE1XzE1NTU0MzIzODBfMDcx\/screen-15.jpg?fakeurl=1&type=.jpg"},{"id":1,"image_link":"https:\/\/image.winudf.com\/v2\/image1\/Y29tLm11c2l4bWF0Y2guYW5kcm9pZC5seXJpZnlfc2NyZWVuXzE2XzE1NTU0MzIzODBfMDMy\/screen-16.jpg?fakeurl=1&type=.jpg","preview":"https:\/\/image.winudf.com\/v2\/image1\/Y29tLm11c2l4bWF0Y2guYW5kcm9pZC5seXJpZnlfc2NyZWVuXzE2XzE1NTU0MzIzODBfMDMy\/screen-16.jpg?fakeurl=1&type=.jpg"},{"id":1,"image_link":"https:\/\/image.winudf.com\/v2\/image1\/Y29tLm11c2l4bWF0Y2guYW5kcm9pZC5seXJpZnlfc2NyZWVuXzE3XzE1NTU0MzIzODBfMDI0\/screen-17.jpg?fakeurl=1&type=.jpg","preview":"https:\/\/image.winudf.com\/v2\/image1\/Y29tLm11c2l4bWF0Y2guYW5kcm9pZC5seXJpZnlfc2NyZWVuXzE3XzE1NTU0MzIzODBfMDI0\/screen-17.jpg?fakeurl=1&type=.jpg"},{"id":1,"image_link":"https:\/\/image.winudf.com\/v2\/image1\/Y29tLm11c2l4bWF0Y2guYW5kcm9pZC5seXJpZnlfc2NyZWVuXzE4XzE1NTU0MzIzODBfMDAz\/screen-18.jpg?fakeurl=1&type=.jpg","preview":"https:\/\/image.winudf.com\/v2\/image1\/Y29tLm11c2l4bWF0Y2guYW5kcm9pZC5seXJpZnlfc2NyZWVuXzE4XzE1NTU0MzIzODBfMDAz\/screen-18.jpg?fakeurl=1&type=.jpg"}],"screenshot_previews":[{"id":1,"image_link":"https:\/\/image.winudf.com\/v2\/image1\/Y29tLm11c2l4bWF0Y2guYW5kcm9pZC5seXJpZnlfc2NyZWVuXzBfMTU1NTQzMjM3NF8wMTI\/screen-0.jpg?fakeurl=1&type=.jpg","preview":"https:\/\/image.winudf.com\/v2\/image1\/Y29tLm11c2l4bWF0Y2guYW5kcm9pZC5seXJpZnlfc2NyZWVuXzBfMTU1NTQzMjM3NF8wMTI\/screen-0.jpg?fakeurl=1&type=.jpg"},{"id":1,"image_link":"https:\/\/image.winudf.com\/v2\/image1\/Y29tLm11c2l4bWF0Y2guYW5kcm9pZC5seXJpZnlfc2NyZWVuXzFfMTU1NTQzMjM3NV8wNjQ\/screen-1.jpg?fakeurl=1&type=.jpg","preview":"https:\/\/image.winudf.com\/v2\/image1\/Y29tLm11c2l4bWF0Y2guYW5kcm9pZC5seXJpZnlfc2NyZWVuXzFfMTU1NTQzMjM3NV8wNjQ\/screen-1.jpg?fakeurl=1&type=.jpg"},{"id":1,"image_link":"https:\/\/image.winudf.com\/v2\/image1\/Y29tLm11c2l4bWF0Y2guYW5kcm9pZC5seXJpZnlfc2NyZWVuXzJfMTU1NTQzMjM3NV8wNzA\/screen-2.jpg?fakeurl=1&type=.jpg","preview":"https:\/\/image.winudf.com\/v2\/image1\/Y29tLm11c2l4bWF0Y2guYW5kcm9pZC5seXJpZnlfc2NyZWVuXzJfMTU1NTQzMjM3NV8wNzA\/screen-2.jpg?fakeurl=1&type=.jpg"},{"id":1,"image_link":"https:\/\/image.winudf.com\/v2\/image1\/Y29tLm11c2l4bWF0Y2guYW5kcm9pZC5seXJpZnlfc2NyZWVuXzNfMTU1NTQzMjM3NV8wOTM\/screen-3.jpg?fakeurl=1&type=.jpg","preview":"https:\/\/image.winudf.com\/v2\/image1\/Y29tLm11c2l4bWF0Y2guYW5kcm9pZC5seXJpZnlfc2NyZWVuXzNfMTU1NTQzMjM3NV8wOTM\/screen-3.jpg?fakeurl=1&type=.jpg"},{"id":1,"image_link":"https:\/\/image.winudf.com\/v2\/image1\/Y29tLm11c2l4bWF0Y2guYW5kcm9pZC5seXJpZnlfc2NyZWVuXzRfMTU1NTQzMjM3Nl8wMTU\/screen-4.jpg?fakeurl=1&type=.jpg","preview":"https:\/\/image.winudf.com\/v2\/image1\/Y29tLm11c2l4bWF0Y2guYW5kcm9pZC5seXJpZnlfc2NyZWVuXzRfMTU1NTQzMjM3Nl8wMTU\/screen-4.jpg?fakeurl=1&type=.jpg"},{"id":1,"image_link":"https:\/\/image.winudf.com\/v2\/image1\/Y29tLm11c2l4bWF0Y2guYW5kcm9pZC5seXJpZnlfc2NyZWVuXzVfMTU1NTQzMjM3Nl8wMjQ\/screen-5.jpg?fakeurl=1&type=.jpg","preview":"https:\/\/image.winudf.com\/v2\/image1\/Y29tLm11c2l4bWF0Y2guYW5kcm9pZC5seXJpZnlfc2NyZWVuXzVfMTU1NTQzMjM3Nl8wMjQ\/screen-5.jpg?fakeurl=1&type=.jpg"},{"id":1,"image_link":"https:\/\/image.winudf.com\/v2\/image1\/Y29tLm11c2l4bWF0Y2guYW5kcm9pZC5seXJpZnlfc2NyZWVuXzZfMTU1NTQzMjM3Nl8wODE\/screen-6.jpg?fakeurl=1&type=.jpg","preview":"https:\/\/image.winudf.com\/v2\/image1\/Y29tLm11c2l4bWF0Y2guYW5kcm9pZC5seXJpZnlfc2NyZWVuXzZfMTU1NTQzMjM3Nl8wODE\/screen-6.jpg?fakeurl=1&type=.jpg"},{"id":1,"image_link":"https:\/\/image.winudf.com\/v2\/image1\/Y29tLm11c2l4bWF0Y2guYW5kcm9pZC5seXJpZnlfc2NyZWVuXzdfMTU1NTQzMjM3N18wMDA\/screen-7.jpg?fakeurl=1&type=.jpg","preview":"https:\/\/image.winudf.com\/v2\/image1\/Y29tLm11c2l4bWF0Y2guYW5kcm9pZC5seXJpZnlfc2NyZWVuXzdfMTU1NTQzMjM3N18wMDA\/screen-7.jpg?fakeurl=1&type=.jpg"},{"id":1,"image_link":"https:\/\/image.winudf.com\/v2\/image1\/Y29tLm11c2l4bWF0Y2guYW5kcm9pZC5seXJpZnlfc2NyZWVuXzhfMTU1NTQzMjM3N18wNTI\/screen-8.jpg?fakeurl=1&type=.jpg","preview":"https:\/\/image.winudf.com\/v2\/image1\/Y29tLm11c2l4bWF0Y2guYW5kcm9pZC5seXJpZnlfc2NyZWVuXzhfMTU1NTQzMjM3N18wNTI\/screen-8.jpg?fakeurl=1&type=.jpg"},{"id":1,"image_link":"https:\/\/image.winudf.com\/v2\/image1\/Y29tLm11c2l4bWF0Y2guYW5kcm9pZC5seXJpZnlfc2NyZWVuXzlfMTU1NTQzMjM3N18wNDk\/screen-9.jpg?fakeurl=1&type=.jpg","preview":"https:\/\/image.winudf.com\/v2\/image1\/Y29tLm11c2l4bWF0Y2guYW5kcm9pZC5seXJpZnlfc2NyZWVuXzlfMTU1NTQzMjM3N18wNDk\/screen-9.jpg?fakeurl=1&type=.jpg"},{"id":1,"image_link":"https:\/\/image.winudf.com\/v2\/image1\/Y29tLm11c2l4bWF0Y2guYW5kcm9pZC5seXJpZnlfc2NyZWVuXzEwXzE1NTU0MzIzNzhfMDk3\/screen-10.jpg?fakeurl=1&type=.jpg","preview":"https:\/\/image.winudf.com\/v2\/image1\/Y29tLm11c2l4bWF0Y2guYW5kcm9pZC5seXJpZnlfc2NyZWVuXzEwXzE1NTU0MzIzNzhfMDk3\/screen-10.jpg?fakeurl=1&type=.jpg"},{"id":1,"image_link":"https:\/\/image.winudf.com\/v2\/image1\/Y29tLm11c2l4bWF0Y2guYW5kcm9pZC5seXJpZnlfc2NyZWVuXzExXzE1NTU0MzIzNzhfMDc3\/screen-11.jpg?fakeurl=1&type=.jpg","preview":"https:\/\/image.winudf.com\/v2\/image1\/Y29tLm11c2l4bWF0Y2guYW5kcm9pZC5seXJpZnlfc2NyZWVuXzExXzE1NTU0MzIzNzhfMDc3\/screen-11.jpg?fakeurl=1&type=.jpg"},{"id":1,"image_link":"https:\/\/image.winudf.com\/v2\/image1\/Y29tLm11c2l4bWF0Y2guYW5kcm9pZC5seXJpZnlfc2NyZWVuXzEyXzE1NTU0MzIzNzhfMDg0\/screen-12.jpg?fakeurl=1&type=.jpg","preview":"https:\/\/image.winudf.com\/v2\/image1\/Y29tLm11c2l4bWF0Y2guYW5kcm9pZC5seXJpZnlfc2NyZWVuXzEyXzE1NTU0MzIzNzhfMDg0\/screen-12.jpg?fakeurl=1&type=.jpg"},{"id":1,"image_link":"https:\/\/image.winudf.com\/v2\/image1\/Y29tLm11c2l4bWF0Y2guYW5kcm9pZC5seXJpZnlfc2NyZWVuXzEzXzE1NTU0MzIzNzlfMDkx\/screen-13.jpg?fakeurl=1&type=.jpg","preview":"https:\/\/image.winudf.com\/v2\/image1\/Y29tLm11c2l4bWF0Y2guYW5kcm9pZC5seXJpZnlfc2NyZWVuXzEzXzE1NTU0MzIzNzlfMDkx\/screen-13.jpg?fakeurl=1&type=.jpg"},{"id":1,"image_link":"https:\/\/image.winudf.com\/v2\/image1\/Y29tLm11c2l4bWF0Y2guYW5kcm9pZC5seXJpZnlfc2NyZWVuXzE0XzE1NTU0MzIzNzlfMDQw\/screen-14.jpg?fakeurl=1&type=.jpg","preview":"https:\/\/image.winudf.com\/v2\/image1\/Y29tLm11c2l4bWF0Y2guYW5kcm9pZC5seXJpZnlfc2NyZWVuXzE0XzE1NTU0MzIzNzlfMDQw\/screen-14.jpg?fakeurl=1&type=.jpg"},{"id":1,"image_link":"https:\/\/image.winudf.com\/v2\/image1\/Y29tLm11c2l4bWF0Y2guYW5kcm9pZC5seXJpZnlfc2NyZWVuXzE1XzE1NTU0MzIzODBfMDcx\/screen-15.jpg?fakeurl=1&type=.jpg","preview":"https:\/\/image.winudf.com\/v2\/image1\/Y29tLm11c2l4bWF0Y2guYW5kcm9pZC5seXJpZnlfc2NyZWVuXzE1XzE1NTU0MzIzODBfMDcx\/screen-15.jpg?fakeurl=1&type=.jpg"},{"id":1,"image_link":"https:\/\/image.winudf.com\/v2\/image1\/Y29tLm11c2l4bWF0Y2guYW5kcm9pZC5seXJpZnlfc2NyZWVuXzE2XzE1NTU0MzIzODBfMDMy\/screen-16.jpg?fakeurl=1&type=.jpg","preview":"https:\/\/image.winudf.com\/v2\/image1\/Y29tLm11c2l4bWF0Y2guYW5kcm9pZC5seXJpZnlfc2NyZWVuXzE2XzE1NTU0MzIzODBfMDMy\/screen-16.jpg?fakeurl=1&type=.jpg"},{"id":1,"image_link":"https:\/\/image.winudf.com\/v2\/image1\/Y29tLm11c2l4bWF0Y2guYW5kcm9pZC5seXJpZnlfc2NyZWVuXzE3XzE1NTU0MzIzODBfMDI0\/screen-17.jpg?fakeurl=1&type=.jpg","preview":"https:\/\/image.winudf.com\/v2\/image1\/Y29tLm11c2l4bWF0Y2guYW5kcm9pZC5seXJpZnlfc2NyZWVuXzE3XzE1NTU0MzIzODBfMDI0\/screen-17.jpg?fakeurl=1&type=.jpg"},{"id":1,"image_link":"https:\/\/image.winudf.com\/v2\/image1\/Y29tLm11c2l4bWF0Y2guYW5kcm9pZC5seXJpZnlfc2NyZWVuXzE4XzE1NTU0MzIzODBfMDAz\/screen-18.jpg?fakeurl=1&type=.jpg","preview":"https:\/\/image.winudf.com\/v2\/image1\/Y29tLm11c2l4bWF0Y2guYW5kcm9pZC5seXJpZnlfc2NyZWVuXzE4XzE1NTU0MzIzODBfMDAz\/screen-18.jpg?fakeurl=1&type=.jpg"}],"total_ratings":1520415,"developer":"Musixmatch","developer_url":"https:\/\/play.google.com\/store\/apps\/developer?id=Musixmatch","tags":["Music &amp; Audio"],"versions":[{"identifier":"7.4.1","download_link":"https:\/\/apkpure.com\/musixmatch-lyrics-music-android\/com.musixmatch.android.lyrify\/download?from=details","is_link_external":1}],"more_details":[{"title":"Latest Version","identifier":"latest_version","value":"7.4.1 "},{"title":"Publish Date","identifier":"published_date","value":"2019-06-12"},{"title":"Requirement","identifier":"required_android","value":"Android 4.1+"}],"seo_title":"Musixmatch","seo_keyword":"Musixmatch, Musixmatch for android, Musixmatch android download, Musixmatch apk, Musixmatch android apk, Musixmatch download","seo_description":"Download Musixmatch apk 7.4.1 for Android. All the music you love with lyrics and translations"}