{"app_id":"com.pinterest","value":"com.pinterest","title":"Pinterest","label":"Pinterest","slug":"pinterest","app_image_url":"https:\/\/image.winudf.com\/v2\/image1\/Y29tLnBpbnRlcmVzdF9pY29uXzE1NTU5NTQyMjNfMDU5\/icon.png?w=170&fakeurl=1","app_link":"https:\/\/play.google.com\/store\/apps\/details?id=com.pinterest","description":"Looking for creative ideas? Whether you\u2019re planning your next big travel adventure, searching for home design concepts, looking for fashion &amp; fitness tips or checking out new recipes, explore lifestyle inspiration on Pinterest. Good ideas start here!<br><br>Discover billions of possibilities for every part of your life, from new recipes to creative home design ideas. Create extra home storage space, find your new favorite recipe, or get tattoo inspiration on Pinterest.<br><br>Save ideas on Pinterest:<br>\u2605 Find lifestyle inspiration &amp; explore articles on trending and recommended topics <br><br>\u2605 Collaborate with friends for your next group trip, party or DIY project <br><br>\u2605 See ideas &amp; images out in the world that you like and snap a photo with Pinterest Lens to find out how to buy\/make\/do them!<br><br>Discover wedding tips, beauty inspiration and design concepts for your big day. Explore thousands of recommended or trending images, get travel inspiration or read new recipes and creative food ideas for your next dinner party. With fitness tips, interesting DIY projects to try out and tons of great fashion, style &amp; beauty tips, Pinterest keeps all of your lifestyle inspiration in one place.<br><br>You never know what sparks a great design idea or when inspiration for your next DIY project might strike.<br><br>Get inspired from anywhere on the internet. Save your ideas, organize them by topic and share with others \u2013 all from your pocket! <br><br>Get ideas for the topics you care about most:<br>- Home design, architecture &amp; DIY<br>- Creative wedding tips <br>- Travel, fitness &amp; beauty<br>- Fashion and style inspiration<br>- Food, new recipes &amp; cooking <br><br>Download Pinterest to start exploring possibilities for your next DIY or home design project.","status_identifier":"active","short_description":"Looking for creative ideas? Whether you\u2019re planning your next big travel adventure, searching for home design concepts, looking for fashion &amp; fitness tips or checking out new recipes, explore life...","current_ratings":4.75,"categories":[{"label":"Social","value":"social"}],"screenshots":[{"id":1,"image_link":"https:\/\/image.winudf.com\/v2\/image1\/Y29tLnBpbnRlcmVzdF9zY3JlZW5fMF8xNTU2NTYyNjE1XzA2Nw\/screen-0.jpg?fakeurl=1&type=.jpg","preview":"https:\/\/image.winudf.com\/v2\/image1\/Y29tLnBpbnRlcmVzdF9zY3JlZW5fMF8xNTU2NTYyNjE1XzA2Nw\/screen-0.jpg?fakeurl=1&type=.jpg"},{"id":1,"image_link":"https:\/\/image.winudf.com\/v2\/image1\/Y29tLnBpbnRlcmVzdF9zY3JlZW5fMV8xNTU2NTYyNjE1XzA1OA\/screen-1.jpg?fakeurl=1&type=.jpg","preview":"https:\/\/image.winudf.com\/v2\/image1\/Y29tLnBpbnRlcmVzdF9zY3JlZW5fMV8xNTU2NTYyNjE1XzA1OA\/screen-1.jpg?fakeurl=1&type=.jpg"},{"id":1,"image_link":"https:\/\/image.winudf.com\/v2\/image1\/Y29tLnBpbnRlcmVzdF9zY3JlZW5fMl8xNTU2NTYyNjE3XzA5MA\/screen-2.jpg?fakeurl=1&type=.jpg","preview":"https:\/\/image.winudf.com\/v2\/image1\/Y29tLnBpbnRlcmVzdF9zY3JlZW5fMl8xNTU2NTYyNjE3XzA5MA\/screen-2.jpg?fakeurl=1&type=.jpg"},{"id":1,"image_link":"https:\/\/image.winudf.com\/v2\/image1\/Y29tLnBpbnRlcmVzdF9zY3JlZW5fM18xNTU2NTYyNjE4XzA5OQ\/screen-3.jpg?fakeurl=1&type=.jpg","preview":"https:\/\/image.winudf.com\/v2\/image1\/Y29tLnBpbnRlcmVzdF9zY3JlZW5fM18xNTU2NTYyNjE4XzA5OQ\/screen-3.jpg?fakeurl=1&type=.jpg"},{"id":1,"image_link":"https:\/\/image.winudf.com\/v2\/image1\/Y29tLnBpbnRlcmVzdF9zY3JlZW5fNF8xNTU2NTYyNjE4XzAxNA\/screen-4.jpg?fakeurl=1&type=.jpg","preview":"https:\/\/image.winudf.com\/v2\/image1\/Y29tLnBpbnRlcmVzdF9zY3JlZW5fNF8xNTU2NTYyNjE4XzAxNA\/screen-4.jpg?fakeurl=1&type=.jpg"}],"screenshot_previews":[{"id":1,"image_link":"https:\/\/image.winudf.com\/v2\/image1\/Y29tLnBpbnRlcmVzdF9zY3JlZW5fMF8xNTU2NTYyNjE1XzA2Nw\/screen-0.jpg?fakeurl=1&type=.jpg","preview":"https:\/\/image.winudf.com\/v2\/image1\/Y29tLnBpbnRlcmVzdF9zY3JlZW5fMF8xNTU2NTYyNjE1XzA2Nw\/screen-0.jpg?fakeurl=1&type=.jpg"},{"id":1,"image_link":"https:\/\/image.winudf.com\/v2\/image1\/Y29tLnBpbnRlcmVzdF9zY3JlZW5fMV8xNTU2NTYyNjE1XzA1OA\/screen-1.jpg?fakeurl=1&type=.jpg","preview":"https:\/\/image.winudf.com\/v2\/image1\/Y29tLnBpbnRlcmVzdF9zY3JlZW5fMV8xNTU2NTYyNjE1XzA1OA\/screen-1.jpg?fakeurl=1&type=.jpg"},{"id":1,"image_link":"https:\/\/image.winudf.com\/v2\/image1\/Y29tLnBpbnRlcmVzdF9zY3JlZW5fMl8xNTU2NTYyNjE3XzA5MA\/screen-2.jpg?fakeurl=1&type=.jpg","preview":"https:\/\/image.winudf.com\/v2\/image1\/Y29tLnBpbnRlcmVzdF9zY3JlZW5fMl8xNTU2NTYyNjE3XzA5MA\/screen-2.jpg?fakeurl=1&type=.jpg"},{"id":1,"image_link":"https:\/\/image.winudf.com\/v2\/image1\/Y29tLnBpbnRlcmVzdF9zY3JlZW5fM18xNTU2NTYyNjE4XzA5OQ\/screen-3.jpg?fakeurl=1&type=.jpg","preview":"https:\/\/image.winudf.com\/v2\/image1\/Y29tLnBpbnRlcmVzdF9zY3JlZW5fM18xNTU2NTYyNjE4XzA5OQ\/screen-3.jpg?fakeurl=1&type=.jpg"},{"id":1,"image_link":"https:\/\/image.winudf.com\/v2\/image1\/Y29tLnBpbnRlcmVzdF9zY3JlZW5fNF8xNTU2NTYyNjE4XzAxNA\/screen-4.jpg?fakeurl=1&type=.jpg","preview":"https:\/\/image.winudf.com\/v2\/image1\/Y29tLnBpbnRlcmVzdF9zY3JlZW5fNF8xNTU2NTYyNjE4XzAxNA\/screen-4.jpg?fakeurl=1&type=.jpg"}],"total_ratings":601607,"developer":"Pinterest","developer_url":"https:\/\/play.google.com\/store\/apps\/developer?id=Pinterest","tags":["Social"],"versions":[{"identifier":"7.21.0","download_link":"https:\/\/apkpure.com\/pinterest\/com.pinterest\/download?from=details","is_link_external":1}],"more_details":[{"title":"Latest Version","identifier":"latest_version","value":"7.21.0 "},{"title":"Publish Date","identifier":"published_date","value":"2019-06-19"},{"title":"Requirement","identifier":"required_android","value":"Android 4.4+"}],"seo_title":"Pinterest","seo_keyword":"Pinterest, Pinterest for android, Pinterest android download, Pinterest apk, Pinterest android apk, Pinterest download","seo_description":"Download Pinterest apk 7.21.0 for Android. Explore lifestyle inspiration: new recipes, creative wedding tips &amp; design ideas"}