{"app_id":"com.cleanmaster.mguard","value":"com.cleanmaster.mguard","title":"Clean Master","label":"Clean Master","slug":"clean-master","app_image_url":"https:\/\/image.winudf.com\/v2\/image1\/Y29tLmNsZWFubWFzdGVyLm1ndWFyZF9pY29uXzE1NTgzNTE4MTdfMDQw\/icon.png?w=170&fakeurl=1","app_link":"https:\/\/play.google.com\/store\/apps\/details?id=com.cleanmaster.mguard","description":"<b>Clean Master,  one of the best optimization tools with space cleaner and antivirus for android devices, helps keep your phone clean and safe from virus. Clean Master also free up space and RAM to improve your phone's performance. Enjoy your speedy phone now! <\/b> <br><br><b>Clean Master Key Functions:<\/b><br><br>\ud83d\udd25 JUNK CLEANER (JUNK FILES)<br>Clean Master helps <b>free up your storage space<\/b> by removing junk, residual and cache files which slows down your phone.<br>With our professional cleaner, you can also free up much more space from cleaning cache data from social apps without worrying about deleting the wrong files.<br><br>\ud83d\udc51 FREE ANTIVIRUS<br><b>Scans for virus<\/b> on all apps (pre-installed or not), <b>blocks and removes virus<\/b> to keep your phone safe from viruses, trojans and protects your privacy with Clean Master's free antivirus engine which is certified by AV-TEST!<br><br>\ud83c\udf1f WiFi SECURITY<br>Clean Master added the WiFi Security feature to <b>detect fake WiFi and unauthorized connections<\/b>. Keep your phone safe from insecure public WiFi.<br> <br>\ud83d\ude80 BOOST MOBILE<br>One Tap Boost helps <b>speed up phone by freeing up RAM<\/b>. After boosting your mobile, you can run a speed test to see how much faster it is.<br><br>\ud83d\udd0b BATTERY SAVER<br>Clean Master helps to <b>save battery power and extend battery life<\/b> by hibernating running apps.<br><br>\ud83c\udfae Game Master<br>With Game Master, you can manage your games, accelerate loading speed of games and find more fun games here.<br><br><b>Other optimization features<\/b><br>\u2606CHARGE MASTER- Prevents overcharging, displays charging status and application message while charging.<br>\u2606 APPLOCK- Keeps your app privacy safe with an AppLock PIN or pattern.<br><br><b> Clean Master, the world's leading space cleaner &amp; antivirus app on Google Play. <\/b><br><br>We added some powerful features to make Clean Master more smarter and convenient. These features will require additional phone permissions.<br><b>Rest assured none of your personal info will be collected per the Privacy Policy.<\/b><br><br>1.New junk clean engine, added clean junk messages and more (require SMS, Contacts, Call Logs, Calendar and Location permissions)<br>2.New way to interact with your phone on lock screen (require Microphone permission)<br>3.More personalized settings to beautify your phone<br><br>New features are only accessible to some users now, welcome to contact us to try it in advance.<br><br>\ud83d\udc49\u3010LIKE US and STAY CONNECTED\u3011\ud83d\udc48<br>Follow our Instagram and Google+ to get more interesting pictures, videos &amp; Clean Master usage tips every day!<br>Instagram: https:\/\/www.instagram.com\/cleanmasterteam\/<br>Google+: https:\/\/plus.google.com\/u\/0\/communities\/106742377658392172082<br>Facebook: https:\/\/www.facebook.com\/kscleanmaster\/<br><br>Enhance the functionality of the intelligent data<br>We will use the installed app(s)  list and app(s)  installation folder contents for the cloud engine to enhance the junk files recognition capability of JUNK CLEANER (JUNK FILES), the running app(s) status for the cloud engine to enhance the effect of BOOST MOBILE and power saving ability of BATTERY.<br><br>TOS: http:\/\/www.cmcm.com\/protocol\/site\/tos.html<br>Policy: http:\/\/www.cmcm.com\/protocol\/site\/privacy.html<br>Ad Choice: http:\/\/www.cmcm.com\/protocol\/site\/ad-choice.html<br><br>Clean Master use accessibility services to improve junk clean feature in some devices.","status_identifier":"active","short_description":"Clean Master,  one of the best optimization tools with space cleaner and antivirus for android devices, helps keep your phone clean and safe from virus. Clean Master also free up space and RAM to impr...","current_ratings":4.3,"categories":[{"label":"Tools","value":"tools"}],"screenshots":[{"id":1,"image_link":"javascript:void(0)","preview":"javascript:void(0)"},{"id":1,"image_link":"https:\/\/image.winudf.com\/v2\/image1\/Y29tLmNsZWFubWFzdGVyLm1ndWFyZF9zY3JlZW5fMF8xNTU1MzQwNDI0XzA4NA\/screen-0.jpg?fakeurl=1&type=.jpg","preview":"https:\/\/image.winudf.com\/v2\/image1\/Y29tLmNsZWFubWFzdGVyLm1ndWFyZF9zY3JlZW5fMF8xNTU1MzQwNDI0XzA4NA\/screen-0.jpg?fakeurl=1&type=.jpg"},{"id":1,"image_link":"https:\/\/image.winudf.com\/v2\/image1\/Y29tLmNsZWFubWFzdGVyLm1ndWFyZF9zY3JlZW5fMV8xNTU1MzQwNDI0XzAyNQ\/screen-1.jpg?fakeurl=1&type=.jpg","preview":"https:\/\/image.winudf.com\/v2\/image1\/Y29tLmNsZWFubWFzdGVyLm1ndWFyZF9zY3JlZW5fMV8xNTU1MzQwNDI0XzAyNQ\/screen-1.jpg?fakeurl=1&type=.jpg"},{"id":1,"image_link":"https:\/\/image.winudf.com\/v2\/image1\/Y29tLmNsZWFubWFzdGVyLm1ndWFyZF9zY3JlZW5fMl8xNTU1MzQwNDI1XzAzNQ\/screen-2.jpg?fakeurl=1&type=.jpg","preview":"https:\/\/image.winudf.com\/v2\/image1\/Y29tLmNsZWFubWFzdGVyLm1ndWFyZF9zY3JlZW5fMl8xNTU1MzQwNDI1XzAzNQ\/screen-2.jpg?fakeurl=1&type=.jpg"},{"id":1,"image_link":"https:\/\/image.winudf.com\/v2\/image1\/Y29tLmNsZWFubWFzdGVyLm1ndWFyZF9zY3JlZW5fM18xNTU1MzQwNDI1XzA2MA\/screen-3.jpg?fakeurl=1&type=.jpg","preview":"https:\/\/image.winudf.com\/v2\/image1\/Y29tLmNsZWFubWFzdGVyLm1ndWFyZF9zY3JlZW5fM18xNTU1MzQwNDI1XzA2MA\/screen-3.jpg?fakeurl=1&type=.jpg"},{"id":1,"image_link":"https:\/\/image.winudf.com\/v2\/image1\/Y29tLmNsZWFubWFzdGVyLm1ndWFyZF9zY3JlZW5fNF8xNTU1MzQwNDI2XzA5OQ\/screen-4.jpg?fakeurl=1&type=.jpg","preview":"https:\/\/image.winudf.com\/v2\/image1\/Y29tLmNsZWFubWFzdGVyLm1ndWFyZF9zY3JlZW5fNF8xNTU1MzQwNDI2XzA5OQ\/screen-4.jpg?fakeurl=1&type=.jpg"}],"screenshot_previews":[{"id":1,"image_link":"javascript:void(0)","preview":"javascript:void(0)"},{"id":1,"image_link":"https:\/\/image.winudf.com\/v2\/image1\/Y29tLmNsZWFubWFzdGVyLm1ndWFyZF9zY3JlZW5fMF8xNTU1MzQwNDI0XzA4NA\/screen-0.jpg?fakeurl=1&type=.jpg","preview":"https:\/\/image.winudf.com\/v2\/image1\/Y29tLmNsZWFubWFzdGVyLm1ndWFyZF9zY3JlZW5fMF8xNTU1MzQwNDI0XzA4NA\/screen-0.jpg?fakeurl=1&type=.jpg"},{"id":1,"image_link":"https:\/\/image.winudf.com\/v2\/image1\/Y29tLmNsZWFubWFzdGVyLm1ndWFyZF9zY3JlZW5fMV8xNTU1MzQwNDI0XzAyNQ\/screen-1.jpg?fakeurl=1&type=.jpg","preview":"https:\/\/image.winudf.com\/v2\/image1\/Y29tLmNsZWFubWFzdGVyLm1ndWFyZF9zY3JlZW5fMV8xNTU1MzQwNDI0XzAyNQ\/screen-1.jpg?fakeurl=1&type=.jpg"},{"id":1,"image_link":"https:\/\/image.winudf.com\/v2\/image1\/Y29tLmNsZWFubWFzdGVyLm1ndWFyZF9zY3JlZW5fMl8xNTU1MzQwNDI1XzAzNQ\/screen-2.jpg?fakeurl=1&type=.jpg","preview":"https:\/\/image.winudf.com\/v2\/image1\/Y29tLmNsZWFubWFzdGVyLm1ndWFyZF9zY3JlZW5fMl8xNTU1MzQwNDI1XzAzNQ\/screen-2.jpg?fakeurl=1&type=.jpg"},{"id":1,"image_link":"https:\/\/image.winudf.com\/v2\/image1\/Y29tLmNsZWFubWFzdGVyLm1ndWFyZF9zY3JlZW5fM18xNTU1MzQwNDI1XzA2MA\/screen-3.jpg?fakeurl=1&type=.jpg","preview":"https:\/\/image.winudf.com\/v2\/image1\/Y29tLmNsZWFubWFzdGVyLm1ndWFyZF9zY3JlZW5fM18xNTU1MzQwNDI1XzA2MA\/screen-3.jpg?fakeurl=1&type=.jpg"},{"id":1,"image_link":"https:\/\/image.winudf.com\/v2\/image1\/Y29tLmNsZWFubWFzdGVyLm1ndWFyZF9zY3JlZW5fNF8xNTU1MzQwNDI2XzA5OQ\/screen-4.jpg?fakeurl=1&type=.jpg","preview":"https:\/\/image.winudf.com\/v2\/image1\/Y29tLmNsZWFubWFzdGVyLm1ndWFyZF9zY3JlZW5fNF8xNTU1MzQwNDI2XzA5OQ\/screen-4.jpg?fakeurl=1&type=.jpg"}],"total_ratings":1586977,"developer":"Cheetah Mobile","developer_url":"https:\/\/play.google.com\/store\/apps\/developer?id=Cheetah Mobile","tags":["Tools"],"versions":[{"identifier":"7.1.6","download_link":"https:\/\/apkpure.com\/clean-master-antivirus-applock-cleaner\/com.cleanmaster.mguard\/download?from=details","is_link_external":1}],"more_details":[{"title":"Latest Version","identifier":"latest_version","value":"7.1.6 "},{"title":"Publish Date","identifier":"published_date","value":"2019-06-18"},{"title":"Requirement","identifier":"required_android","value":"Android 6.0+"}],"seo_title":"Clean Master","seo_keyword":"Clean master apk, clean master android, clean master space cleaner antivirus free Ram apk, clean master space cleaner antivirus free Ram android,  clean master space cleaner antivirus free Ram download","seo_description":"Download Clean Master- Space Cleaner & Antivirus & Free Ram apk 7.1.6 for Android. Clean Master, best android tool with antivirus, space cleaner &amp; speed booster!"}