{"app_id":"com.madfingergames.deadzone","value":"com.madfingergames.deadzone","title":"SHADOWGUN: DEADZONE","label":"SHADOWGUN: DEADZONE","slug":"shadowgun-deadzone","app_image_url":"https:\/\/image.winudf.com\/v2\/image1\/Y29tLm1hZGZpbmdlcmdhbWVzLmRlYWR6b25lX2ljb25fMTU0NTg3MTIxM18wNTc\/icon.png?w=170&fakeurl=1","app_link":"https:\/\/play.google.com\/store\/apps\/details?id=com.madfingergames.deadzone","description":"<b>Gather up your posse of friends, build a team, and kick some butt in the best looking multiplayer third person shooter for mobile. This intense online bullet fest offers the deadliest weapons in the galaxy to aid in your quest for glory...<\/b><br><br><i>\u201cIf you want evidence that mobile games are turning into their console and PC cousins, then look no further than Shadowgun: DeadZone.\u201d<\/i> - <a href=\"https:\/\/apkpure.com\/url?q=http%3A%2F%2Fwww.google.com%2Furl%3Fq%3Dhttp%253A%252F%252Fwww.pocketgamer.co.uk%252Fr%252FAndroid%252FShadowgun%25253A%252BDeadZone%252Fnews.asp%253Fc%253D45941%26amp%3Bsa%3DD%26amp%3Bsntz%3D1%26amp%3Busg%3DAFQjCNGwdrNOIVix4lMuSMkEkwGuNTTAZA\" rel=\"nofollow\" target=\"_blank\">PocketGamer.co.uk<\/a><br><i>\u201cShadowgun: DeadZone is one of the sharpest-looking shooters we\u2019ve seen.\u201d<\/i> - <a href=\"https:\/\/apkpure.com\/url?q=http%3A%2F%2Fwww.google.com%2Furl%3Fq%3Dhttp%253A%252F%252Fwww.slidetoplay.com%252Fshadowgun-deadzone-hands-on-preview%252F%26amp%3Bsa%3DD%26amp%3Bsntz%3D1%26amp%3Busg%3DAFQjCNF3J-jckmeVqsztbaxXRp1uvQsPdw\" rel=\"nofollow\" target=\"_blank\">SlideToPlay.com<\/a><br><i>\u201cThey\u2019ve made what could be the best multiplayer shooting experience on a mobile device.\u201d TouchGen.com<\/i><br><br><b><h3>EXPERIENCE AWESOME MULTIPLAYER WAR WITH CONSOLE QUALITY GRAPHICS.<\/h3><\/b><br><br><b><u>ADRENALINE-PUMPING ACTION<\/u><\/b><br>\u2022 Intense <b>fast-paced multiplayer combat<\/b> with up to <b>12 players<\/b> connected online. This third person shooter puts you right in the middle of a futuristic war zone - make sure you bring plenty of bullets!<br>\u2022 Choose from two popular game modes: <b>Deathmatch<\/b> (a pure killing spree) and <b>Zone Control<\/b> (Capture the flag style war).<br>\u2022 Pick from a rogue\u2019s gallery of <b>10 memorable characters<\/b>. Customise to match your own combat style!<br>\u2022 Over <b>20 unique, futuristic and deadly weapons<\/b> to choose from, including sub-machine guns, assault rifles and plasma throwers. Supplement your arsenal with lethal gadgets like sentry guns and landmines.<br><br><b><u>GRAPHICS: WE GOT PLENTY!<\/u><\/b><br>Shadowgun: Deadzone takes mobile PvP shooters to a new level of realism. Enter the atmospheric world of the Shadowgun and get transported by the <b>moody graphics and slick animation<\/b>.<br><br><b><u>FANTASTIC FEATURES<\/u><\/b><br>\u2022 Intuitive fast-paced <b>cover system<\/b>. If the action gets too insane you can take a breather - just walk up to an object and you\u2019ll take cover with the minimum of fuss.<br>\u2022 <b>Earn perks<\/b> to pump up your experience and create your ultimate badass.<br>\u2022 Enter the <b>private server<\/b> and create your own war - your game, your rules!<br>\u2022 Kill your way across unique, <b>ultra-detailed maps<\/b> from the Refinery to the Palace.<br>\u2022 Fight, kill, die...kill again! If you are K.I.A you\u2019ll respawn straight back into the battle.<br><br>__________________________________________<br><br>Don\u2019t forget to follow us on social media:<br>Facebook: <a href=\"https:\/\/apkpure.com\/url?q=https%3A%2F%2Fwww.google.com%2Furl%3Fq%3Dhttps%253A%252F%252Fwww.facebook.com%252FShadowgun%252F%26amp%3Bsa%3DD%26amp%3Bsntz%3D1%26amp%3Busg%3DAFQjCNGTzt_q2_sF1seUyEbjcQouMHb83g\" rel=\"nofollow\" target=\"_blank\">facebook.com\/shadowgun<\/a><br>Twitter: <a href=\"https:\/\/apkpure.com\/url?q=https%3A%2F%2Fwww.google.com%2Furl%3Fq%3Dhttps%253A%252F%252Fwww.twitter.com%252Fmadfingergames%26amp%3Bsa%3DD%26amp%3Bsntz%3D1%26amp%3Busg%3DAFQjCNE0G69Hvs9IvqBbwGbKQzDX-zU2LA\" rel=\"nofollow\" target=\"_blank\">twitter.com\/madfingergames<\/a><br>YouTube: <a href=\"https:\/\/apkpure.com\/url?q=https%3A%2F%2Fwww.youtube.com%2Fmadfingergames\" rel=\"nofollow\" target=\"_blank\">youtube.com\/madfingergames<\/a><br>Twitch: <a href=\"https:\/\/apkpure.com\/url?q=https%3A%2F%2Fwww.google.com%2Furl%3Fq%3Dhttps%253A%252F%252Fwww.twitch.tv%252Fmadfingergames%26amp%3Bsa%3DD%26amp%3Bsntz%3D1%26amp%3Busg%3DAFQjCNG4Uvw72mLMAAQOfl5BGDVtjBBKxQ\" rel=\"nofollow\" target=\"_blank\">twitch.tv\/madfingergames<\/a><br><br>Got a question? Check <a href=\"https:\/\/apkpure.com\/url?q=https%3A%2F%2Fwww.google.com%2Furl%3Fq%3Dhttps%253A%252F%252Fwww.madfingergames.com%252Fsupport%26amp%3Bsa%3DD%26amp%3Bsntz%3D1%26amp%3Busg%3DAFQjCNECXLq--wdO7pJ7VGFD_iyra9vJwg\" rel=\"nofollow\" target=\"_blank\">madfingergames.com\/support<\/a>","status_identifier":"active","short_description":"Gather up your posse of friends, build a team, and kick some butt in the best looking multiplayer third person shooter for mobile. This intense online bullet fest offers the deadliest weapons in the g...","current_ratings":4.4,"categories":[{"label":"Action","value":"action"}],"screenshots":[{"id":1,"image_link":"javascript:void(0)","preview":"javascript:void(0)"},{"id":1,"image_link":"https:\/\/image.winudf.com\/v2\/image1\/Y29tLm1hZGZpbmdlcmdhbWVzLmRlYWR6b25lX3NjcmVlbl8wXzE1NDU4NzEyMTRfMDcw\/screen-0.jpg?fakeurl=1&type=.jpg","preview":"https:\/\/image.winudf.com\/v2\/image1\/Y29tLm1hZGZpbmdlcmdhbWVzLmRlYWR6b25lX3NjcmVlbl8wXzE1NDU4NzEyMTRfMDcw\/screen-0.jpg?fakeurl=1&type=.jpg"},{"id":1,"image_link":"https:\/\/image.winudf.com\/v2\/image1\/Y29tLm1hZGZpbmdlcmdhbWVzLmRlYWR6b25lX3NjcmVlbl8xXzE1NDU4NzEyMTVfMDYw\/screen-1.jpg?fakeurl=1&type=.jpg","preview":"https:\/\/image.winudf.com\/v2\/image1\/Y29tLm1hZGZpbmdlcmdhbWVzLmRlYWR6b25lX3NjcmVlbl8xXzE1NDU4NzEyMTVfMDYw\/screen-1.jpg?fakeurl=1&type=.jpg"},{"id":1,"image_link":"https:\/\/image.winudf.com\/v2\/image1\/Y29tLm1hZGZpbmdlcmdhbWVzLmRlYWR6b25lX3NjcmVlbl8yXzE1NDU4NzEyMTZfMDky\/screen-2.jpg?fakeurl=1&type=.jpg","preview":"https:\/\/image.winudf.com\/v2\/image1\/Y29tLm1hZGZpbmdlcmdhbWVzLmRlYWR6b25lX3NjcmVlbl8yXzE1NDU4NzEyMTZfMDky\/screen-2.jpg?fakeurl=1&type=.jpg"},{"id":1,"image_link":"https:\/\/image.winudf.com\/v2\/image1\/Y29tLm1hZGZpbmdlcmdhbWVzLmRlYWR6b25lX3NjcmVlbl8zXzE1NDU4NzEyMTdfMDI1\/screen-3.jpg?fakeurl=1&type=.jpg","preview":"https:\/\/image.winudf.com\/v2\/image1\/Y29tLm1hZGZpbmdlcmdhbWVzLmRlYWR6b25lX3NjcmVlbl8zXzE1NDU4NzEyMTdfMDI1\/screen-3.jpg?fakeurl=1&type=.jpg"},{"id":1,"image_link":"https:\/\/image.winudf.com\/v2\/image1\/Y29tLm1hZGZpbmdlcmdhbWVzLmRlYWR6b25lX3NjcmVlbl80XzE1NDU4NzEyMTlfMDky\/screen-4.jpg?fakeurl=1&type=.jpg","preview":"https:\/\/image.winudf.com\/v2\/image1\/Y29tLm1hZGZpbmdlcmdhbWVzLmRlYWR6b25lX3NjcmVlbl80XzE1NDU4NzEyMTlfMDky\/screen-4.jpg?fakeurl=1&type=.jpg"},{"id":1,"image_link":"https:\/\/image.winudf.com\/v2\/image1\/Y29tLm1hZGZpbmdlcmdhbWVzLmRlYWR6b25lX3NjcmVlbl81XzE1NDU4NzEyMjBfMDU0\/screen-5.jpg?fakeurl=1&type=.jpg","preview":"https:\/\/image.winudf.com\/v2\/image1\/Y29tLm1hZGZpbmdlcmdhbWVzLmRlYWR6b25lX3NjcmVlbl81XzE1NDU4NzEyMjBfMDU0\/screen-5.jpg?fakeurl=1&type=.jpg"},{"id":1,"image_link":"https:\/\/image.winudf.com\/v2\/image1\/Y29tLm1hZGZpbmdlcmdhbWVzLmRlYWR6b25lX3NjcmVlbl82XzE1NDU4NzEyMjFfMDM5\/screen-6.jpg?fakeurl=1&type=.jpg","preview":"https:\/\/image.winudf.com\/v2\/image1\/Y29tLm1hZGZpbmdlcmdhbWVzLmRlYWR6b25lX3NjcmVlbl82XzE1NDU4NzEyMjFfMDM5\/screen-6.jpg?fakeurl=1&type=.jpg"},{"id":1,"image_link":"https:\/\/image.winudf.com\/v2\/image1\/Y29tLm1hZGZpbmdlcmdhbWVzLmRlYWR6b25lX3NjcmVlbl83XzE1NDU4NzEyMjJfMDU5\/screen-7.jpg?fakeurl=1&type=.jpg","preview":"https:\/\/image.winudf.com\/v2\/image1\/Y29tLm1hZGZpbmdlcmdhbWVzLmRlYWR6b25lX3NjcmVlbl83XzE1NDU4NzEyMjJfMDU5\/screen-7.jpg?fakeurl=1&type=.jpg"},{"id":1,"image_link":"https:\/\/image.winudf.com\/v2\/image1\/Y29tLm1hZGZpbmdlcmdhbWVzLmRlYWR6b25lX3NjcmVlbl84XzE1NDU4NzEyMjNfMDQ5\/screen-8.jpg?fakeurl=1&type=.jpg","preview":"https:\/\/image.winudf.com\/v2\/image1\/Y29tLm1hZGZpbmdlcmdhbWVzLmRlYWR6b25lX3NjcmVlbl84XzE1NDU4NzEyMjNfMDQ5\/screen-8.jpg?fakeurl=1&type=.jpg"},{"id":1,"image_link":"https:\/\/image.winudf.com\/v2\/image1\/Y29tLm1hZGZpbmdlcmdhbWVzLmRlYWR6b25lX3NjcmVlbl85XzE1NDU4NzEyMjRfMDI0\/screen-9.jpg?fakeurl=1&type=.jpg","preview":"https:\/\/image.winudf.com\/v2\/image1\/Y29tLm1hZGZpbmdlcmdhbWVzLmRlYWR6b25lX3NjcmVlbl85XzE1NDU4NzEyMjRfMDI0\/screen-9.jpg?fakeurl=1&type=.jpg"},{"id":1,"image_link":"https:\/\/image.winudf.com\/v2\/image1\/Y29tLm1hZGZpbmdlcmdhbWVzLmRlYWR6b25lX3NjcmVlbl8xMF8xNTQ1ODcxMjI1XzA4MA\/screen-10.jpg?fakeurl=1&type=.jpg","preview":"https:\/\/image.winudf.com\/v2\/image1\/Y29tLm1hZGZpbmdlcmdhbWVzLmRlYWR6b25lX3NjcmVlbl8xMF8xNTQ1ODcxMjI1XzA4MA\/screen-10.jpg?fakeurl=1&type=.jpg"},{"id":1,"image_link":"https:\/\/image.winudf.com\/v2\/image1\/Y29tLm1hZGZpbmdlcmdhbWVzLmRlYWR6b25lX3NjcmVlbl8xMV8xNTQ1ODcxMjMxXzA5NA\/screen-11.jpg?fakeurl=1&type=.jpg","preview":"https:\/\/image.winudf.com\/v2\/image1\/Y29tLm1hZGZpbmdlcmdhbWVzLmRlYWR6b25lX3NjcmVlbl8xMV8xNTQ1ODcxMjMxXzA5NA\/screen-11.jpg?fakeurl=1&type=.jpg"},{"id":1,"image_link":"https:\/\/image.winudf.com\/v2\/image1\/Y29tLm1hZGZpbmdlcmdhbWVzLmRlYWR6b25lX3NjcmVlbl8xMl8xNTQ1ODcxMjMyXzA2MQ\/screen-12.jpg?fakeurl=1&type=.jpg","preview":"https:\/\/image.winudf.com\/v2\/image1\/Y29tLm1hZGZpbmdlcmdhbWVzLmRlYWR6b25lX3NjcmVlbl8xMl8xNTQ1ODcxMjMyXzA2MQ\/screen-12.jpg?fakeurl=1&type=.jpg"},{"id":1,"image_link":"https:\/\/image.winudf.com\/v2\/image1\/Y29tLm1hZGZpbmdlcmdhbWVzLmRlYWR6b25lX3NjcmVlbl8xM18xNTQ1ODcxMjMzXzA3OQ\/screen-13.jpg?fakeurl=1&type=.jpg","preview":"https:\/\/image.winudf.com\/v2\/image1\/Y29tLm1hZGZpbmdlcmdhbWVzLmRlYWR6b25lX3NjcmVlbl8xM18xNTQ1ODcxMjMzXzA3OQ\/screen-13.jpg?fakeurl=1&type=.jpg"},{"id":1,"image_link":"https:\/\/image.winudf.com\/v2\/image1\/Y29tLm1hZGZpbmdlcmdhbWVzLmRlYWR6b25lX3NjcmVlbl8xNF8xNTQ1ODcxMjM0XzA3MA\/screen-14.jpg?fakeurl=1&type=.jpg","preview":"https:\/\/image.winudf.com\/v2\/image1\/Y29tLm1hZGZpbmdlcmdhbWVzLmRlYWR6b25lX3NjcmVlbl8xNF8xNTQ1ODcxMjM0XzA3MA\/screen-14.jpg?fakeurl=1&type=.jpg"}],"screenshot_previews":[{"id":1,"image_link":"javascript:void(0)","preview":"javascript:void(0)"},{"id":1,"image_link":"https:\/\/image.winudf.com\/v2\/image1\/Y29tLm1hZGZpbmdlcmdhbWVzLmRlYWR6b25lX3NjcmVlbl8wXzE1NDU4NzEyMTRfMDcw\/screen-0.jpg?fakeurl=1&type=.jpg","preview":"https:\/\/image.winudf.com\/v2\/image1\/Y29tLm1hZGZpbmdlcmdhbWVzLmRlYWR6b25lX3NjcmVlbl8wXzE1NDU4NzEyMTRfMDcw\/screen-0.jpg?fakeurl=1&type=.jpg"},{"id":1,"image_link":"https:\/\/image.winudf.com\/v2\/image1\/Y29tLm1hZGZpbmdlcmdhbWVzLmRlYWR6b25lX3NjcmVlbl8xXzE1NDU4NzEyMTVfMDYw\/screen-1.jpg?fakeurl=1&type=.jpg","preview":"https:\/\/image.winudf.com\/v2\/image1\/Y29tLm1hZGZpbmdlcmdhbWVzLmRlYWR6b25lX3NjcmVlbl8xXzE1NDU4NzEyMTVfMDYw\/screen-1.jpg?fakeurl=1&type=.jpg"},{"id":1,"image_link":"https:\/\/image.winudf.com\/v2\/image1\/Y29tLm1hZGZpbmdlcmdhbWVzLmRlYWR6b25lX3NjcmVlbl8yXzE1NDU4NzEyMTZfMDky\/screen-2.jpg?fakeurl=1&type=.jpg","preview":"https:\/\/image.winudf.com\/v2\/image1\/Y29tLm1hZGZpbmdlcmdhbWVzLmRlYWR6b25lX3NjcmVlbl8yXzE1NDU4NzEyMTZfMDky\/screen-2.jpg?fakeurl=1&type=.jpg"},{"id":1,"image_link":"https:\/\/image.winudf.com\/v2\/image1\/Y29tLm1hZGZpbmdlcmdhbWVzLmRlYWR6b25lX3NjcmVlbl8zXzE1NDU4NzEyMTdfMDI1\/screen-3.jpg?fakeurl=1&type=.jpg","preview":"https:\/\/image.winudf.com\/v2\/image1\/Y29tLm1hZGZpbmdlcmdhbWVzLmRlYWR6b25lX3NjcmVlbl8zXzE1NDU4NzEyMTdfMDI1\/screen-3.jpg?fakeurl=1&type=.jpg"},{"id":1,"image_link":"https:\/\/image.winudf.com\/v2\/image1\/Y29tLm1hZGZpbmdlcmdhbWVzLmRlYWR6b25lX3NjcmVlbl80XzE1NDU4NzEyMTlfMDky\/screen-4.jpg?fakeurl=1&type=.jpg","preview":"https:\/\/image.winudf.com\/v2\/image1\/Y29tLm1hZGZpbmdlcmdhbWVzLmRlYWR6b25lX3NjcmVlbl80XzE1NDU4NzEyMTlfMDky\/screen-4.jpg?fakeurl=1&type=.jpg"},{"id":1,"image_link":"https:\/\/image.winudf.com\/v2\/image1\/Y29tLm1hZGZpbmdlcmdhbWVzLmRlYWR6b25lX3NjcmVlbl81XzE1NDU4NzEyMjBfMDU0\/screen-5.jpg?fakeurl=1&type=.jpg","preview":"https:\/\/image.winudf.com\/v2\/image1\/Y29tLm1hZGZpbmdlcmdhbWVzLmRlYWR6b25lX3NjcmVlbl81XzE1NDU4NzEyMjBfMDU0\/screen-5.jpg?fakeurl=1&type=.jpg"},{"id":1,"image_link":"https:\/\/image.winudf.com\/v2\/image1\/Y29tLm1hZGZpbmdlcmdhbWVzLmRlYWR6b25lX3NjcmVlbl82XzE1NDU4NzEyMjFfMDM5\/screen-6.jpg?fakeurl=1&type=.jpg","preview":"https:\/\/image.winudf.com\/v2\/image1\/Y29tLm1hZGZpbmdlcmdhbWVzLmRlYWR6b25lX3NjcmVlbl82XzE1NDU4NzEyMjFfMDM5\/screen-6.jpg?fakeurl=1&type=.jpg"},{"id":1,"image_link":"https:\/\/image.winudf.com\/v2\/image1\/Y29tLm1hZGZpbmdlcmdhbWVzLmRlYWR6b25lX3NjcmVlbl83XzE1NDU4NzEyMjJfMDU5\/screen-7.jpg?fakeurl=1&type=.jpg","preview":"https:\/\/image.winudf.com\/v2\/image1\/Y29tLm1hZGZpbmdlcmdhbWVzLmRlYWR6b25lX3NjcmVlbl83XzE1NDU4NzEyMjJfMDU5\/screen-7.jpg?fakeurl=1&type=.jpg"},{"id":1,"image_link":"https:\/\/image.winudf.com\/v2\/image1\/Y29tLm1hZGZpbmdlcmdhbWVzLmRlYWR6b25lX3NjcmVlbl84XzE1NDU4NzEyMjNfMDQ5\/screen-8.jpg?fakeurl=1&type=.jpg","preview":"https:\/\/image.winudf.com\/v2\/image1\/Y29tLm1hZGZpbmdlcmdhbWVzLmRlYWR6b25lX3NjcmVlbl84XzE1NDU4NzEyMjNfMDQ5\/screen-8.jpg?fakeurl=1&type=.jpg"},{"id":1,"image_link":"https:\/\/image.winudf.com\/v2\/image1\/Y29tLm1hZGZpbmdlcmdhbWVzLmRlYWR6b25lX3NjcmVlbl85XzE1NDU4NzEyMjRfMDI0\/screen-9.jpg?fakeurl=1&type=.jpg","preview":"https:\/\/image.winudf.com\/v2\/image1\/Y29tLm1hZGZpbmdlcmdhbWVzLmRlYWR6b25lX3NjcmVlbl85XzE1NDU4NzEyMjRfMDI0\/screen-9.jpg?fakeurl=1&type=.jpg"},{"id":1,"image_link":"https:\/\/image.winudf.com\/v2\/image1\/Y29tLm1hZGZpbmdlcmdhbWVzLmRlYWR6b25lX3NjcmVlbl8xMF8xNTQ1ODcxMjI1XzA4MA\/screen-10.jpg?fakeurl=1&type=.jpg","preview":"https:\/\/image.winudf.com\/v2\/image1\/Y29tLm1hZGZpbmdlcmdhbWVzLmRlYWR6b25lX3NjcmVlbl8xMF8xNTQ1ODcxMjI1XzA4MA\/screen-10.jpg?fakeurl=1&type=.jpg"},{"id":1,"image_link":"https:\/\/image.winudf.com\/v2\/image1\/Y29tLm1hZGZpbmdlcmdhbWVzLmRlYWR6b25lX3NjcmVlbl8xMV8xNTQ1ODcxMjMxXzA5NA\/screen-11.jpg?fakeurl=1&type=.jpg","preview":"https:\/\/image.winudf.com\/v2\/image1\/Y29tLm1hZGZpbmdlcmdhbWVzLmRlYWR6b25lX3NjcmVlbl8xMV8xNTQ1ODcxMjMxXzA5NA\/screen-11.jpg?fakeurl=1&type=.jpg"},{"id":1,"image_link":"https:\/\/image.winudf.com\/v2\/image1\/Y29tLm1hZGZpbmdlcmdhbWVzLmRlYWR6b25lX3NjcmVlbl8xMl8xNTQ1ODcxMjMyXzA2MQ\/screen-12.jpg?fakeurl=1&type=.jpg","preview":"https:\/\/image.winudf.com\/v2\/image1\/Y29tLm1hZGZpbmdlcmdhbWVzLmRlYWR6b25lX3NjcmVlbl8xMl8xNTQ1ODcxMjMyXzA2MQ\/screen-12.jpg?fakeurl=1&type=.jpg"},{"id":1,"image_link":"https:\/\/image.winudf.com\/v2\/image1\/Y29tLm1hZGZpbmdlcmdhbWVzLmRlYWR6b25lX3NjcmVlbl8xM18xNTQ1ODcxMjMzXzA3OQ\/screen-13.jpg?fakeurl=1&type=.jpg","preview":"https:\/\/image.winudf.com\/v2\/image1\/Y29tLm1hZGZpbmdlcmdhbWVzLmRlYWR6b25lX3NjcmVlbl8xM18xNTQ1ODcxMjMzXzA3OQ\/screen-13.jpg?fakeurl=1&type=.jpg"},{"id":1,"image_link":"https:\/\/image.winudf.com\/v2\/image1\/Y29tLm1hZGZpbmdlcmdhbWVzLmRlYWR6b25lX3NjcmVlbl8xNF8xNTQ1ODcxMjM0XzA3MA\/screen-14.jpg?fakeurl=1&type=.jpg","preview":"https:\/\/image.winudf.com\/v2\/image1\/Y29tLm1hZGZpbmdlcmdhbWVzLmRlYWR6b25lX3NjcmVlbl8xNF8xNTQ1ODcxMjM0XzA3MA\/screen-14.jpg?fakeurl=1&type=.jpg"}],"total_ratings":881630,"developer":"MADFINGER Games","developer_url":"https:\/\/play.google.com\/store\/apps\/developer?id=MADFINGER Games","tags":["Action"],"versions":[{"identifier":"2.10.0","download_link":"https:\/\/apkpure.com#","is_link_external":1}],"more_details":[{"title":"Latest Version","identifier":"latest_version","value":"2.10.0 "},{"title":"Publish Date","identifier":"published_date","value":"2018-12-27"},{"title":"Requirement","identifier":"required_android","value":"Android 4.1+"}],"seo_title":"SHADOWGUN: DEADZONE","seo_keyword":"SHADOWGUN: DEADZONE, SHADOWGUN: DEADZONE for android, SHADOWGUN: DEADZONE android download, SHADOWGUN: DEADZONE apk, SHADOWGUN: DEADZONE android apk, SHADOWGUN: DEADZONE download","seo_description":"Download SHADOWGUN: DEADZONE apk 2.10.0 for Android. PVP multiplayer third person shooting game with unrivaled console like graphics."}