{"app_id":"com.dewmobile.kuaiya.play","value":"com.dewmobile.kuaiya.play","title":"Zapya","label":"Zapya","slug":"zapya","app_image_url":"https:\/\/image.winudf.com\/v2\/image1\/Y29tLmRld21vYmlsZS5rdWFpeWEucGxheV9pY29uXzE1NTUzMjEwMjVfMDg1\/icon.png?w=170&fakeurl=1","app_link":"https:\/\/play.google.com\/store\/apps\/details?id=com.dewmobile.kuaiya.play","description":"<b>Share files using QR codes, watch the hottest short videos, and talk with your friends using the best file sharing application that is <b><font color=\"#44d804\"><b>free<\/b><\/font><\/b> to use and supports all platforms! <\/b><br><br>Need to share files but have no Internet connection? No problem! <b><font color=\"#ff0a0a\"><b>Zapya<\/b><\/font><\/b> allows you to transfer files from Android phones, iPhones, and PC <b><font color=\"#1bfced\">without using Wi-Fi or mobile data.<\/font><\/b> Not only is <b><font color=\"#ff0a0a\"><b>Zapya<\/b><\/font><\/b> easy to use and there is no cost to the user, it also <b><font color=\"#bf03b2\"><b><b>supports 20 languages.<\/b><\/b><\/font><\/b> File transfering has never been easier!\u00a0<br><br>Start sharing files with those around you using one of the three simple ways to transfer available on <b><font color=\"#ff0a0a\"><b>Zapya<\/b><\/font><\/b>. <b><font color=\"#edd609\">Create a group<\/font><\/b> and invite others to join it, generate a <b><font color=\"#0055ff\">personalized QR code<\/font><\/b> for others to scan, or simply <b><font color=\"#ff56c4\">send files to those nearby.<\/font><\/b><br><br><br><b>Additional Features<\/b><br><br> \u26a1<b>Video Discovery<\/b><br>Discover and watch the hottest short videos shared by other users. <br><br>\u26a1 <b> Phone Replication<\/b><br>Backup and easily transfer all of the files on your old device to a new one. To use this feature, you must grant permission to access call log (CALL_LOG prompt) and to read phone state (READ_PHONE_STATE prompt).<br> <br>\u26a1<b>Offline Chat<\/b><br>Chat and share media with friends nearby without having to use Internet or data.<br> <br>\u26a1<b>QR Code Sharing<\/b><br>Use QR codes to connect devices and share files! It makes life so much easier. <br><br>\u26a1<b> Group Sharing &amp; More<\/b><br>Not only can you share files with multiple people, you can also chat together using the instant messenger feature and see what your friend\u2019s phone\u2019s camera sees on your device using the remote camera feature. <br><br>\u26a1<b> Install All Option<\/b><br>Got a new phone and just want to install all of the popular apps or your saved apps? Copy the APK files from another phone or PC to the new phone. Go to \u201cLocal\u201d, then \u201cFiles\u201d, and then to \u201cApps\u201d. Select all of the apps you want to install and then simply click \u201cInstall All\u201d. It saves time!<br><br>\u26a1<b>Mac &amp; PC Support<\/b><br>Use your phone to backup files to your Mac or PC and use it as a wireless mouse when you are giving a presentation (PPT, etc.). <br><br><br>\u2713<b>Supported Platforms<\/b><br>Android\uff08versions 4.0 to 9.0\uff09, iOS, Windows XP\/7\/8\/10, Mac OSX, Windows Phone 8.1 and 10, and Web browser<br><br>\u2713<b>Supported Languages<\/b><br>English (Default), Chinese (Simplified &amp; Traditional), Hindi, Spanish, Arabic, Thai, Burmese, Indonesian (Bahasa), Italian, Vietnamese, Russian, Persian, Tamil, Malayalam, Telegu, Malay, Turkish, Korean, and Portuguese.<br><br><b>Connect with us:<\/b><br>Facebook: https:\/\/www.facebook.com\/izapya\/<br>Twitter: https:\/\/twitter.com\/zapya_official<br>Google+: https:\/\/plus.google.com\/+Zapya<br>Blog: www.enjoyzapya.com<br>Website: www.izapya.com","status_identifier":"active","short_description":"Share files using QR codes, watch the hottest short videos, and talk with your friends using the best file sharing application that is free to use and supports all platforms! Need to share files but h...","current_ratings":4.65,"categories":[{"label":"Tools","value":"tools"}],"screenshots":[{"id":1,"image_link":"javascript:void(0)","preview":"javascript:void(0)"},{"id":1,"image_link":"https:\/\/image.winudf.com\/v2\/image1\/Y29tLmRld21vYmlsZS5rdWFpeWEucGxheV9zY3JlZW5fMF8xNTU1MzIxMDI1XzA3MQ\/screen-0.jpg?fakeurl=1&type=.jpg","preview":"https:\/\/image.winudf.com\/v2\/image1\/Y29tLmRld21vYmlsZS5rdWFpeWEucGxheV9zY3JlZW5fMF8xNTU1MzIxMDI1XzA3MQ\/screen-0.jpg?fakeurl=1&type=.jpg"},{"id":1,"image_link":"https:\/\/image.winudf.com\/v2\/image1\/Y29tLmRld21vYmlsZS5rdWFpeWEucGxheV9zY3JlZW5fMV8xNTU1MzIxMDI1XzA3MQ\/screen-1.jpg?fakeurl=1&type=.jpg","preview":"https:\/\/image.winudf.com\/v2\/image1\/Y29tLmRld21vYmlsZS5rdWFpeWEucGxheV9zY3JlZW5fMV8xNTU1MzIxMDI1XzA3MQ\/screen-1.jpg?fakeurl=1&type=.jpg"},{"id":1,"image_link":"https:\/\/image.winudf.com\/v2\/image1\/Y29tLmRld21vYmlsZS5rdWFpeWEucGxheV9zY3JlZW5fMl8xNTU1MzIxMDI2XzA5Nw\/screen-2.jpg?fakeurl=1&type=.jpg","preview":"https:\/\/image.winudf.com\/v2\/image1\/Y29tLmRld21vYmlsZS5rdWFpeWEucGxheV9zY3JlZW5fMl8xNTU1MzIxMDI2XzA5Nw\/screen-2.jpg?fakeurl=1&type=.jpg"},{"id":1,"image_link":"https:\/\/image.winudf.com\/v2\/image1\/Y29tLmRld21vYmlsZS5rdWFpeWEucGxheV9zY3JlZW5fM18xNTU1MzIxMDI2XzA5OA\/screen-3.jpg?fakeurl=1&type=.jpg","preview":"https:\/\/image.winudf.com\/v2\/image1\/Y29tLmRld21vYmlsZS5rdWFpeWEucGxheV9zY3JlZW5fM18xNTU1MzIxMDI2XzA5OA\/screen-3.jpg?fakeurl=1&type=.jpg"},{"id":1,"image_link":"https:\/\/image.winudf.com\/v2\/image1\/Y29tLmRld21vYmlsZS5rdWFpeWEucGxheV9zY3JlZW5fNF8xNTU1MzIxMDI2XzA4MA\/screen-4.jpg?fakeurl=1&type=.jpg","preview":"https:\/\/image.winudf.com\/v2\/image1\/Y29tLmRld21vYmlsZS5rdWFpeWEucGxheV9zY3JlZW5fNF8xNTU1MzIxMDI2XzA4MA\/screen-4.jpg?fakeurl=1&type=.jpg"},{"id":1,"image_link":"https:\/\/image.winudf.com\/v2\/image1\/Y29tLmRld21vYmlsZS5rdWFpeWEucGxheV9zY3JlZW5fNV8xNTU1MzIxMDI2XzA3Mg\/screen-5.jpg?fakeurl=1&type=.jpg","preview":"https:\/\/image.winudf.com\/v2\/image1\/Y29tLmRld21vYmlsZS5rdWFpeWEucGxheV9zY3JlZW5fNV8xNTU1MzIxMDI2XzA3Mg\/screen-5.jpg?fakeurl=1&type=.jpg"},{"id":1,"image_link":"https:\/\/image.winudf.com\/v2\/image1\/Y29tLmRld21vYmlsZS5rdWFpeWEucGxheV9zY3JlZW5fNl8xNTU1MzIxMDI3XzA5NQ\/screen-6.jpg?fakeurl=1&type=.jpg","preview":"https:\/\/image.winudf.com\/v2\/image1\/Y29tLmRld21vYmlsZS5rdWFpeWEucGxheV9zY3JlZW5fNl8xNTU1MzIxMDI3XzA5NQ\/screen-6.jpg?fakeurl=1&type=.jpg"},{"id":1,"image_link":"https:\/\/image.winudf.com\/v2\/image1\/Y29tLmRld21vYmlsZS5rdWFpeWEucGxheV9zY3JlZW5fN18xNTU1MzIxMDI3XzA4MQ\/screen-7.jpg?fakeurl=1&type=.jpg","preview":"https:\/\/image.winudf.com\/v2\/image1\/Y29tLmRld21vYmlsZS5rdWFpeWEucGxheV9zY3JlZW5fN18xNTU1MzIxMDI3XzA4MQ\/screen-7.jpg?fakeurl=1&type=.jpg"}],"screenshot_previews":[{"id":1,"image_link":"javascript:void(0)","preview":"javascript:void(0)"},{"id":1,"image_link":"https:\/\/image.winudf.com\/v2\/image1\/Y29tLmRld21vYmlsZS5rdWFpeWEucGxheV9zY3JlZW5fMF8xNTU1MzIxMDI1XzA3MQ\/screen-0.jpg?fakeurl=1&type=.jpg","preview":"https:\/\/image.winudf.com\/v2\/image1\/Y29tLmRld21vYmlsZS5rdWFpeWEucGxheV9zY3JlZW5fMF8xNTU1MzIxMDI1XzA3MQ\/screen-0.jpg?fakeurl=1&type=.jpg"},{"id":1,"image_link":"https:\/\/image.winudf.com\/v2\/image1\/Y29tLmRld21vYmlsZS5rdWFpeWEucGxheV9zY3JlZW5fMV8xNTU1MzIxMDI1XzA3MQ\/screen-1.jpg?fakeurl=1&type=.jpg","preview":"https:\/\/image.winudf.com\/v2\/image1\/Y29tLmRld21vYmlsZS5rdWFpeWEucGxheV9zY3JlZW5fMV8xNTU1MzIxMDI1XzA3MQ\/screen-1.jpg?fakeurl=1&type=.jpg"},{"id":1,"image_link":"https:\/\/image.winudf.com\/v2\/image1\/Y29tLmRld21vYmlsZS5rdWFpeWEucGxheV9zY3JlZW5fMl8xNTU1MzIxMDI2XzA5Nw\/screen-2.jpg?fakeurl=1&type=.jpg","preview":"https:\/\/image.winudf.com\/v2\/image1\/Y29tLmRld21vYmlsZS5rdWFpeWEucGxheV9zY3JlZW5fMl8xNTU1MzIxMDI2XzA5Nw\/screen-2.jpg?fakeurl=1&type=.jpg"},{"id":1,"image_link":"https:\/\/image.winudf.com\/v2\/image1\/Y29tLmRld21vYmlsZS5rdWFpeWEucGxheV9zY3JlZW5fM18xNTU1MzIxMDI2XzA5OA\/screen-3.jpg?fakeurl=1&type=.jpg","preview":"https:\/\/image.winudf.com\/v2\/image1\/Y29tLmRld21vYmlsZS5rdWFpeWEucGxheV9zY3JlZW5fM18xNTU1MzIxMDI2XzA5OA\/screen-3.jpg?fakeurl=1&type=.jpg"},{"id":1,"image_link":"https:\/\/image.winudf.com\/v2\/image1\/Y29tLmRld21vYmlsZS5rdWFpeWEucGxheV9zY3JlZW5fNF8xNTU1MzIxMDI2XzA4MA\/screen-4.jpg?fakeurl=1&type=.jpg","preview":"https:\/\/image.winudf.com\/v2\/image1\/Y29tLmRld21vYmlsZS5rdWFpeWEucGxheV9zY3JlZW5fNF8xNTU1MzIxMDI2XzA4MA\/screen-4.jpg?fakeurl=1&type=.jpg"},{"id":1,"image_link":"https:\/\/image.winudf.com\/v2\/image1\/Y29tLmRld21vYmlsZS5rdWFpeWEucGxheV9zY3JlZW5fNV8xNTU1MzIxMDI2XzA3Mg\/screen-5.jpg?fakeurl=1&type=.jpg","preview":"https:\/\/image.winudf.com\/v2\/image1\/Y29tLmRld21vYmlsZS5rdWFpeWEucGxheV9zY3JlZW5fNV8xNTU1MzIxMDI2XzA3Mg\/screen-5.jpg?fakeurl=1&type=.jpg"},{"id":1,"image_link":"https:\/\/image.winudf.com\/v2\/image1\/Y29tLmRld21vYmlsZS5rdWFpeWEucGxheV9zY3JlZW5fNl8xNTU1MzIxMDI3XzA5NQ\/screen-6.jpg?fakeurl=1&type=.jpg","preview":"https:\/\/image.winudf.com\/v2\/image1\/Y29tLmRld21vYmlsZS5rdWFpeWEucGxheV9zY3JlZW5fNl8xNTU1MzIxMDI3XzA5NQ\/screen-6.jpg?fakeurl=1&type=.jpg"},{"id":1,"image_link":"https:\/\/image.winudf.com\/v2\/image1\/Y29tLmRld21vYmlsZS5rdWFpeWEucGxheV9zY3JlZW5fN18xNTU1MzIxMDI3XzA4MQ\/screen-7.jpg?fakeurl=1&type=.jpg","preview":"https:\/\/image.winudf.com\/v2\/image1\/Y29tLmRld21vYmlsZS5rdWFpeWEucGxheV9zY3JlZW5fN18xNTU1MzIxMDI3XzA4MQ\/screen-7.jpg?fakeurl=1&type=.jpg"}],"total_ratings":1633955,"developer":"Dewmobile, Inc.","developer_url":"https:\/\/play.google.com\/store\/apps\/developer?id=Dewmobile, Inc.","tags":[],"versions":[{"identifier":"5.8 (US)","download_link":"https:\/\/apkpure.com\/zapya-file-transfer-sharing-music-playlist\/com.dewmobile.kuaiya.play\/download?from=details","is_link_external":1}],"more_details":[{"title":"Latest Version","identifier":"latest_version","value":"5.8 (US) "},{"title":"Publish Date","identifier":"published_date","value":"2019-06-16"},{"title":"Requirement","identifier":"required_android","value":"Android 4.1+"}],"seo_title":"Zapya","seo_keyword":"Zapya, Zapya for android, Zapya android download, Zapya apk, Zapya android apk, Zapya download","seo_description":"Download Zapya apk 5.8 (US) for Android. Zapya: The fastest cross-platform file transfer tool. Sharing File! Sharing Fun!"}