{"app_id":"com.application.zomato","value":"com.application.zomato","title":"Zomato","label":"Zomato","slug":"zomato","app_image_url":"https:\/\/image.winudf.com\/v2\/image1\/Y29tLmFwcGxpY2F0aW9uLnpvbWF0b19pY29uXzE1NTc2MDI2NjFfMDcx\/icon.png?w=170&fakeurl=1","app_link":"https:\/\/play.google.com\/store\/apps\/details?id=com.application.zomato","description":"Zomato lets you search for and discover restaurants to eat out at or order in from. Browse through restaurant menus, photos, user reviews and ratings to decide where you want to eat, and use the map feature to guide you there.<br><br>If you are in India, UAE, or Lebanon, you can also order food online for delivery, with thousands of great food delivery restaurants to choose from.<br><br>Features:<br>* Search easily for Restaurants, Cafes, Pubs and Bars by location, cuisine (e.g. Chinese, Italian, Indian), name (e.g. Starbucks, Domino's Pizza, Amaya).<br>* Explore every restaurant in your city, including the ones near your current location, and use search filters to find the one that suits you best.<br>* View menus, pictures, phone numbers, directions, user reviews, and all the other information you need to choose a restaurant for Dine Out, Food Delivery, Nightlife, or Takeaway.<br>* Browse our theme-based curated lists to discover places for the best burgers, perfect date spots, or the top trending restaurants.<br>* Rate and review restaurants you've been to, and share photos of your foodie moments directly from the app.<br>* Maintain an easy reference list of your favorites or places you want to visit with Bookmarks.<br>* Use the map view to explore restaurants around you, or draw a circle to search in a specific area.<br>* Find and follow your friends to see where they're eating and what they like.<br>* Journal the restaurants you eat at using your Dineline.<br>* In-app table booking (select locations) \u2013 you can view and book yourself a table at all partner restaurants.<br><br>Permissions Requested:<br>* Camera - To take photos of food and restaurants for reviews.<br>* Contacts - To get your Google account information for signing in Zomato via Google.<br>* Location - To identify your location and show the restaurants closest to you.<br>* Phone - To make calls to the restaurant directly from the Restaurant listing.<br>* SMS - To read OTP required for phone number verification while placing an Online Order.<br>* Storage - To store photos captured by you and to access photos to be published with your reviews. <br>* Phone state - To identify cellular network information for optimising performance on low bandwidth network.<br><br><br>Zomato is now available in over 10,000 cities across India, the <br>USA, Australia, the UK, UAE, Canada, Ireland, New Zealand, South Africa, Portugal, the Philippines, Indonesia, Turkey, the Czech Republic, Slovakia, Poland, Chile, Italy, Lebanon, Brazil, Sri Lanka, and Qatar. More locations coming very soon.<br><br>USA, Australia, and Canada \u2013 we were previously called Urbanspoon in your countries.","status_identifier":"active","short_description":"Zomato lets you search for and discover restaurants to eat out at or order in from. Browse through restaurant menus, photos, user reviews and ratings to decide where you want to eat, and use the map f...","current_ratings":4.1,"categories":[{"label":"Food & Drink","value":"food_drink"}],"screenshots":[{"id":1,"image_link":"https:\/\/image.winudf.com\/v2\/image1\/Y29tLmFwcGxpY2F0aW9uLnpvbWF0b19zY3JlZW5fMF8xNTU1NDgxNzE5XzA5Ng\/screen-0.jpg?fakeurl=1&type=.jpg","preview":"https:\/\/image.winudf.com\/v2\/image1\/Y29tLmFwcGxpY2F0aW9uLnpvbWF0b19zY3JlZW5fMF8xNTU1NDgxNzE5XzA5Ng\/screen-0.jpg?fakeurl=1&type=.jpg"},{"id":1,"image_link":"https:\/\/image.winudf.com\/v2\/image1\/Y29tLmFwcGxpY2F0aW9uLnpvbWF0b19zY3JlZW5fMV8xNTU1NDgxNzIwXzA0Mw\/screen-1.jpg?fakeurl=1&type=.jpg","preview":"https:\/\/image.winudf.com\/v2\/image1\/Y29tLmFwcGxpY2F0aW9uLnpvbWF0b19zY3JlZW5fMV8xNTU1NDgxNzIwXzA0Mw\/screen-1.jpg?fakeurl=1&type=.jpg"},{"id":1,"image_link":"https:\/\/image.winudf.com\/v2\/image1\/Y29tLmFwcGxpY2F0aW9uLnpvbWF0b19zY3JlZW5fMl8xNTU1NDgxNzIwXzAxMg\/screen-2.jpg?fakeurl=1&type=.jpg","preview":"https:\/\/image.winudf.com\/v2\/image1\/Y29tLmFwcGxpY2F0aW9uLnpvbWF0b19zY3JlZW5fMl8xNTU1NDgxNzIwXzAxMg\/screen-2.jpg?fakeurl=1&type=.jpg"},{"id":1,"image_link":"https:\/\/image.winudf.com\/v2\/image1\/Y29tLmFwcGxpY2F0aW9uLnpvbWF0b19zY3JlZW5fM18xNTU1NDgxNzIwXzAwNA\/screen-3.jpg?fakeurl=1&type=.jpg","preview":"https:\/\/image.winudf.com\/v2\/image1\/Y29tLmFwcGxpY2F0aW9uLnpvbWF0b19zY3JlZW5fM18xNTU1NDgxNzIwXzAwNA\/screen-3.jpg?fakeurl=1&type=.jpg"},{"id":1,"image_link":"https:\/\/image.winudf.com\/v2\/image1\/Y29tLmFwcGxpY2F0aW9uLnpvbWF0b19zY3JlZW5fNF8xNTU1NDgxNzIxXzA0MA\/screen-4.jpg?fakeurl=1&type=.jpg","preview":"https:\/\/image.winudf.com\/v2\/image1\/Y29tLmFwcGxpY2F0aW9uLnpvbWF0b19zY3JlZW5fNF8xNTU1NDgxNzIxXzA0MA\/screen-4.jpg?fakeurl=1&type=.jpg"},{"id":1,"image_link":"https:\/\/image.winudf.com\/v2\/image1\/Y29tLmFwcGxpY2F0aW9uLnpvbWF0b19zY3JlZW5fNV8xNTU1NDgxNzIxXzA5NQ\/screen-5.jpg?fakeurl=1&type=.jpg","preview":"https:\/\/image.winudf.com\/v2\/image1\/Y29tLmFwcGxpY2F0aW9uLnpvbWF0b19zY3JlZW5fNV8xNTU1NDgxNzIxXzA5NQ\/screen-5.jpg?fakeurl=1&type=.jpg"},{"id":1,"image_link":"https:\/\/image.winudf.com\/v2\/image1\/Y29tLmFwcGxpY2F0aW9uLnpvbWF0b19zY3JlZW5fNl8xNTU1NDgxNzIxXzAzNQ\/screen-6.jpg?fakeurl=1&type=.jpg","preview":"https:\/\/image.winudf.com\/v2\/image1\/Y29tLmFwcGxpY2F0aW9uLnpvbWF0b19zY3JlZW5fNl8xNTU1NDgxNzIxXzAzNQ\/screen-6.jpg?fakeurl=1&type=.jpg"}],"screenshot_previews":[{"id":1,"image_link":"https:\/\/image.winudf.com\/v2\/image1\/Y29tLmFwcGxpY2F0aW9uLnpvbWF0b19zY3JlZW5fMF8xNTU1NDgxNzE5XzA5Ng\/screen-0.jpg?fakeurl=1&type=.jpg","preview":"https:\/\/image.winudf.com\/v2\/image1\/Y29tLmFwcGxpY2F0aW9uLnpvbWF0b19zY3JlZW5fMF8xNTU1NDgxNzE5XzA5Ng\/screen-0.jpg?fakeurl=1&type=.jpg"},{"id":1,"image_link":"https:\/\/image.winudf.com\/v2\/image1\/Y29tLmFwcGxpY2F0aW9uLnpvbWF0b19zY3JlZW5fMV8xNTU1NDgxNzIwXzA0Mw\/screen-1.jpg?fakeurl=1&type=.jpg","preview":"https:\/\/image.winudf.com\/v2\/image1\/Y29tLmFwcGxpY2F0aW9uLnpvbWF0b19zY3JlZW5fMV8xNTU1NDgxNzIwXzA0Mw\/screen-1.jpg?fakeurl=1&type=.jpg"},{"id":1,"image_link":"https:\/\/image.winudf.com\/v2\/image1\/Y29tLmFwcGxpY2F0aW9uLnpvbWF0b19zY3JlZW5fMl8xNTU1NDgxNzIwXzAxMg\/screen-2.jpg?fakeurl=1&type=.jpg","preview":"https:\/\/image.winudf.com\/v2\/image1\/Y29tLmFwcGxpY2F0aW9uLnpvbWF0b19zY3JlZW5fMl8xNTU1NDgxNzIwXzAxMg\/screen-2.jpg?fakeurl=1&type=.jpg"},{"id":1,"image_link":"https:\/\/image.winudf.com\/v2\/image1\/Y29tLmFwcGxpY2F0aW9uLnpvbWF0b19zY3JlZW5fM18xNTU1NDgxNzIwXzAwNA\/screen-3.jpg?fakeurl=1&type=.jpg","preview":"https:\/\/image.winudf.com\/v2\/image1\/Y29tLmFwcGxpY2F0aW9uLnpvbWF0b19zY3JlZW5fM18xNTU1NDgxNzIwXzAwNA\/screen-3.jpg?fakeurl=1&type=.jpg"},{"id":1,"image_link":"https:\/\/image.winudf.com\/v2\/image1\/Y29tLmFwcGxpY2F0aW9uLnpvbWF0b19zY3JlZW5fNF8xNTU1NDgxNzIxXzA0MA\/screen-4.jpg?fakeurl=1&type=.jpg","preview":"https:\/\/image.winudf.com\/v2\/image1\/Y29tLmFwcGxpY2F0aW9uLnpvbWF0b19zY3JlZW5fNF8xNTU1NDgxNzIxXzA0MA\/screen-4.jpg?fakeurl=1&type=.jpg"},{"id":1,"image_link":"https:\/\/image.winudf.com\/v2\/image1\/Y29tLmFwcGxpY2F0aW9uLnpvbWF0b19zY3JlZW5fNV8xNTU1NDgxNzIxXzA5NQ\/screen-5.jpg?fakeurl=1&type=.jpg","preview":"https:\/\/image.winudf.com\/v2\/image1\/Y29tLmFwcGxpY2F0aW9uLnpvbWF0b19zY3JlZW5fNV8xNTU1NDgxNzIxXzA5NQ\/screen-5.jpg?fakeurl=1&type=.jpg"},{"id":1,"image_link":"https:\/\/image.winudf.com\/v2\/image1\/Y29tLmFwcGxpY2F0aW9uLnpvbWF0b19zY3JlZW5fNl8xNTU1NDgxNzIxXzAzNQ\/screen-6.jpg?fakeurl=1&type=.jpg","preview":"https:\/\/image.winudf.com\/v2\/image1\/Y29tLmFwcGxpY2F0aW9uLnpvbWF0b19zY3JlZW5fNl8xNTU1NDgxNzIxXzAzNQ\/screen-6.jpg?fakeurl=1&type=.jpg"}],"total_ratings":281285,"developer":"Zomato","developer_url":"https:\/\/play.google.com\/store\/apps\/developer?id=Zomato","tags":["Food &amp; Drink"],"versions":[{"identifier":"13.2.7","download_link":"https:\/\/apkpure.com\/zomato-restaurant-finder-and-food-delivery-app\/com.application.zomato\/download?from=details","is_link_external":1}],"more_details":[{"title":"Latest Version","identifier":"latest_version","value":"13.2.7 "},{"title":"Publish Date","identifier":"published_date","value":"2019-06-20"},{"title":"Requirement","identifier":"required_android","value":"Android 5.0+"}],"seo_title":"Zomato","seo_keyword":"Zomato, Zomato for android, Zomato android download, Zomato apk, Zomato android apk, Zomato download","seo_description":"Download Zomato apk 13.2.7 for Android. Discover great restaurants to dine out or order food for quick home delivery."}