{"app_id":"com.moonactive.coinmaster","value":"com.moonactive.coinmaster","title":"Coin Master","label":"Coin Master","slug":"coin-master","app_image_url":"https:\/\/image.winudf.com\/v2\/image1\/Y29tLm1vb25hY3RpdmUuY29pbm1hc3Rlcl9pY29uXzE1NTU1NjAwMDJfMDE3\/icon.png?w=170&fakeurl=1","app_link":"https:\/\/play.google.com\/store\/apps\/details?id=com.moonactive.coinmaster","description":"Join your Facebook friends and millions of players around the world in attacks, spins and raids to build your viking village to the top! <br><br>Do you have what it takes to be the next Coin Master? Can you travel through time and magical lands to battle it out to be the best Pirate, Hippie, King, Warrior or VIKING of them of all!<br><br>Spin to earn your loot<br>Spin the wheel to fall on your fortune, be it attack time, loot, shields or raids. Win your loot by landing on coins or gold sacks so you can build strong villages through the game and move up in levels. Win shields to guard your village from other vikings trying to attack you. Become the Coin Master with the strongest village and the most loot!<br><br>Attack and Raid fellow vikings!<br>Earning coins through the slot machine isn't the only way to get loot, you can steal it too! Attack or raid friend and foe to save enough loot to build your village. No need to break the piggy bank! Fight back and come out victorious against your enemies. Boom! Take revenge on those who have attacked your village and take whats rightfully yours! Bring your Coin Dozer and get rich again! You never know what treasures you can find in someone else's village! <br><br>Collect all the Cards!<br>It's not always about the loot, it's about the treasure too! Collect cards to complete sets and move on to the next village. With every village you conquer your wins will be greater<br><br>Play with friends!<br>Trade your cards with our online community to collect them all! Join our fast growing interactive Facebook community to meet new viking friends, earn big rewards, and trade treasures! <br><br>\u2605 Battle your way to be the next Coin Master with your friends by your side.<br>\u2605 Join in millions of players worldwide!<br>\u2605 Coin Master is free on all devices with in-app purchases.<br><br>Follow Coin Master on Facebook for exclusive offers and bonuses!<br><br>Facebook: www.facebook.com\/coinmaster<br><br>Are you having problems? <br>Please contact us in the game by clicking on the menu &gt; Settings &gt; Support or email us at support@coinmastergame.com","status_identifier":"active","short_description":"Join your Facebook friends and millions of players around the world in attacks, spins and raids to build your viking village to the top! Do you have what it takes to be the next Coin Master? Can you t...","current_ratings":4.35,"categories":[{"label":"Casual","value":"casual"}],"screenshots":[{"id":1,"image_link":"https:\/\/image.winudf.com\/v2\/image1\/Y29tLm1vb25hY3RpdmUuY29pbm1hc3Rlcl9zY3JlZW5fMF8xNTU1NTYwMDAzXzA2MA\/screen-0.jpg?fakeurl=1&type=.jpg","preview":"https:\/\/image.winudf.com\/v2\/image1\/Y29tLm1vb25hY3RpdmUuY29pbm1hc3Rlcl9zY3JlZW5fMF8xNTU1NTYwMDAzXzA2MA\/screen-0.jpg?fakeurl=1&type=.jpg"},{"id":1,"image_link":"https:\/\/image.winudf.com\/v2\/image1\/Y29tLm1vb25hY3RpdmUuY29pbm1hc3Rlcl9zY3JlZW5fMV8xNTU1NTYwMDAzXzAwNQ\/screen-1.jpg?fakeurl=1&type=.jpg","preview":"https:\/\/image.winudf.com\/v2\/image1\/Y29tLm1vb25hY3RpdmUuY29pbm1hc3Rlcl9zY3JlZW5fMV8xNTU1NTYwMDAzXzAwNQ\/screen-1.jpg?fakeurl=1&type=.jpg"},{"id":1,"image_link":"https:\/\/image.winudf.com\/v2\/image1\/Y29tLm1vb25hY3RpdmUuY29pbm1hc3Rlcl9zY3JlZW5fMl8xNTU1NTYwMDA0XzA3MA\/screen-2.jpg?fakeurl=1&type=.jpg","preview":"https:\/\/image.winudf.com\/v2\/image1\/Y29tLm1vb25hY3RpdmUuY29pbm1hc3Rlcl9zY3JlZW5fMl8xNTU1NTYwMDA0XzA3MA\/screen-2.jpg?fakeurl=1&type=.jpg"},{"id":1,"image_link":"https:\/\/image.winudf.com\/v2\/image1\/Y29tLm1vb25hY3RpdmUuY29pbm1hc3Rlcl9zY3JlZW5fM18xNTU1NTYwMDA0XzA3Nw\/screen-3.jpg?fakeurl=1&type=.jpg","preview":"https:\/\/image.winudf.com\/v2\/image1\/Y29tLm1vb25hY3RpdmUuY29pbm1hc3Rlcl9zY3JlZW5fM18xNTU1NTYwMDA0XzA3Nw\/screen-3.jpg?fakeurl=1&type=.jpg"},{"id":1,"image_link":"https:\/\/image.winudf.com\/v2\/image1\/Y29tLm1vb25hY3RpdmUuY29pbm1hc3Rlcl9zY3JlZW5fNF8xNTU1NTYwMDA1XzA4Nw\/screen-4.jpg?fakeurl=1&type=.jpg","preview":"https:\/\/image.winudf.com\/v2\/image1\/Y29tLm1vb25hY3RpdmUuY29pbm1hc3Rlcl9zY3JlZW5fNF8xNTU1NTYwMDA1XzA4Nw\/screen-4.jpg?fakeurl=1&type=.jpg"},{"id":1,"image_link":"https:\/\/image.winudf.com\/v2\/image1\/Y29tLm1vb25hY3RpdmUuY29pbm1hc3Rlcl9zY3JlZW5fNV8xNTU1NTYwMDA1XzA3MQ\/screen-5.jpg?fakeurl=1&type=.jpg","preview":"https:\/\/image.winudf.com\/v2\/image1\/Y29tLm1vb25hY3RpdmUuY29pbm1hc3Rlcl9zY3JlZW5fNV8xNTU1NTYwMDA1XzA3MQ\/screen-5.jpg?fakeurl=1&type=.jpg"},{"id":1,"image_link":"https:\/\/image.winudf.com\/v2\/image1\/Y29tLm1vb25hY3RpdmUuY29pbm1hc3Rlcl9zY3JlZW5fNl8xNTU1NTYwMDA2XzAzNA\/screen-6.jpg?fakeurl=1&type=.jpg","preview":"https:\/\/image.winudf.com\/v2\/image1\/Y29tLm1vb25hY3RpdmUuY29pbm1hc3Rlcl9zY3JlZW5fNl8xNTU1NTYwMDA2XzAzNA\/screen-6.jpg?fakeurl=1&type=.jpg"},{"id":1,"image_link":"https:\/\/image.winudf.com\/v2\/image1\/Y29tLm1vb25hY3RpdmUuY29pbm1hc3Rlcl9zY3JlZW5fN18xNTU1NTYwMDA3XzA3NA\/screen-7.jpg?fakeurl=1&type=.jpg","preview":"https:\/\/image.winudf.com\/v2\/image1\/Y29tLm1vb25hY3RpdmUuY29pbm1hc3Rlcl9zY3JlZW5fN18xNTU1NTYwMDA3XzA3NA\/screen-7.jpg?fakeurl=1&type=.jpg"},{"id":1,"image_link":"https:\/\/image.winudf.com\/v2\/image1\/Y29tLm1vb25hY3RpdmUuY29pbm1hc3Rlcl9zY3JlZW5fOF8xNTU1NTYwMDA3XzA4MA\/screen-8.jpg?fakeurl=1&type=.jpg","preview":"https:\/\/image.winudf.com\/v2\/image1\/Y29tLm1vb25hY3RpdmUuY29pbm1hc3Rlcl9zY3JlZW5fOF8xNTU1NTYwMDA3XzA4MA\/screen-8.jpg?fakeurl=1&type=.jpg"},{"id":1,"image_link":"https:\/\/image.winudf.com\/v2\/image1\/Y29tLm1vb25hY3RpdmUuY29pbm1hc3Rlcl9zY3JlZW5fOV8xNTU1NTYwMDA4XzA1OA\/screen-9.jpg?fakeurl=1&type=.jpg","preview":"https:\/\/image.winudf.com\/v2\/image1\/Y29tLm1vb25hY3RpdmUuY29pbm1hc3Rlcl9zY3JlZW5fOV8xNTU1NTYwMDA4XzA1OA\/screen-9.jpg?fakeurl=1&type=.jpg"},{"id":1,"image_link":"https:\/\/image.winudf.com\/v2\/image1\/Y29tLm1vb25hY3RpdmUuY29pbm1hc3Rlcl9zY3JlZW5fMTBfMTU1NTU2MDAwOF8wNzc\/screen-10.jpg?fakeurl=1&type=.jpg","preview":"https:\/\/image.winudf.com\/v2\/image1\/Y29tLm1vb25hY3RpdmUuY29pbm1hc3Rlcl9zY3JlZW5fMTBfMTU1NTU2MDAwOF8wNzc\/screen-10.jpg?fakeurl=1&type=.jpg"},{"id":1,"image_link":"https:\/\/image.winudf.com\/v2\/image1\/Y29tLm1vb25hY3RpdmUuY29pbm1hc3Rlcl9zY3JlZW5fMTFfMTU1NTU2MDAwOV8wMDU\/screen-11.jpg?fakeurl=1&type=.jpg","preview":"https:\/\/image.winudf.com\/v2\/image1\/Y29tLm1vb25hY3RpdmUuY29pbm1hc3Rlcl9zY3JlZW5fMTFfMTU1NTU2MDAwOV8wMDU\/screen-11.jpg?fakeurl=1&type=.jpg"},{"id":1,"image_link":"https:\/\/image.winudf.com\/v2\/image1\/Y29tLm1vb25hY3RpdmUuY29pbm1hc3Rlcl9zY3JlZW5fMTJfMTU1NTU2MDAwOV8wMzI\/screen-12.jpg?fakeurl=1&type=.jpg","preview":"https:\/\/image.winudf.com\/v2\/image1\/Y29tLm1vb25hY3RpdmUuY29pbm1hc3Rlcl9zY3JlZW5fMTJfMTU1NTU2MDAwOV8wMzI\/screen-12.jpg?fakeurl=1&type=.jpg"},{"id":1,"image_link":"https:\/\/image.winudf.com\/v2\/image1\/Y29tLm1vb25hY3RpdmUuY29pbm1hc3Rlcl9zY3JlZW5fMTNfMTU1NTU2MDAwOV8wMzE\/screen-13.jpg?fakeurl=1&type=.jpg","preview":"https:\/\/image.winudf.com\/v2\/image1\/Y29tLm1vb25hY3RpdmUuY29pbm1hc3Rlcl9zY3JlZW5fMTNfMTU1NTU2MDAwOV8wMzE\/screen-13.jpg?fakeurl=1&type=.jpg"},{"id":1,"image_link":"https:\/\/image.winudf.com\/v2\/image1\/Y29tLm1vb25hY3RpdmUuY29pbm1hc3Rlcl9zY3JlZW5fMTRfMTU1NTU2MDAxMF8wMjI\/screen-14.jpg?fakeurl=1&type=.jpg","preview":"https:\/\/image.winudf.com\/v2\/image1\/Y29tLm1vb25hY3RpdmUuY29pbm1hc3Rlcl9zY3JlZW5fMTRfMTU1NTU2MDAxMF8wMjI\/screen-14.jpg?fakeurl=1&type=.jpg"},{"id":1,"image_link":"https:\/\/image.winudf.com\/v2\/image1\/Y29tLm1vb25hY3RpdmUuY29pbm1hc3Rlcl9zY3JlZW5fMTVfMTU1NTU2MDAxMF8wMDU\/screen-15.jpg?fakeurl=1&type=.jpg","preview":"https:\/\/image.winudf.com\/v2\/image1\/Y29tLm1vb25hY3RpdmUuY29pbm1hc3Rlcl9zY3JlZW5fMTVfMTU1NTU2MDAxMF8wMDU\/screen-15.jpg?fakeurl=1&type=.jpg"},{"id":1,"image_link":"https:\/\/image.winudf.com\/v2\/image1\/Y29tLm1vb25hY3RpdmUuY29pbm1hc3Rlcl9zY3JlZW5fMTZfMTU1NTU2MDAxMV8wMzM\/screen-16.jpg?fakeurl=1&type=.jpg","preview":"https:\/\/image.winudf.com\/v2\/image1\/Y29tLm1vb25hY3RpdmUuY29pbm1hc3Rlcl9zY3JlZW5fMTZfMTU1NTU2MDAxMV8wMzM\/screen-16.jpg?fakeurl=1&type=.jpg"},{"id":1,"image_link":"https:\/\/image.winudf.com\/v2\/image1\/Y29tLm1vb25hY3RpdmUuY29pbm1hc3Rlcl9zY3JlZW5fMTdfMTU1NTU2MDAxMl8wNzY\/screen-17.jpg?fakeurl=1&type=.jpg","preview":"https:\/\/image.winudf.com\/v2\/image1\/Y29tLm1vb25hY3RpdmUuY29pbm1hc3Rlcl9zY3JlZW5fMTdfMTU1NTU2MDAxMl8wNzY\/screen-17.jpg?fakeurl=1&type=.jpg"}],"screenshot_previews":[{"id":1,"image_link":"https:\/\/image.winudf.com\/v2\/image1\/Y29tLm1vb25hY3RpdmUuY29pbm1hc3Rlcl9zY3JlZW5fMF8xNTU1NTYwMDAzXzA2MA\/screen-0.jpg?fakeurl=1&type=.jpg","preview":"https:\/\/image.winudf.com\/v2\/image1\/Y29tLm1vb25hY3RpdmUuY29pbm1hc3Rlcl9zY3JlZW5fMF8xNTU1NTYwMDAzXzA2MA\/screen-0.jpg?fakeurl=1&type=.jpg"},{"id":1,"image_link":"https:\/\/image.winudf.com\/v2\/image1\/Y29tLm1vb25hY3RpdmUuY29pbm1hc3Rlcl9zY3JlZW5fMV8xNTU1NTYwMDAzXzAwNQ\/screen-1.jpg?fakeurl=1&type=.jpg","preview":"https:\/\/image.winudf.com\/v2\/image1\/Y29tLm1vb25hY3RpdmUuY29pbm1hc3Rlcl9zY3JlZW5fMV8xNTU1NTYwMDAzXzAwNQ\/screen-1.jpg?fakeurl=1&type=.jpg"},{"id":1,"image_link":"https:\/\/image.winudf.com\/v2\/image1\/Y29tLm1vb25hY3RpdmUuY29pbm1hc3Rlcl9zY3JlZW5fMl8xNTU1NTYwMDA0XzA3MA\/screen-2.jpg?fakeurl=1&type=.jpg","preview":"https:\/\/image.winudf.com\/v2\/image1\/Y29tLm1vb25hY3RpdmUuY29pbm1hc3Rlcl9zY3JlZW5fMl8xNTU1NTYwMDA0XzA3MA\/screen-2.jpg?fakeurl=1&type=.jpg"},{"id":1,"image_link":"https:\/\/image.winudf.com\/v2\/image1\/Y29tLm1vb25hY3RpdmUuY29pbm1hc3Rlcl9zY3JlZW5fM18xNTU1NTYwMDA0XzA3Nw\/screen-3.jpg?fakeurl=1&type=.jpg","preview":"https:\/\/image.winudf.com\/v2\/image1\/Y29tLm1vb25hY3RpdmUuY29pbm1hc3Rlcl9zY3JlZW5fM18xNTU1NTYwMDA0XzA3Nw\/screen-3.jpg?fakeurl=1&type=.jpg"},{"id":1,"image_link":"https:\/\/image.winudf.com\/v2\/image1\/Y29tLm1vb25hY3RpdmUuY29pbm1hc3Rlcl9zY3JlZW5fNF8xNTU1NTYwMDA1XzA4Nw\/screen-4.jpg?fakeurl=1&type=.jpg","preview":"https:\/\/image.winudf.com\/v2\/image1\/Y29tLm1vb25hY3RpdmUuY29pbm1hc3Rlcl9zY3JlZW5fNF8xNTU1NTYwMDA1XzA4Nw\/screen-4.jpg?fakeurl=1&type=.jpg"},{"id":1,"image_link":"https:\/\/image.winudf.com\/v2\/image1\/Y29tLm1vb25hY3RpdmUuY29pbm1hc3Rlcl9zY3JlZW5fNV8xNTU1NTYwMDA1XzA3MQ\/screen-5.jpg?fakeurl=1&type=.jpg","preview":"https:\/\/image.winudf.com\/v2\/image1\/Y29tLm1vb25hY3RpdmUuY29pbm1hc3Rlcl9zY3JlZW5fNV8xNTU1NTYwMDA1XzA3MQ\/screen-5.jpg?fakeurl=1&type=.jpg"},{"id":1,"image_link":"https:\/\/image.winudf.com\/v2\/image1\/Y29tLm1vb25hY3RpdmUuY29pbm1hc3Rlcl9zY3JlZW5fNl8xNTU1NTYwMDA2XzAzNA\/screen-6.jpg?fakeurl=1&type=.jpg","preview":"https:\/\/image.winudf.com\/v2\/image1\/Y29tLm1vb25hY3RpdmUuY29pbm1hc3Rlcl9zY3JlZW5fNl8xNTU1NTYwMDA2XzAzNA\/screen-6.jpg?fakeurl=1&type=.jpg"},{"id":1,"image_link":"https:\/\/image.winudf.com\/v2\/image1\/Y29tLm1vb25hY3RpdmUuY29pbm1hc3Rlcl9zY3JlZW5fN18xNTU1NTYwMDA3XzA3NA\/screen-7.jpg?fakeurl=1&type=.jpg","preview":"https:\/\/image.winudf.com\/v2\/image1\/Y29tLm1vb25hY3RpdmUuY29pbm1hc3Rlcl9zY3JlZW5fN18xNTU1NTYwMDA3XzA3NA\/screen-7.jpg?fakeurl=1&type=.jpg"},{"id":1,"image_link":"https:\/\/image.winudf.com\/v2\/image1\/Y29tLm1vb25hY3RpdmUuY29pbm1hc3Rlcl9zY3JlZW5fOF8xNTU1NTYwMDA3XzA4MA\/screen-8.jpg?fakeurl=1&type=.jpg","preview":"https:\/\/image.winudf.com\/v2\/image1\/Y29tLm1vb25hY3RpdmUuY29pbm1hc3Rlcl9zY3JlZW5fOF8xNTU1NTYwMDA3XzA4MA\/screen-8.jpg?fakeurl=1&type=.jpg"},{"id":1,"image_link":"https:\/\/image.winudf.com\/v2\/image1\/Y29tLm1vb25hY3RpdmUuY29pbm1hc3Rlcl9zY3JlZW5fOV8xNTU1NTYwMDA4XzA1OA\/screen-9.jpg?fakeurl=1&type=.jpg","preview":"https:\/\/image.winudf.com\/v2\/image1\/Y29tLm1vb25hY3RpdmUuY29pbm1hc3Rlcl9zY3JlZW5fOV8xNTU1NTYwMDA4XzA1OA\/screen-9.jpg?fakeurl=1&type=.jpg"},{"id":1,"image_link":"https:\/\/image.winudf.com\/v2\/image1\/Y29tLm1vb25hY3RpdmUuY29pbm1hc3Rlcl9zY3JlZW5fMTBfMTU1NTU2MDAwOF8wNzc\/screen-10.jpg?fakeurl=1&type=.jpg","preview":"https:\/\/image.winudf.com\/v2\/image1\/Y29tLm1vb25hY3RpdmUuY29pbm1hc3Rlcl9zY3JlZW5fMTBfMTU1NTU2MDAwOF8wNzc\/screen-10.jpg?fakeurl=1&type=.jpg"},{"id":1,"image_link":"https:\/\/image.winudf.com\/v2\/image1\/Y29tLm1vb25hY3RpdmUuY29pbm1hc3Rlcl9zY3JlZW5fMTFfMTU1NTU2MDAwOV8wMDU\/screen-11.jpg?fakeurl=1&type=.jpg","preview":"https:\/\/image.winudf.com\/v2\/image1\/Y29tLm1vb25hY3RpdmUuY29pbm1hc3Rlcl9zY3JlZW5fMTFfMTU1NTU2MDAwOV8wMDU\/screen-11.jpg?fakeurl=1&type=.jpg"},{"id":1,"image_link":"https:\/\/image.winudf.com\/v2\/image1\/Y29tLm1vb25hY3RpdmUuY29pbm1hc3Rlcl9zY3JlZW5fMTJfMTU1NTU2MDAwOV8wMzI\/screen-12.jpg?fakeurl=1&type=.jpg","preview":"https:\/\/image.winudf.com\/v2\/image1\/Y29tLm1vb25hY3RpdmUuY29pbm1hc3Rlcl9zY3JlZW5fMTJfMTU1NTU2MDAwOV8wMzI\/screen-12.jpg?fakeurl=1&type=.jpg"},{"id":1,"image_link":"https:\/\/image.winudf.com\/v2\/image1\/Y29tLm1vb25hY3RpdmUuY29pbm1hc3Rlcl9zY3JlZW5fMTNfMTU1NTU2MDAwOV8wMzE\/screen-13.jpg?fakeurl=1&type=.jpg","preview":"https:\/\/image.winudf.com\/v2\/image1\/Y29tLm1vb25hY3RpdmUuY29pbm1hc3Rlcl9zY3JlZW5fMTNfMTU1NTU2MDAwOV8wMzE\/screen-13.jpg?fakeurl=1&type=.jpg"},{"id":1,"image_link":"https:\/\/image.winudf.com\/v2\/image1\/Y29tLm1vb25hY3RpdmUuY29pbm1hc3Rlcl9zY3JlZW5fMTRfMTU1NTU2MDAxMF8wMjI\/screen-14.jpg?fakeurl=1&type=.jpg","preview":"https:\/\/image.winudf.com\/v2\/image1\/Y29tLm1vb25hY3RpdmUuY29pbm1hc3Rlcl9zY3JlZW5fMTRfMTU1NTU2MDAxMF8wMjI\/screen-14.jpg?fakeurl=1&type=.jpg"},{"id":1,"image_link":"https:\/\/image.winudf.com\/v2\/image1\/Y29tLm1vb25hY3RpdmUuY29pbm1hc3Rlcl9zY3JlZW5fMTVfMTU1NTU2MDAxMF8wMDU\/screen-15.jpg?fakeurl=1&type=.jpg","preview":"https:\/\/image.winudf.com\/v2\/image1\/Y29tLm1vb25hY3RpdmUuY29pbm1hc3Rlcl9zY3JlZW5fMTVfMTU1NTU2MDAxMF8wMDU\/screen-15.jpg?fakeurl=1&type=.jpg"},{"id":1,"image_link":"https:\/\/image.winudf.com\/v2\/image1\/Y29tLm1vb25hY3RpdmUuY29pbm1hc3Rlcl9zY3JlZW5fMTZfMTU1NTU2MDAxMV8wMzM\/screen-16.jpg?fakeurl=1&type=.jpg","preview":"https:\/\/image.winudf.com\/v2\/image1\/Y29tLm1vb25hY3RpdmUuY29pbm1hc3Rlcl9zY3JlZW5fMTZfMTU1NTU2MDAxMV8wMzM\/screen-16.jpg?fakeurl=1&type=.jpg"},{"id":1,"image_link":"https:\/\/image.winudf.com\/v2\/image1\/Y29tLm1vb25hY3RpdmUuY29pbm1hc3Rlcl9zY3JlZW5fMTdfMTU1NTU2MDAxMl8wNzY\/screen-17.jpg?fakeurl=1&type=.jpg","preview":"https:\/\/image.winudf.com\/v2\/image1\/Y29tLm1vb25hY3RpdmUuY29pbm1hc3Rlcl9zY3JlZW5fMTdfMTU1NTU2MDAxMl8wNzY\/screen-17.jpg?fakeurl=1&type=.jpg"}],"total_ratings":508124,"developer":"Moon Active","developer_url":"https:\/\/play.google.com\/store\/apps\/developer?id=Moon Active","tags":["Casual"],"versions":[{"identifier":"3.5.13","download_link":"https:\/\/apkpure.com\/coin-master-2l\/com.moonactive.coinmaster\/download?from=details","is_link_external":1}],"more_details":[{"title":"Latest Version","identifier":"latest_version","value":"3.5.13 "},{"title":"Publish Date","identifier":"published_date","value":"2019-06-20"},{"title":"Requirement","identifier":"required_android","value":"Android 4.1+"}],"seo_title":"Coin Master","seo_keyword":"Coin Master, Coin Master for android, Coin Master android download, Coin Master apk, Coin Master android apk, Coin Master download","seo_description":"Download Coin Master apk 3.5.13 for Android. Play the Best Adventure Game with Friends !!!"}