{"app_id":"com.netflix.mediaclient","value":"com.netflix.mediaclient","title":"Netflix","label":"Netflix","slug":"netflix","app_image_url":"https:\/\/image.winudf.com\/v2\/image1\/Y29tLm5ldGZsaXgubWVkaWFjbGllbnRfaWNvbl8xNTU1MzgwMDMwXzA5MQ\/icon.png?w=170&fakeurl=1","app_link":"https:\/\/play.google.com\/store\/apps\/details?id=com.netflix.mediaclient","description":"Netflix is the world\u2019s leading subscription service for watching TV episodes and movies on your favorite device. This Netflix mobile application delivers the best experience anywhere, anytime.<br> <br>Get the free app as a part of your Netflix membership and you can instantly watch thousands of TV episodes &amp; movies on your mobile device.  <br> <br>If you are not a Netflix member sign up for Netflix and start enjoying immediately on your mobile device with our one-month free trial.<br> <br>How does Netflix work?<br>\u2022 Netflix membership gives you access to unlimited TV shows and movies for one low monthly price.  <br>\u2022 With the Netflix app you can instantly watch as many TV episodes &amp; movies as you want, as often as you want, anytime you want.<br>\u2022 You can Browse a growing selection of thousands of titles, and new episodes that are added regularly. <br>\u2022 Search for titles and watch immediately on your phone or on an ever expanding list of supported devices.<br>\u2022 Rate your favorite shows and movies and tell us what you like so Netflix can help suggest the best titles for you.<br>\u2022 Start watching on one device, and resume watching on another. Check out netflix.com for all the TVs, game consoles, tablets, phones, Blu-ray players and set top boxes on which you can watch Netflix.<br><br>By clicking INSTALL, you consent to the installation of the Netflix application and any updates or upgrades thereto.<br><br>\u2500\u2500\u2500\u2500\u2500\u2500\u2500\u2500\u2500\u2500\u2500\u2500\u2500\u2500\u2500\u2500\u2500\u2500\u2500\u2500\u2500\u2500\u2500\u2500\u2500\u2500\u2500\u2500\u2500\u2500\u2500\u2500\u2500<br><br>License Agreement<br> <br>By downloading this application you agree to the Netflix <a href=\"https:\/\/apkpure.com\/url?q=http%3A%2F%2Fwww.google.com%2Furl%3Fq%3Dhttp%253A%252F%252Fwww.netflix.com%252Ftermsofuse%26amp%3Bsa%3DD%26amp%3Bsntz%3D1%26amp%3Busg%3DAFQjCNEy_dzfikLlvCKDdDlfFqQwBoSCCg\" rel=\"nofollow\" target=\"_blank\">Terms of Use<\/a> and <a href=\"https:\/\/apkpure.com\/url?q=http%3A%2F%2Fwww.google.com%2Furl%3Fq%3Dhttp%253A%252F%252Fwww.netflix.com%252Fprivacy%26amp%3Bsa%3DD%26amp%3Bsntz%3D1%26amp%3Busg%3DAFQjCNHvMVqH2AQZ95KFg9OBw8gQlTacaA\" rel=\"nofollow\" target=\"_blank\">Privacy Statement<\/a>, located at http:\/\/www.netflix.com. For clarity, residents of the European Economic Area (EEA) are deemed to have acknowledged (rather than agreed to) the Privacy Statement.<br> <br>1-month free Netflix membership offer is available to first time and certain former members and cannot be combined with any other offer. Internet access and valid payment method are required to redeem offer.  <b>Netflix will begin to bill your payment method for the Netflix membership fee at the end of the free month unless you cancel prior to the end of the first month<\/b>. Your Netflix membership is a month-to-month subscription that you can cancel at any time. Go to \"Your Account\" on the Netflix website for cancellation instructions. No refund or credit for partial monthly subscription periods. A device that streams from Netflix (manufactured and sold separately) and broadband Internet connection are required to watch instantly.<br><br>For complete terms and conditions, please visit http:\/\/www.netflix.com\/termsofuse<br>For privacy statement, please visit http:\/\/www.netflix.com\/privacy","status_identifier":"active","short_description":"Netflix is the world\u2019s leading subscription service for watching TV episodes and movies on your favorite device. This Netflix mobile application delivers the best experience anywhere, anytime. Get the...","current_ratings":4.2,"categories":[{"label":"Entertainment","value":"entertainment"}],"screenshots":[{"id":1,"image_link":"https:\/\/image.winudf.com\/v2\/image1\/Y29tLm5ldGZsaXgubWVkaWFjbGllbnRfc2NyZWVuXzBfMTU1NTM4MDAzMF8wMTE\/screen-0.jpg?fakeurl=1&type=.jpg","preview":"https:\/\/image.winudf.com\/v2\/image1\/Y29tLm5ldGZsaXgubWVkaWFjbGllbnRfc2NyZWVuXzBfMTU1NTM4MDAzMF8wMTE\/screen-0.jpg?fakeurl=1&type=.jpg"},{"id":1,"image_link":"https:\/\/image.winudf.com\/v2\/image1\/Y29tLm5ldGZsaXgubWVkaWFjbGllbnRfc2NyZWVuXzFfMTU1NTM4MDAzMF8wNDQ\/screen-1.jpg?fakeurl=1&type=.jpg","preview":"https:\/\/image.winudf.com\/v2\/image1\/Y29tLm5ldGZsaXgubWVkaWFjbGllbnRfc2NyZWVuXzFfMTU1NTM4MDAzMF8wNDQ\/screen-1.jpg?fakeurl=1&type=.jpg"},{"id":1,"image_link":"https:\/\/image.winudf.com\/v2\/image1\/Y29tLm5ldGZsaXgubWVkaWFjbGllbnRfc2NyZWVuXzJfMTU1NTM4MDAzMF8wMTI\/screen-2.jpg?fakeurl=1&type=.jpg","preview":"https:\/\/image.winudf.com\/v2\/image1\/Y29tLm5ldGZsaXgubWVkaWFjbGllbnRfc2NyZWVuXzJfMTU1NTM4MDAzMF8wMTI\/screen-2.jpg?fakeurl=1&type=.jpg"},{"id":1,"image_link":"https:\/\/image.winudf.com\/v2\/image1\/Y29tLm5ldGZsaXgubWVkaWFjbGllbnRfc2NyZWVuXzNfMTU1NTM4MDAzMV8wODg\/screen-3.jpg?fakeurl=1&type=.jpg","preview":"https:\/\/image.winudf.com\/v2\/image1\/Y29tLm5ldGZsaXgubWVkaWFjbGllbnRfc2NyZWVuXzNfMTU1NTM4MDAzMV8wODg\/screen-3.jpg?fakeurl=1&type=.jpg"},{"id":1,"image_link":"https:\/\/image.winudf.com\/v2\/image1\/Y29tLm5ldGZsaXgubWVkaWFjbGllbnRfc2NyZWVuXzRfMTU1NTM4MDAzMV8wNDk\/screen-4.jpg?fakeurl=1&type=.jpg","preview":"https:\/\/image.winudf.com\/v2\/image1\/Y29tLm5ldGZsaXgubWVkaWFjbGllbnRfc2NyZWVuXzRfMTU1NTM4MDAzMV8wNDk\/screen-4.jpg?fakeurl=1&type=.jpg"},{"id":1,"image_link":"https:\/\/image.winudf.com\/v2\/image1\/Y29tLm5ldGZsaXgubWVkaWFjbGllbnRfc2NyZWVuXzVfMTU1NTM4MDAzMV8wODk\/screen-5.jpg?fakeurl=1&type=.jpg","preview":"https:\/\/image.winudf.com\/v2\/image1\/Y29tLm5ldGZsaXgubWVkaWFjbGllbnRfc2NyZWVuXzVfMTU1NTM4MDAzMV8wODk\/screen-5.jpg?fakeurl=1&type=.jpg"},{"id":1,"image_link":"https:\/\/image.winudf.com\/v2\/image1\/Y29tLm5ldGZsaXgubWVkaWFjbGllbnRfc2NyZWVuXzZfMTU1NTM4MDAzMl8wNDM\/screen-6.jpg?fakeurl=1&type=.jpg","preview":"https:\/\/image.winudf.com\/v2\/image1\/Y29tLm5ldGZsaXgubWVkaWFjbGllbnRfc2NyZWVuXzZfMTU1NTM4MDAzMl8wNDM\/screen-6.jpg?fakeurl=1&type=.jpg"},{"id":1,"image_link":"https:\/\/image.winudf.com\/v2\/image1\/Y29tLm5ldGZsaXgubWVkaWFjbGllbnRfc2NyZWVuXzdfMTU1NTM4MDAzMl8wNzg\/screen-7.jpg?fakeurl=1&type=.jpg","preview":"https:\/\/image.winudf.com\/v2\/image1\/Y29tLm5ldGZsaXgubWVkaWFjbGllbnRfc2NyZWVuXzdfMTU1NTM4MDAzMl8wNzg\/screen-7.jpg?fakeurl=1&type=.jpg"},{"id":1,"image_link":"https:\/\/image.winudf.com\/v2\/image1\/Y29tLm5ldGZsaXgubWVkaWFjbGllbnRfc2NyZWVuXzhfMTU1NTM4MDAzMl8wOTk\/screen-8.jpg?fakeurl=1&type=.jpg","preview":"https:\/\/image.winudf.com\/v2\/image1\/Y29tLm5ldGZsaXgubWVkaWFjbGllbnRfc2NyZWVuXzhfMTU1NTM4MDAzMl8wOTk\/screen-8.jpg?fakeurl=1&type=.jpg"},{"id":1,"image_link":"https:\/\/image.winudf.com\/v2\/image1\/Y29tLm5ldGZsaXgubWVkaWFjbGllbnRfc2NyZWVuXzlfMTU1NTM4MDAzMl8wODM\/screen-9.jpg?fakeurl=1&type=.jpg","preview":"https:\/\/image.winudf.com\/v2\/image1\/Y29tLm5ldGZsaXgubWVkaWFjbGllbnRfc2NyZWVuXzlfMTU1NTM4MDAzMl8wODM\/screen-9.jpg?fakeurl=1&type=.jpg"}],"screenshot_previews":[{"id":1,"image_link":"https:\/\/image.winudf.com\/v2\/image1\/Y29tLm5ldGZsaXgubWVkaWFjbGllbnRfc2NyZWVuXzBfMTU1NTM4MDAzMF8wMTE\/screen-0.jpg?fakeurl=1&type=.jpg","preview":"https:\/\/image.winudf.com\/v2\/image1\/Y29tLm5ldGZsaXgubWVkaWFjbGllbnRfc2NyZWVuXzBfMTU1NTM4MDAzMF8wMTE\/screen-0.jpg?fakeurl=1&type=.jpg"},{"id":1,"image_link":"https:\/\/image.winudf.com\/v2\/image1\/Y29tLm5ldGZsaXgubWVkaWFjbGllbnRfc2NyZWVuXzFfMTU1NTM4MDAzMF8wNDQ\/screen-1.jpg?fakeurl=1&type=.jpg","preview":"https:\/\/image.winudf.com\/v2\/image1\/Y29tLm5ldGZsaXgubWVkaWFjbGllbnRfc2NyZWVuXzFfMTU1NTM4MDAzMF8wNDQ\/screen-1.jpg?fakeurl=1&type=.jpg"},{"id":1,"image_link":"https:\/\/image.winudf.com\/v2\/image1\/Y29tLm5ldGZsaXgubWVkaWFjbGllbnRfc2NyZWVuXzJfMTU1NTM4MDAzMF8wMTI\/screen-2.jpg?fakeurl=1&type=.jpg","preview":"https:\/\/image.winudf.com\/v2\/image1\/Y29tLm5ldGZsaXgubWVkaWFjbGllbnRfc2NyZWVuXzJfMTU1NTM4MDAzMF8wMTI\/screen-2.jpg?fakeurl=1&type=.jpg"},{"id":1,"image_link":"https:\/\/image.winudf.com\/v2\/image1\/Y29tLm5ldGZsaXgubWVkaWFjbGllbnRfc2NyZWVuXzNfMTU1NTM4MDAzMV8wODg\/screen-3.jpg?fakeurl=1&type=.jpg","preview":"https:\/\/image.winudf.com\/v2\/image1\/Y29tLm5ldGZsaXgubWVkaWFjbGllbnRfc2NyZWVuXzNfMTU1NTM4MDAzMV8wODg\/screen-3.jpg?fakeurl=1&type=.jpg"},{"id":1,"image_link":"https:\/\/image.winudf.com\/v2\/image1\/Y29tLm5ldGZsaXgubWVkaWFjbGllbnRfc2NyZWVuXzRfMTU1NTM4MDAzMV8wNDk\/screen-4.jpg?fakeurl=1&type=.jpg","preview":"https:\/\/image.winudf.com\/v2\/image1\/Y29tLm5ldGZsaXgubWVkaWFjbGllbnRfc2NyZWVuXzRfMTU1NTM4MDAzMV8wNDk\/screen-4.jpg?fakeurl=1&type=.jpg"},{"id":1,"image_link":"https:\/\/image.winudf.com\/v2\/image1\/Y29tLm5ldGZsaXgubWVkaWFjbGllbnRfc2NyZWVuXzVfMTU1NTM4MDAzMV8wODk\/screen-5.jpg?fakeurl=1&type=.jpg","preview":"https:\/\/image.winudf.com\/v2\/image1\/Y29tLm5ldGZsaXgubWVkaWFjbGllbnRfc2NyZWVuXzVfMTU1NTM4MDAzMV8wODk\/screen-5.jpg?fakeurl=1&type=.jpg"},{"id":1,"image_link":"https:\/\/image.winudf.com\/v2\/image1\/Y29tLm5ldGZsaXgubWVkaWFjbGllbnRfc2NyZWVuXzZfMTU1NTM4MDAzMl8wNDM\/screen-6.jpg?fakeurl=1&type=.jpg","preview":"https:\/\/image.winudf.com\/v2\/image1\/Y29tLm5ldGZsaXgubWVkaWFjbGllbnRfc2NyZWVuXzZfMTU1NTM4MDAzMl8wNDM\/screen-6.jpg?fakeurl=1&type=.jpg"},{"id":1,"image_link":"https:\/\/image.winudf.com\/v2\/image1\/Y29tLm5ldGZsaXgubWVkaWFjbGllbnRfc2NyZWVuXzdfMTU1NTM4MDAzMl8wNzg\/screen-7.jpg?fakeurl=1&type=.jpg","preview":"https:\/\/image.winudf.com\/v2\/image1\/Y29tLm5ldGZsaXgubWVkaWFjbGllbnRfc2NyZWVuXzdfMTU1NTM4MDAzMl8wNzg\/screen-7.jpg?fakeurl=1&type=.jpg"},{"id":1,"image_link":"https:\/\/image.winudf.com\/v2\/image1\/Y29tLm5ldGZsaXgubWVkaWFjbGllbnRfc2NyZWVuXzhfMTU1NTM4MDAzMl8wOTk\/screen-8.jpg?fakeurl=1&type=.jpg","preview":"https:\/\/image.winudf.com\/v2\/image1\/Y29tLm5ldGZsaXgubWVkaWFjbGllbnRfc2NyZWVuXzhfMTU1NTM4MDAzMl8wOTk\/screen-8.jpg?fakeurl=1&type=.jpg"},{"id":1,"image_link":"https:\/\/image.winudf.com\/v2\/image1\/Y29tLm5ldGZsaXgubWVkaWFjbGllbnRfc2NyZWVuXzlfMTU1NTM4MDAzMl8wODM\/screen-9.jpg?fakeurl=1&type=.jpg","preview":"https:\/\/image.winudf.com\/v2\/image1\/Y29tLm5ldGZsaXgubWVkaWFjbGllbnRfc2NyZWVuXzlfMTU1NTM4MDAzMl8wODM\/screen-9.jpg?fakeurl=1&type=.jpg"}],"total_ratings":980403,"developer":"Netflix, Inc.","developer_url":"https:\/\/play.google.com\/store\/apps\/developer?id=Netflix, Inc.","tags":["Entertainment"],"versions":[{"identifier":"6.26.1 build 15 31696","download_link":"https:\/\/apkpure.com\/netflix\/com.netflix.mediaclient\/download?from=details","is_link_external":1}],"more_details":[{"title":"Latest Version","identifier":"latest_version","value":"6.26.1 build 15 31696 "},{"title":"Publish Date","identifier":"published_date","value":"2019-06-20"},{"title":"Requirement","identifier":"required_android","value":"Android 5.0+"}],"seo_title":"Netflix","seo_keyword":"Netflix, Netflix for android, Netflix android download, Netflix apk, Netflix android apk, Netflix download","seo_description":"Download Netflix apk 6.26.1 build 15 31696 for Android. Netflix is the leading subscription service for watching TV episodes and movies."}