{"app_id":"com.sec.android.easyMover","value":"com.sec.android.easyMover","title":"Samsung Smart Switch Mobile","label":"Samsung Smart Switch Mobile","slug":"samsung-smart-switch-mobile","app_image_url":"https:\/\/image.winudf.com\/v2\/image1\/Y29tLnNlYy5hbmRyb2lkLmVhc3lNb3Zlcl9pY29uXzE1NTU0MDAxNDhfMDU2\/icon.png?w=170&fakeurl=1","app_link":"https:\/\/play.google.com\/store\/apps\/details?id=com.sec.android.easyMover","description":"\u25a3 Smart Switch gives you the freedom to move your contacts, music, photos, calendar, text messages, device settings and more to your new Galaxy device. Plus, Smart Switch\u2122 helps you find your favorite apps or suggest similar ones on Google Play\u2122. <br><br>\u25a3 Who can transfer? <br>\u2022 Android\u2122 owners <br>- Wireless transfer: Android 4.0 or higher<br>- Wireless transfers from a compatible Android device to Galaxy device: Android 4.0 or higher (Note that non-Samsung devices with Android versions lower than 6.0 can only connect with Galaxy devices that support a mobile AP.) <br>- Wired transfer: Android 4.3 or higher, charger cable, and a USB connector <br><br>\u2022 iOS\u2122 owners - use the option that\u2019s best for you: <br>- Wired transfer from your iOS device to your Galaxy: iOS 5.0 or above, iOS device cable (lightning or 30 pin), and a USB connector <br>- Import from iCloud\u2122: iOS 4.2.1 or higher and Apple ID <br>- PC\/Mac transfer using iTunes\u2122: Smart Switch PC\/Mac software \u2013 Get started http:\/\/www.samsung.com\/smartswitch <br><br>\u2022 BlackBerry\u2122 owners <br>- Wireless transfers: BlackBerry OS 7 or 10 (Mobile AP) <br>- Wired transfer from your BlackBerry device to your Galaxy: BlackBerry OS 7 or 10 for transfers via USB connector<br><br>\u2022 Windows\u2122 Mobile owners <br>- Wireless transfers: Windows OS 8.1 or 10 <br>* Note: For more information and step-by-step directions, go to http:\/\/www.samsung.com\/smartswitch<br><br>\u25a3 What can be transferred? <br>- Contacts, calendar(Device content only), messages, photos, music (DRM free content only, Not supported for iCloud), videos (DRM free content only), call logs, memos, alarms, Wi-Fi, wallpapers, documents, app data (Galaxy devices only), home layouts (Galaxy devices only) <br>- You can send app data and home layouts by upgrading your Galaxy device to M OS (Galaxy S6 or higher). <br><br>\u25a3 Which devices are supported? <br>\u2022 Galaxy: Recent Galaxy mobile devices and tablets (From Galaxy S2) <br>* Note: For Galaxy S2, old OS (GB\/ICS) version can cause incompatibility. If your S2 does not work properly, please try after firmware update. <br><br>\u2022 Other Android devices: <br>- HTC, LG, Sony, Huawei, Lenovo, Motorola, PANTECH, Panasonic, Kyocera, NEC, SHARP, Fujitsu, Xiaomi, Vivo, OPPO, Coolpad(DazenF2), RIM(Priv), YotaPhone, ZTE(Nubia Z9), Gionee, LAVA, MyPhone(My28s), Cherry Mobile, Google(Pixel\/Pixel2)<br><br>* Note: For reasons such as compatibility between devices, it may not be possible to install and use Smart Switch on certain devices. <br>1. To transfer data, both devices must have a minimum of 500 MB free space in their internal memory.<br>2. If you are using a wired connection, your device must support a 'Transferring media files (MTP)' USB option to allow content to be transferred.<br>3. If you have a non-Samsung device that constantly disconnects from the wireless network, go to Advanced Wi-Fi on your device, turn off the \u201cWi-Fi initialize\u201d and \u201cDisconnect low Wi-Fi signal\u201d options, and try again.<br> (The options described above may not be available, depending on your device manufacturer and OS version.)<br><br>\u203b Application permissions<br>The following permissions are required for the app service.<br>[ Required permissions ]<br>. Phone: Used to transfer call log data<br>. Contacts: Used to transfer contacts data<br>. Calendar: Used to transfer calendar data<br>. SMS: Used to transfer SMS data<br>. Storage: Used to save the files necessary for data transfer<br>. Microphone: Used for high-frequency audio when searching for Galaxy devices.<br>. Location: Used to connect Galaxy devices using Bluetooth.<br><br>If your system software version is lower than Android 6.0, please update the software to configure App permissions.<br>Previously allowed permissions can be reset on Apps menu in device settings after software update.","status_identifier":"active","short_description":"\u25a3 Smart Switch gives you the freedom to move your contacts, music, photos, calendar, text messages, device settings and more to your new Galaxy device. Plus, Smart Switch\u2122 helps you find your favorite...","current_ratings":4.7,"categories":[{"label":"Tools","value":"tools"}],"screenshots":[{"id":1,"image_link":"javascript:void(0)","preview":"javascript:void(0)"},{"id":1,"image_link":"https:\/\/image.winudf.com\/v2\/image1\/Y29tLnNlYy5hbmRyb2lkLmVhc3lNb3Zlcl9zY3JlZW5fMF8xNTU1NDAwMTQ5XzAxNA\/screen-0.jpg?fakeurl=1&type=.jpg","preview":"https:\/\/image.winudf.com\/v2\/image1\/Y29tLnNlYy5hbmRyb2lkLmVhc3lNb3Zlcl9zY3JlZW5fMF8xNTU1NDAwMTQ5XzAxNA\/screen-0.jpg?fakeurl=1&type=.jpg"},{"id":1,"image_link":"https:\/\/image.winudf.com\/v2\/image1\/Y29tLnNlYy5hbmRyb2lkLmVhc3lNb3Zlcl9zY3JlZW5fMV8xNTU1NDAwMTQ5XzAwNg\/screen-1.jpg?fakeurl=1&type=.jpg","preview":"https:\/\/image.winudf.com\/v2\/image1\/Y29tLnNlYy5hbmRyb2lkLmVhc3lNb3Zlcl9zY3JlZW5fMV8xNTU1NDAwMTQ5XzAwNg\/screen-1.jpg?fakeurl=1&type=.jpg"},{"id":1,"image_link":"https:\/\/image.winudf.com\/v2\/image1\/Y29tLnNlYy5hbmRyb2lkLmVhc3lNb3Zlcl9zY3JlZW5fMl8xNTU1NDAwMTQ5XzA5Nw\/screen-2.jpg?fakeurl=1&type=.jpg","preview":"https:\/\/image.winudf.com\/v2\/image1\/Y29tLnNlYy5hbmRyb2lkLmVhc3lNb3Zlcl9zY3JlZW5fMl8xNTU1NDAwMTQ5XzA5Nw\/screen-2.jpg?fakeurl=1&type=.jpg"},{"id":1,"image_link":"https:\/\/image.winudf.com\/v2\/image1\/Y29tLnNlYy5hbmRyb2lkLmVhc3lNb3Zlcl9zY3JlZW5fM18xNTU1NDAwMTQ5XzAwNQ\/screen-3.jpg?fakeurl=1&type=.jpg","preview":"https:\/\/image.winudf.com\/v2\/image1\/Y29tLnNlYy5hbmRyb2lkLmVhc3lNb3Zlcl9zY3JlZW5fM18xNTU1NDAwMTQ5XzAwNQ\/screen-3.jpg?fakeurl=1&type=.jpg"}],"screenshot_previews":[{"id":1,"image_link":"javascript:void(0)","preview":"javascript:void(0)"},{"id":1,"image_link":"https:\/\/image.winudf.com\/v2\/image1\/Y29tLnNlYy5hbmRyb2lkLmVhc3lNb3Zlcl9zY3JlZW5fMF8xNTU1NDAwMTQ5XzAxNA\/screen-0.jpg?fakeurl=1&type=.jpg","preview":"https:\/\/image.winudf.com\/v2\/image1\/Y29tLnNlYy5hbmRyb2lkLmVhc3lNb3Zlcl9zY3JlZW5fMF8xNTU1NDAwMTQ5XzAxNA\/screen-0.jpg?fakeurl=1&type=.jpg"},{"id":1,"image_link":"https:\/\/image.winudf.com\/v2\/image1\/Y29tLnNlYy5hbmRyb2lkLmVhc3lNb3Zlcl9zY3JlZW5fMV8xNTU1NDAwMTQ5XzAwNg\/screen-1.jpg?fakeurl=1&type=.jpg","preview":"https:\/\/image.winudf.com\/v2\/image1\/Y29tLnNlYy5hbmRyb2lkLmVhc3lNb3Zlcl9zY3JlZW5fMV8xNTU1NDAwMTQ5XzAwNg\/screen-1.jpg?fakeurl=1&type=.jpg"},{"id":1,"image_link":"https:\/\/image.winudf.com\/v2\/image1\/Y29tLnNlYy5hbmRyb2lkLmVhc3lNb3Zlcl9zY3JlZW5fMl8xNTU1NDAwMTQ5XzA5Nw\/screen-2.jpg?fakeurl=1&type=.jpg","preview":"https:\/\/image.winudf.com\/v2\/image1\/Y29tLnNlYy5hbmRyb2lkLmVhc3lNb3Zlcl9zY3JlZW5fMl8xNTU1NDAwMTQ5XzA5Nw\/screen-2.jpg?fakeurl=1&type=.jpg"},{"id":1,"image_link":"https:\/\/image.winudf.com\/v2\/image1\/Y29tLnNlYy5hbmRyb2lkLmVhc3lNb3Zlcl9zY3JlZW5fM18xNTU1NDAwMTQ5XzAwNQ\/screen-3.jpg?fakeurl=1&type=.jpg","preview":"https:\/\/image.winudf.com\/v2\/image1\/Y29tLnNlYy5hbmRyb2lkLmVhc3lNb3Zlcl9zY3JlZW5fM18xNTU1NDAwMTQ5XzAwNQ\/screen-3.jpg?fakeurl=1&type=.jpg"}],"total_ratings":1174740,"developer":"Samsung Electronics Co.,  Ltd.","developer_url":"https:\/\/play.google.com\/store\/apps\/developer?id=Samsung Electronics Co.,  Ltd.","tags":["Tools"],"versions":[{"identifier":"3.6.04.11","download_link":"https:\/\/apkpure.com\/samsung-smart-switch-mobile\/com.sec.android.easyMover\/download?from=details","is_link_external":1}],"more_details":[{"title":"Latest Version","identifier":"latest_version","value":"3.6.04.11 "},{"title":"Publish Date","identifier":"published_date","value":"2019-06-18"},{"title":"Requirement","identifier":"required_android","value":"Android 4.0+"}],"seo_title":"Samsung Smart Switch Mobile","seo_keyword":"Samsung Smart Switch Mobile, Samsung Smart Switch Mobile for android, Samsung Smart Switch Mobile android download, Samsung Smart Switch Mobile apk, Samsung Smart Switch Mobile android apk, Samsung Smart Switch Mobile download","seo_description":"Download Samsung Smart Switch Mobile apk 3.6.04.11 for Android. You can open Smart Switch from device&#39;s Settings menu (Android Oreo or later)."}