{"app_id":"com.fitnesskeeper.runkeeper.pro","value":"com.fitnesskeeper.runkeeper.pro","title":"Runkeeper","label":"Runkeeper","slug":"runkeeper","app_image_url":"https:\/\/image.winudf.com\/v2\/image1\/Y29tLmZpdG5lc3NrZWVwZXIucnVua2VlcGVyLnByb19pY29uXzE1NTQ3NDAwOTZfMDA1\/icon.png?w=170&fakeurl=1","app_link":"https:\/\/play.google.com\/store\/apps\/details?id=com.fitnesskeeper.runkeeper.pro","description":"Everyone. Every run. Join the community that helps people get out the door and stick with running forever! Track exercise, set goals, sweat, and see progress along the way. Whether you\u2019re working your way up to tracking a 5K goal or deep into marathon training, use the GPS app trusted by 50 million users and counting.<br><br>OVERVIEW<br>\u2022 Track Workouts - Go for a run, walk, jog, bike, or any activity really. With GPS, you\u2019ll get a clear view of your training in real time.<br>\u2022 Set Goals - Have a race, weight, or pace in mind? We can coach you to get there. <br>\u2022 Follow a Plan - We have personalized routines to fit into your busy schedule. And helpful reminders, just in case.<br>\u2022 Stay Motivated - Join challenges, snag exercise rewards, and share achievements with your friends.<br>\u2022 See Progress - This whole running thing works. You\u2019ll see the sweat and we\u2019ll show you the numbers to prove it!<br><br>TOP FEATURES<br>\u2022 Running Groups - Create a custom challenge, invite friends, track each other\u2019s progress, and use the chat to cheer each other on. <br>\u2022 Audio Cues - A motivating voice that you can customize to relay your pace, distance, and time.<br>\u2022 Training Plans - Make major progress by following a plan. We\u2019ll be here for you every step of the way.<br>\u2022 Routes - Save, discover, and build new routes with GPS.<br>\u2022 Challenges - Stay motivated with exclusive workout experiences and rewards.<br>\u2022 Partner Apps - Keep moving with the music you love with our Spotify integration. Connect with other top health apps like Fitbit, MyFitnessPal, and more.<br>\u2022 Bluetooth Connectivity - Wireless headphones and heart rate monitors make great workout companions. Also, sync Android Wear, Pebble, and Garmin watches in seconds.<br>\u2022 Stopwatch Mode - Easily add indoor cardio (treadmill, cycling) and gym workouts to keep full exercise log all in one place.<br>\u2022 Social Sharing - Upload your activities and more with your friends on Facebook and Twitter.<br><br>RUNKEEPER GO (Premium)<br>\u2022 Prescribed Workouts - Get a weekly workout schedule tailored to you.<br>\u2022 Progress Insights - See how your runs stack up to each other and get a full view of your fitness journey.<br>\u2022 Live Tracking - Whether it\u2019s training day or race day, share your location with family and friends.","status_identifier":"active","short_description":"Everyone. Every run. Join the community that helps people get out the door and stick with running forever! Track exercise, set goals, sweat, and see progress along the way. Whether you\u2019re working your...","current_ratings":5,"categories":[{"label":"Health & Fitness","value":"health_fitness"}],"screenshots":[{"id":1,"image_link":"javascript:void(0)","preview":"javascript:void(0)"},{"id":1,"image_link":"https:\/\/image.winudf.com\/v2\/image1\/Y29tLmZpdG5lc3NrZWVwZXIucnVua2VlcGVyLnByb19zY3JlZW5fMF8xNTU0NzQwMDk2XzAxMQ\/screen-0.jpg?fakeurl=1&type=.jpg","preview":"https:\/\/image.winudf.com\/v2\/image1\/Y29tLmZpdG5lc3NrZWVwZXIucnVua2VlcGVyLnByb19zY3JlZW5fMF8xNTU0NzQwMDk2XzAxMQ\/screen-0.jpg?fakeurl=1&type=.jpg"},{"id":1,"image_link":"https:\/\/image.winudf.com\/v2\/image1\/Y29tLmZpdG5lc3NrZWVwZXIucnVua2VlcGVyLnByb19zY3JlZW5fMV8xNTU0NzQwMDk3XzA0MQ\/screen-1.jpg?fakeurl=1&type=.jpg","preview":"https:\/\/image.winudf.com\/v2\/image1\/Y29tLmZpdG5lc3NrZWVwZXIucnVua2VlcGVyLnByb19zY3JlZW5fMV8xNTU0NzQwMDk3XzA0MQ\/screen-1.jpg?fakeurl=1&type=.jpg"},{"id":1,"image_link":"https:\/\/image.winudf.com\/v2\/image1\/Y29tLmZpdG5lc3NrZWVwZXIucnVua2VlcGVyLnByb19zY3JlZW5fMl8xNTU0NzQwMDk3XzAxMQ\/screen-2.jpg?fakeurl=1&type=.jpg","preview":"https:\/\/image.winudf.com\/v2\/image1\/Y29tLmZpdG5lc3NrZWVwZXIucnVua2VlcGVyLnByb19zY3JlZW5fMl8xNTU0NzQwMDk3XzAxMQ\/screen-2.jpg?fakeurl=1&type=.jpg"},{"id":1,"image_link":"https:\/\/image.winudf.com\/v2\/image1\/Y29tLmZpdG5lc3NrZWVwZXIucnVua2VlcGVyLnByb19zY3JlZW5fM18xNTU0NzQwMTAyXzA3Ng\/screen-3.jpg?fakeurl=1&type=.jpg","preview":"https:\/\/image.winudf.com\/v2\/image1\/Y29tLmZpdG5lc3NrZWVwZXIucnVua2VlcGVyLnByb19zY3JlZW5fM18xNTU0NzQwMTAyXzA3Ng\/screen-3.jpg?fakeurl=1&type=.jpg"},{"id":1,"image_link":"https:\/\/image.winudf.com\/v2\/image1\/Y29tLmZpdG5lc3NrZWVwZXIucnVua2VlcGVyLnByb19zY3JlZW5fNF8xNTU0NzQwMTA4XzA3Nw\/screen-4.jpg?fakeurl=1&type=.jpg","preview":"https:\/\/image.winudf.com\/v2\/image1\/Y29tLmZpdG5lc3NrZWVwZXIucnVua2VlcGVyLnByb19zY3JlZW5fNF8xNTU0NzQwMTA4XzA3Nw\/screen-4.jpg?fakeurl=1&type=.jpg"},{"id":1,"image_link":"https:\/\/image.winudf.com\/v2\/image1\/Y29tLmZpdG5lc3NrZWVwZXIucnVua2VlcGVyLnByb19zY3JlZW5fNV8xNTU0NzQwMTA4XzA0NA\/screen-5.jpg?fakeurl=1&type=.jpg","preview":"https:\/\/image.winudf.com\/v2\/image1\/Y29tLmZpdG5lc3NrZWVwZXIucnVua2VlcGVyLnByb19zY3JlZW5fNV8xNTU0NzQwMTA4XzA0NA\/screen-5.jpg?fakeurl=1&type=.jpg"},{"id":1,"image_link":"https:\/\/image.winudf.com\/v2\/image1\/Y29tLmZpdG5lc3NrZWVwZXIucnVua2VlcGVyLnByb19zY3JlZW5fNl8xNTU0NzQwMTA4XzAyMA\/screen-6.jpg?fakeurl=1&type=.jpg","preview":"https:\/\/image.winudf.com\/v2\/image1\/Y29tLmZpdG5lc3NrZWVwZXIucnVua2VlcGVyLnByb19zY3JlZW5fNl8xNTU0NzQwMTA4XzAyMA\/screen-6.jpg?fakeurl=1&type=.jpg"},{"id":1,"image_link":"https:\/\/image.winudf.com\/v2\/image1\/Y29tLmZpdG5lc3NrZWVwZXIucnVua2VlcGVyLnByb19zY3JlZW5fN18xNTU0NzQwMTEwXzA0NQ\/screen-7.jpg?fakeurl=1&type=.jpg","preview":"https:\/\/image.winudf.com\/v2\/image1\/Y29tLmZpdG5lc3NrZWVwZXIucnVua2VlcGVyLnByb19zY3JlZW5fN18xNTU0NzQwMTEwXzA0NQ\/screen-7.jpg?fakeurl=1&type=.jpg"},{"id":1,"image_link":"https:\/\/image.winudf.com\/v2\/image1\/Y29tLmZpdG5lc3NrZWVwZXIucnVua2VlcGVyLnByb19zY3JlZW5fOF8xNTU0NzQwMTExXzA2NA\/screen-8.jpg?fakeurl=1&type=.jpg","preview":"https:\/\/image.winudf.com\/v2\/image1\/Y29tLmZpdG5lc3NrZWVwZXIucnVua2VlcGVyLnByb19zY3JlZW5fOF8xNTU0NzQwMTExXzA2NA\/screen-8.jpg?fakeurl=1&type=.jpg"},{"id":1,"image_link":"https:\/\/image.winudf.com\/v2\/image1\/Y29tLmZpdG5lc3NrZWVwZXIucnVua2VlcGVyLnByb19zY3JlZW5fOV8xNTU0NzQwMTExXzAyNg\/screen-9.jpg?fakeurl=1&type=.jpg","preview":"https:\/\/image.winudf.com\/v2\/image1\/Y29tLmZpdG5lc3NrZWVwZXIucnVua2VlcGVyLnByb19zY3JlZW5fOV8xNTU0NzQwMTExXzAyNg\/screen-9.jpg?fakeurl=1&type=.jpg"},{"id":1,"image_link":"https:\/\/image.winudf.com\/v2\/image1\/Y29tLmZpdG5lc3NrZWVwZXIucnVua2VlcGVyLnByb19zY3JlZW5fMTBfMTU1NDc0MDExMl8wMTU\/screen-10.jpg?fakeurl=1&type=.jpg","preview":"https:\/\/image.winudf.com\/v2\/image1\/Y29tLmZpdG5lc3NrZWVwZXIucnVua2VlcGVyLnByb19zY3JlZW5fMTBfMTU1NDc0MDExMl8wMTU\/screen-10.jpg?fakeurl=1&type=.jpg"}],"screenshot_previews":[{"id":1,"image_link":"javascript:void(0)","preview":"javascript:void(0)"},{"id":1,"image_link":"https:\/\/image.winudf.com\/v2\/image1\/Y29tLmZpdG5lc3NrZWVwZXIucnVua2VlcGVyLnByb19zY3JlZW5fMF8xNTU0NzQwMDk2XzAxMQ\/screen-0.jpg?fakeurl=1&type=.jpg","preview":"https:\/\/image.winudf.com\/v2\/image1\/Y29tLmZpdG5lc3NrZWVwZXIucnVua2VlcGVyLnByb19zY3JlZW5fMF8xNTU0NzQwMDk2XzAxMQ\/screen-0.jpg?fakeurl=1&type=.jpg"},{"id":1,"image_link":"https:\/\/image.winudf.com\/v2\/image1\/Y29tLmZpdG5lc3NrZWVwZXIucnVua2VlcGVyLnByb19zY3JlZW5fMV8xNTU0NzQwMDk3XzA0MQ\/screen-1.jpg?fakeurl=1&type=.jpg","preview":"https:\/\/image.winudf.com\/v2\/image1\/Y29tLmZpdG5lc3NrZWVwZXIucnVua2VlcGVyLnByb19zY3JlZW5fMV8xNTU0NzQwMDk3XzA0MQ\/screen-1.jpg?fakeurl=1&type=.jpg"},{"id":1,"image_link":"https:\/\/image.winudf.com\/v2\/image1\/Y29tLmZpdG5lc3NrZWVwZXIucnVua2VlcGVyLnByb19zY3JlZW5fMl8xNTU0NzQwMDk3XzAxMQ\/screen-2.jpg?fakeurl=1&type=.jpg","preview":"https:\/\/image.winudf.com\/v2\/image1\/Y29tLmZpdG5lc3NrZWVwZXIucnVua2VlcGVyLnByb19zY3JlZW5fMl8xNTU0NzQwMDk3XzAxMQ\/screen-2.jpg?fakeurl=1&type=.jpg"},{"id":1,"image_link":"https:\/\/image.winudf.com\/v2\/image1\/Y29tLmZpdG5lc3NrZWVwZXIucnVua2VlcGVyLnByb19zY3JlZW5fM18xNTU0NzQwMTAyXzA3Ng\/screen-3.jpg?fakeurl=1&type=.jpg","preview":"https:\/\/image.winudf.com\/v2\/image1\/Y29tLmZpdG5lc3NrZWVwZXIucnVua2VlcGVyLnByb19zY3JlZW5fM18xNTU0NzQwMTAyXzA3Ng\/screen-3.jpg?fakeurl=1&type=.jpg"},{"id":1,"image_link":"https:\/\/image.winudf.com\/v2\/image1\/Y29tLmZpdG5lc3NrZWVwZXIucnVua2VlcGVyLnByb19zY3JlZW5fNF8xNTU0NzQwMTA4XzA3Nw\/screen-4.jpg?fakeurl=1&type=.jpg","preview":"https:\/\/image.winudf.com\/v2\/image1\/Y29tLmZpdG5lc3NrZWVwZXIucnVua2VlcGVyLnByb19zY3JlZW5fNF8xNTU0NzQwMTA4XzA3Nw\/screen-4.jpg?fakeurl=1&type=.jpg"},{"id":1,"image_link":"https:\/\/image.winudf.com\/v2\/image1\/Y29tLmZpdG5lc3NrZWVwZXIucnVua2VlcGVyLnByb19zY3JlZW5fNV8xNTU0NzQwMTA4XzA0NA\/screen-5.jpg?fakeurl=1&type=.jpg","preview":"https:\/\/image.winudf.com\/v2\/image1\/Y29tLmZpdG5lc3NrZWVwZXIucnVua2VlcGVyLnByb19zY3JlZW5fNV8xNTU0NzQwMTA4XzA0NA\/screen-5.jpg?fakeurl=1&type=.jpg"},{"id":1,"image_link":"https:\/\/image.winudf.com\/v2\/image1\/Y29tLmZpdG5lc3NrZWVwZXIucnVua2VlcGVyLnByb19zY3JlZW5fNl8xNTU0NzQwMTA4XzAyMA\/screen-6.jpg?fakeurl=1&type=.jpg","preview":"https:\/\/image.winudf.com\/v2\/image1\/Y29tLmZpdG5lc3NrZWVwZXIucnVua2VlcGVyLnByb19zY3JlZW5fNl8xNTU0NzQwMTA4XzAyMA\/screen-6.jpg?fakeurl=1&type=.jpg"},{"id":1,"image_link":"https:\/\/image.winudf.com\/v2\/image1\/Y29tLmZpdG5lc3NrZWVwZXIucnVua2VlcGVyLnByb19zY3JlZW5fN18xNTU0NzQwMTEwXzA0NQ\/screen-7.jpg?fakeurl=1&type=.jpg","preview":"https:\/\/image.winudf.com\/v2\/image1\/Y29tLmZpdG5lc3NrZWVwZXIucnVua2VlcGVyLnByb19zY3JlZW5fN18xNTU0NzQwMTEwXzA0NQ\/screen-7.jpg?fakeurl=1&type=.jpg"},{"id":1,"image_link":"https:\/\/image.winudf.com\/v2\/image1\/Y29tLmZpdG5lc3NrZWVwZXIucnVua2VlcGVyLnByb19zY3JlZW5fOF8xNTU0NzQwMTExXzA2NA\/screen-8.jpg?fakeurl=1&type=.jpg","preview":"https:\/\/image.winudf.com\/v2\/image1\/Y29tLmZpdG5lc3NrZWVwZXIucnVua2VlcGVyLnByb19zY3JlZW5fOF8xNTU0NzQwMTExXzA2NA\/screen-8.jpg?fakeurl=1&type=.jpg"},{"id":1,"image_link":"https:\/\/image.winudf.com\/v2\/image1\/Y29tLmZpdG5lc3NrZWVwZXIucnVua2VlcGVyLnByb19zY3JlZW5fOV8xNTU0NzQwMTExXzAyNg\/screen-9.jpg?fakeurl=1&type=.jpg","preview":"https:\/\/image.winudf.com\/v2\/image1\/Y29tLmZpdG5lc3NrZWVwZXIucnVua2VlcGVyLnByb19zY3JlZW5fOV8xNTU0NzQwMTExXzAyNg\/screen-9.jpg?fakeurl=1&type=.jpg"},{"id":1,"image_link":"https:\/\/image.winudf.com\/v2\/image1\/Y29tLmZpdG5lc3NrZWVwZXIucnVua2VlcGVyLnByb19zY3JlZW5fMTBfMTU1NDc0MDExMl8wMTU\/screen-10.jpg?fakeurl=1&type=.jpg","preview":"https:\/\/image.winudf.com\/v2\/image1\/Y29tLmZpdG5lc3NrZWVwZXIucnVua2VlcGVyLnByb19zY3JlZW5fMTBfMTU1NDc0MDExMl8wMTU\/screen-10.jpg?fakeurl=1&type=.jpg"}],"total_ratings":1382590,"developer":"ASICS Digital, Inc.","developer_url":"https:\/\/play.google.com\/store\/apps\/developer?id=ASICS Digital, Inc.","tags":["Health &amp; Fitness"],"versions":[{"identifier":"9.9.1","download_link":"https:\/\/apkpure.com\/runkeeper-gps-track-run-walk\/com.fitnesskeeper.runkeeper.pro\/download?from=details","is_link_external":1}],"more_details":[{"title":"Latest Version","identifier":"latest_version","value":"9.9.1 "},{"title":"Publish Date","identifier":"published_date","value":"2019-06-20"},{"title":"Requirement","identifier":"required_android","value":"Android 6.0+"}],"seo_title":"Runkeeper","seo_keyword":"Runkeeper, Runkeeper for android, Runkeeper android download, Runkeeper apk, Runkeeper android apk, Runkeeper download","seo_description":"Download Runkeeper apk 9.9.1 for Android. Track, measure, and improve your fitness."}