{"app_id":"com.mobile.legends","value":"com.mobile.legends","title":"Mobile Legends: Bang Bang","label":"Mobile Legends: Bang Bang","slug":"mobile-legends-bang-bang","app_image_url":"https:\/\/image.winudf.com\/v2\/image1\/Y29tLm1vYmlsZS5sZWdlbmRzX2ljb25fMTU1NTM4Nzg3M18wMTk\/icon.png?w=170&fakeurl=1","app_link":"https:\/\/play.google.com\/store\/apps\/details?id=com.mobile.legends","description":"<b>Mobile Legends Bang Bang<\/b> is one of the most popular multiplayer online battle arena (MOBA) game in southeast Aisa. Mobile Legends has a little bit of similarities to the popular MOBAs on PC League of Legends but designed only for Android&amp;iOS smartphones and tablets. Good graphic and easy to control, different types of historical and mythical hero characters designed. Be sure you will play this game with a good Wifi connection, just because network latency will help your opponent kill your hero to death in game. <b><a href=\"https:\/\/apkpure.com\/url?q=https%3A%2F%2Fapkpure.com%2Fmobile-legends-bang-bang%2Fcom.mobile.legends\" rel=\"nofollow\" target=\"_blank\" title=\"Download Mobile Legends\">Download Mobile Legends Bang Bang<\/a> on APKPure and play today!<br><\/b><br>\n\nJoin your friends in a brand new 5v5 MOBA showdown against real human opponents, Mobile Legends! Choose your favorite heroes and build the perfect team with your comrades-in-arms! 10-second matchmaking, 10-minute battles. Laning, jungling, tower rushing, team battles, all the fun of PC MOBAs and action games in the palm of your hand! Feed your eSports spirit!<br><br>\n\nMobile Legends, 2017\u2019s brand new mobile eSports masterpiece. Shatter your opponents with the touch of your finger and claim the crown of strongest Challenger!<br><br>\n\nYour phone thirsts for battle!<br><br><b>Mobile Legends Top Features: <\/b><br><br><b>\n\n1. Classic MOBA Maps, 5v5 Battles <\/b><br>\nReal-time 5v5 battles against real opponents. Fight over 3 lanes to take the enemy\u2019s tower. 4 jungle areas. 18 defense towers. 2 Wild Bosses. Complete reproductions of classic MOBA maps. Full-on 5v5, Human vs. Human battles. A triumphant return to genuine MOBA gameplay.<br><br><b>\n\n2. Win with Teamwork &amp; Strategy <\/b><br>\nBlock damage, control the enemy, and heal teammates! Choose from Tanks, Mages, Marksmen, Assassins, Supports, etc. to anchor your team or be match MVP! New heroes are constantly being released!<br><br><b>\n\n3. Fair Fights, Carry Your Team to Victory <\/b><br>\nJust like classic MOBAs, there is no hero training or paying for stats. Winners and losers are decided based on skill and ability on this fair and balanced platform for competitive gaming. Play to Win, not Pay to Win.<br><br><b>\n\n4. Simple Controls, Easy to Master <\/b><br>\nWith a virtual joystick on the left and skill buttons on the right, 2 fingers are all you need to become a master! Autolock and target sifting allow you to last hit to your heart\u2019s content. Never miss! And a convenient tap-to-equip system lets you focus on the thrill of battle!<br><br><b>\n\n5. 10 Second Matchmaking, 10 Minute Matches <\/b><br>\nMatchmaking only takes 10 seconds, and battles last 10 minutes, glossing over the quiet early-game leveling up and jumping right into intense battles. Less boring waiting and repetitive farming, and more thrilling action and fist-pumping victories. At any place, at any moment, just pick up your phone, fire up the game, and immerse yourself in heart-pounding MOBA competition.<br><br><b>\n\n6. Smart Offline AI Assistance <\/b><br>\nIn most MOBAs, a dropped connection means hanging your team out to dry, but with Mobile Legends\u2019s powerful reconnection system, if you get dropped, you can be back in the battle in seconds. And while you\u2019re offline, your character will be controlled by our AI system to avoid a 5-on-4 situation.<br><br>\n\nPLEASE NOTE! Mobile Legends: Bang bang is free to download and play, however some game items can also be purchased for real money. If you do not want to use this feature, please set up password protection for purchases in the settings of your Google Play Store app. Also, under our Terms of Service and Privacy Policy, you must be at least 12 years of age to play or download Mobile Legends: Bang bang.","status_identifier":"active","short_description":"Mobile Legends Bang Bang is one of the most popular multiplayer online battle arena (MOBA) game in southeast Aisa. Mobile Legends has a little bit of similarities to the popular MOBAs on PC League of...","current_ratings":4.35,"categories":[{"label":"Action","value":"action"}],"screenshots":[{"id":1,"image_link":"javascript:void(0)","preview":"javascript:void(0)"},{"id":1,"image_link":"https:\/\/image.winudf.com\/v2\/image1\/Y29tLm1vYmlsZS5sZWdlbmRzX3NjcmVlbl8wXzE1NTcxOTkwNDFfMDA4\/screen-0.jpg?fakeurl=1&type=.jpg","preview":"https:\/\/image.winudf.com\/v2\/image1\/Y29tLm1vYmlsZS5sZWdlbmRzX3NjcmVlbl8wXzE1NTcxOTkwNDFfMDA4\/screen-0.jpg?fakeurl=1&type=.jpg"},{"id":1,"image_link":"https:\/\/image.winudf.com\/v2\/image1\/Y29tLm1vYmlsZS5sZWdlbmRzX3NjcmVlbl8xXzE1NTcxOTkwNDFfMDcy\/screen-1.jpg?fakeurl=1&type=.jpg","preview":"https:\/\/image.winudf.com\/v2\/image1\/Y29tLm1vYmlsZS5sZWdlbmRzX3NjcmVlbl8xXzE1NTcxOTkwNDFfMDcy\/screen-1.jpg?fakeurl=1&type=.jpg"},{"id":1,"image_link":"https:\/\/image.winudf.com\/v2\/image1\/Y29tLm1vYmlsZS5sZWdlbmRzX3NjcmVlbl8yXzE1NTcxOTkwNDFfMDYw\/screen-2.jpg?fakeurl=1&type=.jpg","preview":"https:\/\/image.winudf.com\/v2\/image1\/Y29tLm1vYmlsZS5sZWdlbmRzX3NjcmVlbl8yXzE1NTcxOTkwNDFfMDYw\/screen-2.jpg?fakeurl=1&type=.jpg"},{"id":1,"image_link":"https:\/\/image.winudf.com\/v2\/image1\/Y29tLm1vYmlsZS5sZWdlbmRzX3NjcmVlbl8zXzE1NTcxOTkwNDJfMDA1\/screen-3.jpg?fakeurl=1&type=.jpg","preview":"https:\/\/image.winudf.com\/v2\/image1\/Y29tLm1vYmlsZS5sZWdlbmRzX3NjcmVlbl8zXzE1NTcxOTkwNDJfMDA1\/screen-3.jpg?fakeurl=1&type=.jpg"},{"id":1,"image_link":"https:\/\/image.winudf.com\/v2\/image1\/Y29tLm1vYmlsZS5sZWdlbmRzX3NjcmVlbl80XzE1NTcxOTkwNDJfMDY0\/screen-4.jpg?fakeurl=1&type=.jpg","preview":"https:\/\/image.winudf.com\/v2\/image1\/Y29tLm1vYmlsZS5sZWdlbmRzX3NjcmVlbl80XzE1NTcxOTkwNDJfMDY0\/screen-4.jpg?fakeurl=1&type=.jpg"},{"id":1,"image_link":"https:\/\/image.winudf.com\/v2\/image1\/Y29tLm1vYmlsZS5sZWdlbmRzX3NjcmVlbl81XzE1NTcxOTkwNDNfMDI2\/screen-5.jpg?fakeurl=1&type=.jpg","preview":"https:\/\/image.winudf.com\/v2\/image1\/Y29tLm1vYmlsZS5sZWdlbmRzX3NjcmVlbl81XzE1NTcxOTkwNDNfMDI2\/screen-5.jpg?fakeurl=1&type=.jpg"},{"id":1,"image_link":"https:\/\/image.winudf.com\/v2\/image1\/Y29tLm1vYmlsZS5sZWdlbmRzX3NjcmVlbl82XzE1NTcxOTkwNDRfMDY5\/screen-6.jpg?fakeurl=1&type=.jpg","preview":"https:\/\/image.winudf.com\/v2\/image1\/Y29tLm1vYmlsZS5sZWdlbmRzX3NjcmVlbl82XzE1NTcxOTkwNDRfMDY5\/screen-6.jpg?fakeurl=1&type=.jpg"},{"id":1,"image_link":"https:\/\/image.winudf.com\/v2\/image1\/Y29tLm1vYmlsZS5sZWdlbmRzX3NjcmVlbl83XzE1NTcxOTkwNDRfMDc1\/screen-7.jpg?fakeurl=1&type=.jpg","preview":"https:\/\/image.winudf.com\/v2\/image1\/Y29tLm1vYmlsZS5sZWdlbmRzX3NjcmVlbl83XzE1NTcxOTkwNDRfMDc1\/screen-7.jpg?fakeurl=1&type=.jpg"},{"id":1,"image_link":"https:\/\/image.winudf.com\/v2\/image1\/Y29tLm1vYmlsZS5sZWdlbmRzX3NjcmVlbl84XzE1NTcxOTkwNDRfMDIz\/screen-8.jpg?fakeurl=1&type=.jpg","preview":"https:\/\/image.winudf.com\/v2\/image1\/Y29tLm1vYmlsZS5sZWdlbmRzX3NjcmVlbl84XzE1NTcxOTkwNDRfMDIz\/screen-8.jpg?fakeurl=1&type=.jpg"},{"id":1,"image_link":"https:\/\/image.winudf.com\/v2\/image1\/Y29tLm1vYmlsZS5sZWdlbmRzX3NjcmVlbl85XzE1NTcxOTkwNDVfMDYw\/screen-9.jpg?fakeurl=1&type=.jpg","preview":"https:\/\/image.winudf.com\/v2\/image1\/Y29tLm1vYmlsZS5sZWdlbmRzX3NjcmVlbl85XzE1NTcxOTkwNDVfMDYw\/screen-9.jpg?fakeurl=1&type=.jpg"},{"id":1,"image_link":"https:\/\/image.winudf.com\/v2\/image1\/Y29tLm1vYmlsZS5sZWdlbmRzX3NjcmVlbl8xMF8xNTU3MTk5MDQ1XzAzMQ\/screen-10.jpg?fakeurl=1&type=.jpg","preview":"https:\/\/image.winudf.com\/v2\/image1\/Y29tLm1vYmlsZS5sZWdlbmRzX3NjcmVlbl8xMF8xNTU3MTk5MDQ1XzAzMQ\/screen-10.jpg?fakeurl=1&type=.jpg"},{"id":1,"image_link":"https:\/\/image.winudf.com\/v2\/image1\/Y29tLm1vYmlsZS5sZWdlbmRzX3NjcmVlbl8xMV8xNTU3MTk5MDQ2XzAxMw\/screen-11.jpg?fakeurl=1&type=.jpg","preview":"https:\/\/image.winudf.com\/v2\/image1\/Y29tLm1vYmlsZS5sZWdlbmRzX3NjcmVlbl8xMV8xNTU3MTk5MDQ2XzAxMw\/screen-11.jpg?fakeurl=1&type=.jpg"},{"id":1,"image_link":"https:\/\/image.winudf.com\/v2\/image1\/Y29tLm1vYmlsZS5sZWdlbmRzX3NjcmVlbl8xMl8xNTU3MTk5MDQ2XzA1Ng\/screen-12.jpg?fakeurl=1&type=.jpg","preview":"https:\/\/image.winudf.com\/v2\/image1\/Y29tLm1vYmlsZS5sZWdlbmRzX3NjcmVlbl8xMl8xNTU3MTk5MDQ2XzA1Ng\/screen-12.jpg?fakeurl=1&type=.jpg"},{"id":1,"image_link":"https:\/\/image.winudf.com\/v2\/image1\/Y29tLm1vYmlsZS5sZWdlbmRzX3NjcmVlbl8xM18xNTU3MTk5MDQ2XzA0Nw\/screen-13.jpg?fakeurl=1&type=.jpg","preview":"https:\/\/image.winudf.com\/v2\/image1\/Y29tLm1vYmlsZS5sZWdlbmRzX3NjcmVlbl8xM18xNTU3MTk5MDQ2XzA0Nw\/screen-13.jpg?fakeurl=1&type=.jpg"},{"id":1,"image_link":"https:\/\/image.winudf.com\/v2\/image1\/Y29tLm1vYmlsZS5sZWdlbmRzX3NjcmVlbl8xNF8xNTU3MTk5MDQ3XzA1MA\/screen-14.jpg?fakeurl=1&type=.jpg","preview":"https:\/\/image.winudf.com\/v2\/image1\/Y29tLm1vYmlsZS5sZWdlbmRzX3NjcmVlbl8xNF8xNTU3MTk5MDQ3XzA1MA\/screen-14.jpg?fakeurl=1&type=.jpg"}],"screenshot_previews":[{"id":1,"image_link":"javascript:void(0)","preview":"javascript:void(0)"},{"id":1,"image_link":"https:\/\/image.winudf.com\/v2\/image1\/Y29tLm1vYmlsZS5sZWdlbmRzX3NjcmVlbl8wXzE1NTcxOTkwNDFfMDA4\/screen-0.jpg?fakeurl=1&type=.jpg","preview":"https:\/\/image.winudf.com\/v2\/image1\/Y29tLm1vYmlsZS5sZWdlbmRzX3NjcmVlbl8wXzE1NTcxOTkwNDFfMDA4\/screen-0.jpg?fakeurl=1&type=.jpg"},{"id":1,"image_link":"https:\/\/image.winudf.com\/v2\/image1\/Y29tLm1vYmlsZS5sZWdlbmRzX3NjcmVlbl8xXzE1NTcxOTkwNDFfMDcy\/screen-1.jpg?fakeurl=1&type=.jpg","preview":"https:\/\/image.winudf.com\/v2\/image1\/Y29tLm1vYmlsZS5sZWdlbmRzX3NjcmVlbl8xXzE1NTcxOTkwNDFfMDcy\/screen-1.jpg?fakeurl=1&type=.jpg"},{"id":1,"image_link":"https:\/\/image.winudf.com\/v2\/image1\/Y29tLm1vYmlsZS5sZWdlbmRzX3NjcmVlbl8yXzE1NTcxOTkwNDFfMDYw\/screen-2.jpg?fakeurl=1&type=.jpg","preview":"https:\/\/image.winudf.com\/v2\/image1\/Y29tLm1vYmlsZS5sZWdlbmRzX3NjcmVlbl8yXzE1NTcxOTkwNDFfMDYw\/screen-2.jpg?fakeurl=1&type=.jpg"},{"id":1,"image_link":"https:\/\/image.winudf.com\/v2\/image1\/Y29tLm1vYmlsZS5sZWdlbmRzX3NjcmVlbl8zXzE1NTcxOTkwNDJfMDA1\/screen-3.jpg?fakeurl=1&type=.jpg","preview":"https:\/\/image.winudf.com\/v2\/image1\/Y29tLm1vYmlsZS5sZWdlbmRzX3NjcmVlbl8zXzE1NTcxOTkwNDJfMDA1\/screen-3.jpg?fakeurl=1&type=.jpg"},{"id":1,"image_link":"https:\/\/image.winudf.com\/v2\/image1\/Y29tLm1vYmlsZS5sZWdlbmRzX3NjcmVlbl80XzE1NTcxOTkwNDJfMDY0\/screen-4.jpg?fakeurl=1&type=.jpg","preview":"https:\/\/image.winudf.com\/v2\/image1\/Y29tLm1vYmlsZS5sZWdlbmRzX3NjcmVlbl80XzE1NTcxOTkwNDJfMDY0\/screen-4.jpg?fakeurl=1&type=.jpg"},{"id":1,"image_link":"https:\/\/image.winudf.com\/v2\/image1\/Y29tLm1vYmlsZS5sZWdlbmRzX3NjcmVlbl81XzE1NTcxOTkwNDNfMDI2\/screen-5.jpg?fakeurl=1&type=.jpg","preview":"https:\/\/image.winudf.com\/v2\/image1\/Y29tLm1vYmlsZS5sZWdlbmRzX3NjcmVlbl81XzE1NTcxOTkwNDNfMDI2\/screen-5.jpg?fakeurl=1&type=.jpg"},{"id":1,"image_link":"https:\/\/image.winudf.com\/v2\/image1\/Y29tLm1vYmlsZS5sZWdlbmRzX3NjcmVlbl82XzE1NTcxOTkwNDRfMDY5\/screen-6.jpg?fakeurl=1&type=.jpg","preview":"https:\/\/image.winudf.com\/v2\/image1\/Y29tLm1vYmlsZS5sZWdlbmRzX3NjcmVlbl82XzE1NTcxOTkwNDRfMDY5\/screen-6.jpg?fakeurl=1&type=.jpg"},{"id":1,"image_link":"https:\/\/image.winudf.com\/v2\/image1\/Y29tLm1vYmlsZS5sZWdlbmRzX3NjcmVlbl83XzE1NTcxOTkwNDRfMDc1\/screen-7.jpg?fakeurl=1&type=.jpg","preview":"https:\/\/image.winudf.com\/v2\/image1\/Y29tLm1vYmlsZS5sZWdlbmRzX3NjcmVlbl83XzE1NTcxOTkwNDRfMDc1\/screen-7.jpg?fakeurl=1&type=.jpg"},{"id":1,"image_link":"https:\/\/image.winudf.com\/v2\/image1\/Y29tLm1vYmlsZS5sZWdlbmRzX3NjcmVlbl84XzE1NTcxOTkwNDRfMDIz\/screen-8.jpg?fakeurl=1&type=.jpg","preview":"https:\/\/image.winudf.com\/v2\/image1\/Y29tLm1vYmlsZS5sZWdlbmRzX3NjcmVlbl84XzE1NTcxOTkwNDRfMDIz\/screen-8.jpg?fakeurl=1&type=.jpg"},{"id":1,"image_link":"https:\/\/image.winudf.com\/v2\/image1\/Y29tLm1vYmlsZS5sZWdlbmRzX3NjcmVlbl85XzE1NTcxOTkwNDVfMDYw\/screen-9.jpg?fakeurl=1&type=.jpg","preview":"https:\/\/image.winudf.com\/v2\/image1\/Y29tLm1vYmlsZS5sZWdlbmRzX3NjcmVlbl85XzE1NTcxOTkwNDVfMDYw\/screen-9.jpg?fakeurl=1&type=.jpg"},{"id":1,"image_link":"https:\/\/image.winudf.com\/v2\/image1\/Y29tLm1vYmlsZS5sZWdlbmRzX3NjcmVlbl8xMF8xNTU3MTk5MDQ1XzAzMQ\/screen-10.jpg?fakeurl=1&type=.jpg","preview":"https:\/\/image.winudf.com\/v2\/image1\/Y29tLm1vYmlsZS5sZWdlbmRzX3NjcmVlbl8xMF8xNTU3MTk5MDQ1XzAzMQ\/screen-10.jpg?fakeurl=1&type=.jpg"},{"id":1,"image_link":"https:\/\/image.winudf.com\/v2\/image1\/Y29tLm1vYmlsZS5sZWdlbmRzX3NjcmVlbl8xMV8xNTU3MTk5MDQ2XzAxMw\/screen-11.jpg?fakeurl=1&type=.jpg","preview":"https:\/\/image.winudf.com\/v2\/image1\/Y29tLm1vYmlsZS5sZWdlbmRzX3NjcmVlbl8xMV8xNTU3MTk5MDQ2XzAxMw\/screen-11.jpg?fakeurl=1&type=.jpg"},{"id":1,"image_link":"https:\/\/image.winudf.com\/v2\/image1\/Y29tLm1vYmlsZS5sZWdlbmRzX3NjcmVlbl8xMl8xNTU3MTk5MDQ2XzA1Ng\/screen-12.jpg?fakeurl=1&type=.jpg","preview":"https:\/\/image.winudf.com\/v2\/image1\/Y29tLm1vYmlsZS5sZWdlbmRzX3NjcmVlbl8xMl8xNTU3MTk5MDQ2XzA1Ng\/screen-12.jpg?fakeurl=1&type=.jpg"},{"id":1,"image_link":"https:\/\/image.winudf.com\/v2\/image1\/Y29tLm1vYmlsZS5sZWdlbmRzX3NjcmVlbl8xM18xNTU3MTk5MDQ2XzA0Nw\/screen-13.jpg?fakeurl=1&type=.jpg","preview":"https:\/\/image.winudf.com\/v2\/image1\/Y29tLm1vYmlsZS5sZWdlbmRzX3NjcmVlbl8xM18xNTU3MTk5MDQ2XzA0Nw\/screen-13.jpg?fakeurl=1&type=.jpg"},{"id":1,"image_link":"https:\/\/image.winudf.com\/v2\/image1\/Y29tLm1vYmlsZS5sZWdlbmRzX3NjcmVlbl8xNF8xNTU3MTk5MDQ3XzA1MA\/screen-14.jpg?fakeurl=1&type=.jpg","preview":"https:\/\/image.winudf.com\/v2\/image1\/Y29tLm1vYmlsZS5sZWdlbmRzX3NjcmVlbl8xNF8xNTU3MTk5MDQ3XzA1MA\/screen-14.jpg?fakeurl=1&type=.jpg"}],"total_ratings":405037,"developer":"Moonton","developer_url":"https:\/\/play.google.com\/store\/apps\/developer?id=Moonton","tags":["Legends heroes","5v5","MOBA","Online","Action","PVP","Online Multiplayer","online"],"versions":[{"identifier":"1.3.81.4061","download_link":"https:\/\/apkpure.com\/mobile-legends-bang-bang\/com.mobile.legends\/download?from=details","is_link_external":1}],"more_details":[{"title":"Latest Version","identifier":"latest_version","value":"1.3.81.4061 "},{"title":"Publish Date","identifier":"published_date","value":"2019-06-15"},{"title":"Requirement","identifier":"required_android","value":"Android 4.0.3+"}],"seo_title":"Mobile Legends: Bang Bang","seo_keyword":"Mobile Legends: Bang bang apk, Mobile Legends: Bang bang apk download, Mobile Legends: Bang bang download, Mobile Legends: Bang bang.apk, Mobile Legends: Bang bang android, mobile legends","seo_description":"Download Mobile Legends: Bang Bang apk 1.3.81.4061 for Android. Enjoy the Classic MOBA on Your Mobile. Challenge Top Players All Over the World!"}