{"app_id":"com.sail.advanced.booster","value":"com.sail.advanced.booster","title":"Deep Booster","label":"Deep Booster","slug":"deep-booster","app_image_url":"https:\/\/image.winudf.com\/v2\/image1\/Y29tLnNhaWwuYWR2YW5jZWQuYm9vc3Rlcl9pY29uXzE1NTUyNjM0NTNfMDA2\/icon.png?w=170&fakeurl=1","app_link":"https:\/\/play.google.com\/store\/apps\/details?id=com.sail.advanced.booster","description":"Deep Booster is one of the best cleaning apps. it's a light, fast &amp; smart android phone cleaner and booster app that clean phone memory and storage space with simply 1 tap.this is a memory cleaner, junk files cleaner, RAM cleaner,booster &amp; CPU cooler. It optimizes cache memory space, keeping your Android devices cleaner and booster. <br>The cleaner app will monitor your system by our cleaning services; it will send notice sweep and delete junk file when the cache is full;With the cleaner app, you can delete cache memory data at any time to create a new memory for the next session of the device. CPU cooler can cool down your android phone CPU temperature effectively with one tap.<br>This is fastest clean app, its one of best phone speed booster, cleaner apps for android to speed up your phone. The lowest power consumption with can optimize your android performance.<br>Download Deep Booster to keep your phone clean and security NOW!<br><br>\u3010Deep Booster Features: \u3011<br>\u2605Memory boost-- Let your device no more laggy <br>\u2605Advanced cleaning-- Sort the useless files,free up more space<br>\u2605Battery Saver -- Increase battery life by feezing<br>\u2605Notification Cleaner -- No annoying notifications <br>\u2605Phone Info -- Real time monitoring of device info<br>\u2605App Manager -- Controlling cell phone apps<br>\u2605CPU Cooler -- Minimizes CPU temperature and enhances performance <br><br>Deep Booster Highlights:<br><br>-\u2764 Phone Boost<br>Clean unnecessary apps running in background to free up memory, Deep Booster can intelligently clean background processes, stop stealthy running apps and disable stealthy auto-start apps even on non-root devices. freeing up RAM .<br><br>-\u2764 Junk Clean<br>Deep Booster is clean master. Analyze all of your apps, photo junk, video junk, cache junk, and residual junk...<br>to prevent your phone from running slowly or lagging. Absolutely, Laggy issues as well as running slow will be effectively alleviated. Cleaner can help boost and optimize your phone's speed and performance.<br><br>-\u2764 Battery Saver<br>Scan application information in your mobile and prolong battery stand-by time by shutting down useless process and freezing self-starting applications completely.<br><br>-\u2764 Notification Cleaner <br>There are always many annoying notifications when we use the phone. Deep Booster is clean master. Analyze all of your apps, Manage and organize notifications effectively, reduce interruptions, create a smooth, clean and fast phone experience.,to prevent your phone from running slowly or lagging helps to gather all the useless notifications to make them quiet and clean, phone being more efficient. <br><br>-\u2764 Phone Info<br>Real time monitoring of device info<br><br>-\u2764 App Manager<br>Remove apps you don't use to save more space, and boost\/speed up your phone.<br><br>-\u2764 CPU Cooler<br>CPU cooler for android that stops overheating apps &amp; settings<br><br><br>If you have any questions about Deep Booster, please email us at: <br>DeepBooster@outlook.com.","status_identifier":"active","short_description":"Deep Booster is one of the best cleaning apps. it's a light, fast &amp; smart android phone cleaner and booster app that clean phone memory and storage space with simply 1 tap.this is a memory cleaner...","current_ratings":5,"categories":[{"label":"Tools","value":"tools"}],"screenshots":[{"id":1,"image_link":"javascript:void(0)","preview":"javascript:void(0)"},{"id":1,"image_link":"https:\/\/image.winudf.com\/v2\/image1\/Y29tLnNhaWwuYWR2YW5jZWQuYm9vc3Rlcl9zY3JlZW5fMF8xNTU1OTc5Nzk4XzA4Nw\/screen-0.jpg?fakeurl=1&type=.jpg","preview":"https:\/\/image.winudf.com\/v2\/image1\/Y29tLnNhaWwuYWR2YW5jZWQuYm9vc3Rlcl9zY3JlZW5fMF8xNTU1OTc5Nzk4XzA4Nw\/screen-0.jpg?fakeurl=1&type=.jpg"},{"id":1,"image_link":"https:\/\/image.winudf.com\/v2\/image1\/Y29tLnNhaWwuYWR2YW5jZWQuYm9vc3Rlcl9zY3JlZW5fMV8xNTU1OTc5Nzk5XzA2NQ\/screen-1.jpg?fakeurl=1&type=.jpg","preview":"https:\/\/image.winudf.com\/v2\/image1\/Y29tLnNhaWwuYWR2YW5jZWQuYm9vc3Rlcl9zY3JlZW5fMV8xNTU1OTc5Nzk5XzA2NQ\/screen-1.jpg?fakeurl=1&type=.jpg"},{"id":1,"image_link":"https:\/\/image.winudf.com\/v2\/image1\/Y29tLnNhaWwuYWR2YW5jZWQuYm9vc3Rlcl9zY3JlZW5fMl8xNTU1OTc5Nzk5XzA0Mg\/screen-2.jpg?fakeurl=1&type=.jpg","preview":"https:\/\/image.winudf.com\/v2\/image1\/Y29tLnNhaWwuYWR2YW5jZWQuYm9vc3Rlcl9zY3JlZW5fMl8xNTU1OTc5Nzk5XzA0Mg\/screen-2.jpg?fakeurl=1&type=.jpg"},{"id":1,"image_link":"https:\/\/image.winudf.com\/v2\/image1\/Y29tLnNhaWwuYWR2YW5jZWQuYm9vc3Rlcl9zY3JlZW5fM18xNTU1OTc5Nzk5XzA1NQ\/screen-3.jpg?fakeurl=1&type=.jpg","preview":"https:\/\/image.winudf.com\/v2\/image1\/Y29tLnNhaWwuYWR2YW5jZWQuYm9vc3Rlcl9zY3JlZW5fM18xNTU1OTc5Nzk5XzA1NQ\/screen-3.jpg?fakeurl=1&type=.jpg"},{"id":1,"image_link":"https:\/\/image.winudf.com\/v2\/image1\/Y29tLnNhaWwuYWR2YW5jZWQuYm9vc3Rlcl9zY3JlZW5fNF8xNTU1OTc5Nzk5XzA4Mw\/screen-4.jpg?fakeurl=1&type=.jpg","preview":"https:\/\/image.winudf.com\/v2\/image1\/Y29tLnNhaWwuYWR2YW5jZWQuYm9vc3Rlcl9zY3JlZW5fNF8xNTU1OTc5Nzk5XzA4Mw\/screen-4.jpg?fakeurl=1&type=.jpg"},{"id":1,"image_link":"https:\/\/image.winudf.com\/v2\/image1\/Y29tLnNhaWwuYWR2YW5jZWQuYm9vc3Rlcl9zY3JlZW5fNV8xNTU1OTc5ODAwXzA5Nw\/screen-5.jpg?fakeurl=1&type=.jpg","preview":"https:\/\/image.winudf.com\/v2\/image1\/Y29tLnNhaWwuYWR2YW5jZWQuYm9vc3Rlcl9zY3JlZW5fNV8xNTU1OTc5ODAwXzA5Nw\/screen-5.jpg?fakeurl=1&type=.jpg"},{"id":1,"image_link":"https:\/\/image.winudf.com\/v2\/image1\/Y29tLnNhaWwuYWR2YW5jZWQuYm9vc3Rlcl9zY3JlZW5fNl8xNTU1OTc5ODAwXzA4NA\/screen-6.jpg?fakeurl=1&type=.jpg","preview":"https:\/\/image.winudf.com\/v2\/image1\/Y29tLnNhaWwuYWR2YW5jZWQuYm9vc3Rlcl9zY3JlZW5fNl8xNTU1OTc5ODAwXzA4NA\/screen-6.jpg?fakeurl=1&type=.jpg"},{"id":1,"image_link":"https:\/\/image.winudf.com\/v2\/image1\/Y29tLnNhaWwuYWR2YW5jZWQuYm9vc3Rlcl9zY3JlZW5fN18xNTU1OTc5ODAwXzA5MQ\/screen-7.jpg?fakeurl=1&type=.jpg","preview":"https:\/\/image.winudf.com\/v2\/image1\/Y29tLnNhaWwuYWR2YW5jZWQuYm9vc3Rlcl9zY3JlZW5fN18xNTU1OTc5ODAwXzA5MQ\/screen-7.jpg?fakeurl=1&type=.jpg"}],"screenshot_previews":[{"id":1,"image_link":"javascript:void(0)","preview":"javascript:void(0)"},{"id":1,"image_link":"https:\/\/image.winudf.com\/v2\/image1\/Y29tLnNhaWwuYWR2YW5jZWQuYm9vc3Rlcl9zY3JlZW5fMF8xNTU1OTc5Nzk4XzA4Nw\/screen-0.jpg?fakeurl=1&type=.jpg","preview":"https:\/\/image.winudf.com\/v2\/image1\/Y29tLnNhaWwuYWR2YW5jZWQuYm9vc3Rlcl9zY3JlZW5fMF8xNTU1OTc5Nzk4XzA4Nw\/screen-0.jpg?fakeurl=1&type=.jpg"},{"id":1,"image_link":"https:\/\/image.winudf.com\/v2\/image1\/Y29tLnNhaWwuYWR2YW5jZWQuYm9vc3Rlcl9zY3JlZW5fMV8xNTU1OTc5Nzk5XzA2NQ\/screen-1.jpg?fakeurl=1&type=.jpg","preview":"https:\/\/image.winudf.com\/v2\/image1\/Y29tLnNhaWwuYWR2YW5jZWQuYm9vc3Rlcl9zY3JlZW5fMV8xNTU1OTc5Nzk5XzA2NQ\/screen-1.jpg?fakeurl=1&type=.jpg"},{"id":1,"image_link":"https:\/\/image.winudf.com\/v2\/image1\/Y29tLnNhaWwuYWR2YW5jZWQuYm9vc3Rlcl9zY3JlZW5fMl8xNTU1OTc5Nzk5XzA0Mg\/screen-2.jpg?fakeurl=1&type=.jpg","preview":"https:\/\/image.winudf.com\/v2\/image1\/Y29tLnNhaWwuYWR2YW5jZWQuYm9vc3Rlcl9zY3JlZW5fMl8xNTU1OTc5Nzk5XzA0Mg\/screen-2.jpg?fakeurl=1&type=.jpg"},{"id":1,"image_link":"https:\/\/image.winudf.com\/v2\/image1\/Y29tLnNhaWwuYWR2YW5jZWQuYm9vc3Rlcl9zY3JlZW5fM18xNTU1OTc5Nzk5XzA1NQ\/screen-3.jpg?fakeurl=1&type=.jpg","preview":"https:\/\/image.winudf.com\/v2\/image1\/Y29tLnNhaWwuYWR2YW5jZWQuYm9vc3Rlcl9zY3JlZW5fM18xNTU1OTc5Nzk5XzA1NQ\/screen-3.jpg?fakeurl=1&type=.jpg"},{"id":1,"image_link":"https:\/\/image.winudf.com\/v2\/image1\/Y29tLnNhaWwuYWR2YW5jZWQuYm9vc3Rlcl9zY3JlZW5fNF8xNTU1OTc5Nzk5XzA4Mw\/screen-4.jpg?fakeurl=1&type=.jpg","preview":"https:\/\/image.winudf.com\/v2\/image1\/Y29tLnNhaWwuYWR2YW5jZWQuYm9vc3Rlcl9zY3JlZW5fNF8xNTU1OTc5Nzk5XzA4Mw\/screen-4.jpg?fakeurl=1&type=.jpg"},{"id":1,"image_link":"https:\/\/image.winudf.com\/v2\/image1\/Y29tLnNhaWwuYWR2YW5jZWQuYm9vc3Rlcl9zY3JlZW5fNV8xNTU1OTc5ODAwXzA5Nw\/screen-5.jpg?fakeurl=1&type=.jpg","preview":"https:\/\/image.winudf.com\/v2\/image1\/Y29tLnNhaWwuYWR2YW5jZWQuYm9vc3Rlcl9zY3JlZW5fNV8xNTU1OTc5ODAwXzA5Nw\/screen-5.jpg?fakeurl=1&type=.jpg"},{"id":1,"image_link":"https:\/\/image.winudf.com\/v2\/image1\/Y29tLnNhaWwuYWR2YW5jZWQuYm9vc3Rlcl9zY3JlZW5fNl8xNTU1OTc5ODAwXzA4NA\/screen-6.jpg?fakeurl=1&type=.jpg","preview":"https:\/\/image.winudf.com\/v2\/image1\/Y29tLnNhaWwuYWR2YW5jZWQuYm9vc3Rlcl9zY3JlZW5fNl8xNTU1OTc5ODAwXzA4NA\/screen-6.jpg?fakeurl=1&type=.jpg"},{"id":1,"image_link":"https:\/\/image.winudf.com\/v2\/image1\/Y29tLnNhaWwuYWR2YW5jZWQuYm9vc3Rlcl9zY3JlZW5fN18xNTU1OTc5ODAwXzA5MQ\/screen-7.jpg?fakeurl=1&type=.jpg","preview":"https:\/\/image.winudf.com\/v2\/image1\/Y29tLnNhaWwuYWR2YW5jZWQuYm9vc3Rlcl9zY3JlZW5fN18xNTU1OTc5ODAwXzA5MQ\/screen-7.jpg?fakeurl=1&type=.jpg"}],"total_ratings":139412,"developer":"DeepBooster Team","developer_url":"https:\/\/play.google.com\/store\/apps\/developer?id=DeepBooster Team","tags":["Tools"],"versions":[{"identifier":"1.3.2","download_link":"https:\/\/apkpure.com\/deep-booster-personal-phone-cleaner-booster\/com.sail.advanced.booster\/download?from=details","is_link_external":1}],"more_details":[{"title":"Latest Version","identifier":"latest_version","value":"1.3.2 "},{"title":"Publish Date","identifier":"published_date","value":"2019-06-03"},{"title":"Requirement","identifier":"required_android","value":"Android 4.4+"}],"seo_title":"Deep Booster","seo_keyword":"Deep Booster, Deep Booster for android, Deep Booster android download, Deep Booster apk, Deep Booster android apk, Deep Booster download","seo_description":"Download Deep Booster apk 1.3.2 for Android. Deep Booster helps protect your phone from security and sublime its performance."}