{"app_id":"com.yy.hiyo","value":"com.yy.hiyo","title":"HAGO","label":"HAGO","slug":"hago","app_image_url":"https:\/\/image.winudf.com\/v2\/image1\/Y29tLnl5LmhpeW9faWNvbl8xNTU1MzQyNTk1XzA4NQ\/icon.png?w=170&fakeurl=1","app_link":"https:\/\/play.google.com\/store\/apps\/details?id=com.yy.hiyo","description":"Play Games, Make Friends<br>Get connected LIVE with gamers from different locations. Hop onto the PK battle, play and chat at the same time!<br> <br>Exciting Battle<br>Expect weekly new additions to cute and cool games such as Sheep Fight\u3001Knife Hit \u3001Fun Link and many more! Never the same!<br> <br>Connect with Players Everywhere<br>Get online and high with gamers via voice chat anywhere \u2014 LIVE!<br> <br>Get Acquainted<br>Get to know more friends in-game, indulge in fun conversations, and enjoy the game together! <br> <br>Rapid Progression Game<br>Play anywhere and anytime! 3 minutes is all it takes to play to your heart's end!<br><br>To know more about Hago: https:\/\/ihago.net\/","status_identifier":"active","short_description":"Play Games, Make FriendsGet connected LIVE with gamers from different locations. Hop onto the PK battle, play and chat at the same time! Exciting BattleExpect weekly new additions to cute and cool gam...","current_ratings":4.3,"categories":[{"label":"Social","value":"social"}],"screenshots":[{"id":1,"image_link":"javascript:void(0)","preview":"javascript:void(0)"},{"id":1,"image_link":"https:\/\/image.winudf.com\/v2\/image1\/Y29tLnl5LmhpeW9fc2NyZWVuXzBfMTU1NTM0MjU5Nl8wNDQ\/screen-0.jpg?fakeurl=1&type=.jpg","preview":"https:\/\/image.winudf.com\/v2\/image1\/Y29tLnl5LmhpeW9fc2NyZWVuXzBfMTU1NTM0MjU5Nl8wNDQ\/screen-0.jpg?fakeurl=1&type=.jpg"},{"id":1,"image_link":"https:\/\/image.winudf.com\/v2\/image1\/Y29tLnl5LmhpeW9fc2NyZWVuXzFfMTU1NTM0MjU5N18wMjM\/screen-1.jpg?fakeurl=1&type=.jpg","preview":"https:\/\/image.winudf.com\/v2\/image1\/Y29tLnl5LmhpeW9fc2NyZWVuXzFfMTU1NTM0MjU5N18wMjM\/screen-1.jpg?fakeurl=1&type=.jpg"},{"id":1,"image_link":"https:\/\/image.winudf.com\/v2\/image1\/Y29tLnl5LmhpeW9fc2NyZWVuXzJfMTU1NTM0MjU5N18wMTc\/screen-2.jpg?fakeurl=1&type=.jpg","preview":"https:\/\/image.winudf.com\/v2\/image1\/Y29tLnl5LmhpeW9fc2NyZWVuXzJfMTU1NTM0MjU5N18wMTc\/screen-2.jpg?fakeurl=1&type=.jpg"},{"id":1,"image_link":"https:\/\/image.winudf.com\/v2\/image1\/Y29tLnl5LmhpeW9fc2NyZWVuXzNfMTU1NTM0MjU5OF8wMDI\/screen-3.jpg?fakeurl=1&type=.jpg","preview":"https:\/\/image.winudf.com\/v2\/image1\/Y29tLnl5LmhpeW9fc2NyZWVuXzNfMTU1NTM0MjU5OF8wMDI\/screen-3.jpg?fakeurl=1&type=.jpg"},{"id":1,"image_link":"https:\/\/image.winudf.com\/v2\/image1\/Y29tLnl5LmhpeW9fc2NyZWVuXzRfMTU1NTM0MjU5OF8wMDQ\/screen-4.jpg?fakeurl=1&type=.jpg","preview":"https:\/\/image.winudf.com\/v2\/image1\/Y29tLnl5LmhpeW9fc2NyZWVuXzRfMTU1NTM0MjU5OF8wMDQ\/screen-4.jpg?fakeurl=1&type=.jpg"},{"id":1,"image_link":"https:\/\/image.winudf.com\/v2\/image1\/Y29tLnl5LmhpeW9fc2NyZWVuXzVfMTU1NTM0MjU5OF8wNDA\/screen-5.jpg?fakeurl=1&type=.jpg","preview":"https:\/\/image.winudf.com\/v2\/image1\/Y29tLnl5LmhpeW9fc2NyZWVuXzVfMTU1NTM0MjU5OF8wNDA\/screen-5.jpg?fakeurl=1&type=.jpg"},{"id":1,"image_link":"https:\/\/image.winudf.com\/v2\/image1\/Y29tLnl5LmhpeW9fc2NyZWVuXzdfMTU1NTM0MjU5OV8wNTE\/screen-6.jpg?fakeurl=1&type=.jpg","preview":"https:\/\/image.winudf.com\/v2\/image1\/Y29tLnl5LmhpeW9fc2NyZWVuXzdfMTU1NTM0MjU5OV8wNTE\/screen-6.jpg?fakeurl=1&type=.jpg"},{"id":1,"image_link":"https:\/\/image.winudf.com\/v2\/image1\/Y29tLnl5LmhpeW9fc2NyZWVuXzdfMTU1NzcxNTEzMF8wNzQ\/screen-7.jpg?fakeurl=1&type=.jpg","preview":"https:\/\/image.winudf.com\/v2\/image1\/Y29tLnl5LmhpeW9fc2NyZWVuXzdfMTU1NzcxNTEzMF8wNzQ\/screen-7.jpg?fakeurl=1&type=.jpg"}],"screenshot_previews":[{"id":1,"image_link":"javascript:void(0)","preview":"javascript:void(0)"},{"id":1,"image_link":"https:\/\/image.winudf.com\/v2\/image1\/Y29tLnl5LmhpeW9fc2NyZWVuXzBfMTU1NTM0MjU5Nl8wNDQ\/screen-0.jpg?fakeurl=1&type=.jpg","preview":"https:\/\/image.winudf.com\/v2\/image1\/Y29tLnl5LmhpeW9fc2NyZWVuXzBfMTU1NTM0MjU5Nl8wNDQ\/screen-0.jpg?fakeurl=1&type=.jpg"},{"id":1,"image_link":"https:\/\/image.winudf.com\/v2\/image1\/Y29tLnl5LmhpeW9fc2NyZWVuXzFfMTU1NTM0MjU5N18wMjM\/screen-1.jpg?fakeurl=1&type=.jpg","preview":"https:\/\/image.winudf.com\/v2\/image1\/Y29tLnl5LmhpeW9fc2NyZWVuXzFfMTU1NTM0MjU5N18wMjM\/screen-1.jpg?fakeurl=1&type=.jpg"},{"id":1,"image_link":"https:\/\/image.winudf.com\/v2\/image1\/Y29tLnl5LmhpeW9fc2NyZWVuXzJfMTU1NTM0MjU5N18wMTc\/screen-2.jpg?fakeurl=1&type=.jpg","preview":"https:\/\/image.winudf.com\/v2\/image1\/Y29tLnl5LmhpeW9fc2NyZWVuXzJfMTU1NTM0MjU5N18wMTc\/screen-2.jpg?fakeurl=1&type=.jpg"},{"id":1,"image_link":"https:\/\/image.winudf.com\/v2\/image1\/Y29tLnl5LmhpeW9fc2NyZWVuXzNfMTU1NTM0MjU5OF8wMDI\/screen-3.jpg?fakeurl=1&type=.jpg","preview":"https:\/\/image.winudf.com\/v2\/image1\/Y29tLnl5LmhpeW9fc2NyZWVuXzNfMTU1NTM0MjU5OF8wMDI\/screen-3.jpg?fakeurl=1&type=.jpg"},{"id":1,"image_link":"https:\/\/image.winudf.com\/v2\/image1\/Y29tLnl5LmhpeW9fc2NyZWVuXzRfMTU1NTM0MjU5OF8wMDQ\/screen-4.jpg?fakeurl=1&type=.jpg","preview":"https:\/\/image.winudf.com\/v2\/image1\/Y29tLnl5LmhpeW9fc2NyZWVuXzRfMTU1NTM0MjU5OF8wMDQ\/screen-4.jpg?fakeurl=1&type=.jpg"},{"id":1,"image_link":"https:\/\/image.winudf.com\/v2\/image1\/Y29tLnl5LmhpeW9fc2NyZWVuXzVfMTU1NTM0MjU5OF8wNDA\/screen-5.jpg?fakeurl=1&type=.jpg","preview":"https:\/\/image.winudf.com\/v2\/image1\/Y29tLnl5LmhpeW9fc2NyZWVuXzVfMTU1NTM0MjU5OF8wNDA\/screen-5.jpg?fakeurl=1&type=.jpg"},{"id":1,"image_link":"https:\/\/image.winudf.com\/v2\/image1\/Y29tLnl5LmhpeW9fc2NyZWVuXzdfMTU1NTM0MjU5OV8wNTE\/screen-6.jpg?fakeurl=1&type=.jpg","preview":"https:\/\/image.winudf.com\/v2\/image1\/Y29tLnl5LmhpeW9fc2NyZWVuXzdfMTU1NTM0MjU5OV8wNTE\/screen-6.jpg?fakeurl=1&type=.jpg"},{"id":1,"image_link":"https:\/\/image.winudf.com\/v2\/image1\/Y29tLnl5LmhpeW9fc2NyZWVuXzdfMTU1NzcxNTEzMF8wNzQ\/screen-7.jpg?fakeurl=1&type=.jpg","preview":"https:\/\/image.winudf.com\/v2\/image1\/Y29tLnl5LmhpeW9fc2NyZWVuXzdfMTU1NzcxNTEzMF8wNzQ\/screen-7.jpg?fakeurl=1&type=.jpg"}],"total_ratings":172259,"developer":"Hago Games","developer_url":"https:\/\/play.google.com\/store\/apps\/developer?id=Hago Games","tags":["Social"],"versions":[{"identifier":"2.10.5","download_link":"https:\/\/apkpure.com\/hago\/com.yy.hiyo\/download?from=details","is_link_external":1}],"more_details":[{"title":"Latest Version","identifier":"latest_version","value":"2.10.5 "},{"title":"Publish Date","identifier":"published_date","value":"2019-06-12"},{"title":"Requirement","identifier":"required_android","value":"Android 4.0.3+"}],"seo_title":"HAGO","seo_keyword":"HAGO, HAGO for android, HAGO android download, HAGO apk, HAGO android apk, HAGO download","seo_description":"Download HAGO apk 2.10.5 for Android. Play Games, Make Friends"}