{"app_id":"com.t2ksports.nba2k19and","value":"com.t2ksports.nba2k19and","title":"NBA 2K19","label":"NBA 2K19","slug":"nba-2k19","app_image_url":"https:\/\/image.winudf.com\/v2\/image1\/Y29tLnQya3Nwb3J0cy5uYmEyazE5YW5kX2ljb25fMTU1MjI4ODQ5NF8wMDY\/icon.png?w=170&fakeurl=1","app_link":"https:\/\/play.google.com\/store\/apps\/details?id=com.t2ksports.nba2k19and","description":"NBA 2K19 for mobile is the latest entry of the NBA2K franchise, the most authentic NBA gaming experience on any mobile platform.   It\u2019s packed with all new features, such as the new STORY mode and, for the first time, online match play.  A brand new soundtrack accompanies you in your journey to the top of the NBA.<br><br>Features:<br>\u2022\tAll new STORY mode \u2013 relive the storied history of the most famous NBA franchises and players.<br>\u2022\tAll new MyCAREER mode with an all new story and refined team interaction.<br>\u2022\t2K Beats \u2013 an all new soundtrack, with songs from Travis Scott, Migos and more.<br>\u2022\tSimplified controls for more immersive and responsive gameplay!","status_identifier":"active","short_description":"NBA 2K19 for mobile is the latest entry of the NBA2K franchise, the most authentic NBA gaming experience on any mobile platform.   It\u2019s packed with all new features, such as the new STORY mode and, fo...","current_ratings":4,"categories":[{"label":"Sports","value":"sports"}],"screenshots":[{"id":1,"image_link":"javascript:void(0)","preview":"javascript:void(0)"},{"id":1,"image_link":"https:\/\/image.winudf.com\/v2\/image1\/Y29tLnQya3Nwb3J0cy5uYmEyazE5YW5kX3NjcmVlbl8wXzE1NTIyODg0OTVfMDc5\/screen-0.jpg?fakeurl=1&type=.jpg","preview":"https:\/\/image.winudf.com\/v2\/image1\/Y29tLnQya3Nwb3J0cy5uYmEyazE5YW5kX3NjcmVlbl8wXzE1NTIyODg0OTVfMDc5\/screen-0.jpg?fakeurl=1&type=.jpg"},{"id":1,"image_link":"https:\/\/image.winudf.com\/v2\/image1\/Y29tLnQya3Nwb3J0cy5uYmEyazE5YW5kX3NjcmVlbl8xXzE1NTIyODg0OTVfMDkz\/screen-1.jpg?fakeurl=1&type=.jpg","preview":"https:\/\/image.winudf.com\/v2\/image1\/Y29tLnQya3Nwb3J0cy5uYmEyazE5YW5kX3NjcmVlbl8xXzE1NTIyODg0OTVfMDkz\/screen-1.jpg?fakeurl=1&type=.jpg"},{"id":1,"image_link":"https:\/\/image.winudf.com\/v2\/image1\/Y29tLnQya3Nwb3J0cy5uYmEyazE5YW5kX3NjcmVlbl8yXzE1NTIyODg0OTVfMDgw\/screen-2.jpg?fakeurl=1&type=.jpg","preview":"https:\/\/image.winudf.com\/v2\/image1\/Y29tLnQya3Nwb3J0cy5uYmEyazE5YW5kX3NjcmVlbl8yXzE1NTIyODg0OTVfMDgw\/screen-2.jpg?fakeurl=1&type=.jpg"},{"id":1,"image_link":"https:\/\/image.winudf.com\/v2\/image1\/Y29tLnQya3Nwb3J0cy5uYmEyazE5YW5kX3NjcmVlbl8zXzE1NTIyODg0OTZfMDI1\/screen-3.jpg?fakeurl=1&type=.jpg","preview":"https:\/\/image.winudf.com\/v2\/image1\/Y29tLnQya3Nwb3J0cy5uYmEyazE5YW5kX3NjcmVlbl8zXzE1NTIyODg0OTZfMDI1\/screen-3.jpg?fakeurl=1&type=.jpg"},{"id":1,"image_link":"https:\/\/image.winudf.com\/v2\/image1\/Y29tLnQya3Nwb3J0cy5uYmEyazE5YW5kX3NjcmVlbl80XzE1NTIyODg0OTdfMDA1\/screen-4.jpg?fakeurl=1&type=.jpg","preview":"https:\/\/image.winudf.com\/v2\/image1\/Y29tLnQya3Nwb3J0cy5uYmEyazE5YW5kX3NjcmVlbl80XzE1NTIyODg0OTdfMDA1\/screen-4.jpg?fakeurl=1&type=.jpg"},{"id":1,"image_link":"https:\/\/image.winudf.com\/v2\/image1\/Y29tLnQya3Nwb3J0cy5uYmEyazE5YW5kX3NjcmVlbl81XzE1NTIyODg0OTdfMDUz\/screen-5.jpg?fakeurl=1&type=.jpg","preview":"https:\/\/image.winudf.com\/v2\/image1\/Y29tLnQya3Nwb3J0cy5uYmEyazE5YW5kX3NjcmVlbl81XzE1NTIyODg0OTdfMDUz\/screen-5.jpg?fakeurl=1&type=.jpg"},{"id":1,"image_link":"https:\/\/image.winudf.com\/v2\/image1\/Y29tLnQya3Nwb3J0cy5uYmEyazE5YW5kX3NjcmVlbl82XzE1NTIyODg0OThfMDE2\/screen-6.jpg?fakeurl=1&type=.jpg","preview":"https:\/\/image.winudf.com\/v2\/image1\/Y29tLnQya3Nwb3J0cy5uYmEyazE5YW5kX3NjcmVlbl82XzE1NTIyODg0OThfMDE2\/screen-6.jpg?fakeurl=1&type=.jpg"},{"id":1,"image_link":"https:\/\/image.winudf.com\/v2\/image1\/Y29tLnQya3Nwb3J0cy5uYmEyazE5YW5kX3NjcmVlbl83XzE1NTIyODg0OTlfMDQx\/screen-7.jpg?fakeurl=1&type=.jpg","preview":"https:\/\/image.winudf.com\/v2\/image1\/Y29tLnQya3Nwb3J0cy5uYmEyazE5YW5kX3NjcmVlbl83XzE1NTIyODg0OTlfMDQx\/screen-7.jpg?fakeurl=1&type=.jpg"},{"id":1,"image_link":"https:\/\/image.winudf.com\/v2\/image1\/Y29tLnQya3Nwb3J0cy5uYmEyazE5YW5kX3NjcmVlbl84XzE1NTIyODg0OTlfMDA2\/screen-8.jpg?fakeurl=1&type=.jpg","preview":"https:\/\/image.winudf.com\/v2\/image1\/Y29tLnQya3Nwb3J0cy5uYmEyazE5YW5kX3NjcmVlbl84XzE1NTIyODg0OTlfMDA2\/screen-8.jpg?fakeurl=1&type=.jpg"},{"id":1,"image_link":"https:\/\/image.winudf.com\/v2\/image1\/Y29tLnQya3Nwb3J0cy5uYmEyazE5YW5kX3NjcmVlbl85XzE1NTIyODg0OTlfMDUx\/screen-9.jpg?fakeurl=1&type=.jpg","preview":"https:\/\/image.winudf.com\/v2\/image1\/Y29tLnQya3Nwb3J0cy5uYmEyazE5YW5kX3NjcmVlbl85XzE1NTIyODg0OTlfMDUx\/screen-9.jpg?fakeurl=1&type=.jpg"},{"id":1,"image_link":"https:\/\/image.winudf.com\/v2\/image1\/Y29tLnQya3Nwb3J0cy5uYmEyazE5YW5kX3NjcmVlbl8xMF8xNTUyMjg4NTAwXzA0Mg\/screen-10.jpg?fakeurl=1&type=.jpg","preview":"https:\/\/image.winudf.com\/v2\/image1\/Y29tLnQya3Nwb3J0cy5uYmEyazE5YW5kX3NjcmVlbl8xMF8xNTUyMjg4NTAwXzA0Mg\/screen-10.jpg?fakeurl=1&type=.jpg"},{"id":1,"image_link":"https:\/\/image.winudf.com\/v2\/image1\/Y29tLnQya3Nwb3J0cy5uYmEyazE5YW5kX3NjcmVlbl8xMV8xNTUyMjg4NTAxXzAwNA\/screen-11.jpg?fakeurl=1&type=.jpg","preview":"https:\/\/image.winudf.com\/v2\/image1\/Y29tLnQya3Nwb3J0cy5uYmEyazE5YW5kX3NjcmVlbl8xMV8xNTUyMjg4NTAxXzAwNA\/screen-11.jpg?fakeurl=1&type=.jpg"},{"id":1,"image_link":"https:\/\/image.winudf.com\/v2\/image1\/Y29tLnQya3Nwb3J0cy5uYmEyazE5YW5kX3NjcmVlbl8xMl8xNTUyMjg4NTAxXzA5Mw\/screen-12.jpg?fakeurl=1&type=.jpg","preview":"https:\/\/image.winudf.com\/v2\/image1\/Y29tLnQya3Nwb3J0cy5uYmEyazE5YW5kX3NjcmVlbl8xMl8xNTUyMjg4NTAxXzA5Mw\/screen-12.jpg?fakeurl=1&type=.jpg"},{"id":1,"image_link":"https:\/\/image.winudf.com\/v2\/image1\/Y29tLnQya3Nwb3J0cy5uYmEyazE5YW5kX3NjcmVlbl8xM18xNTUyMjg4NTAxXzA3Mg\/screen-13.jpg?fakeurl=1&type=.jpg","preview":"https:\/\/image.winudf.com\/v2\/image1\/Y29tLnQya3Nwb3J0cy5uYmEyazE5YW5kX3NjcmVlbl8xM18xNTUyMjg4NTAxXzA3Mg\/screen-13.jpg?fakeurl=1&type=.jpg"},{"id":1,"image_link":"https:\/\/image.winudf.com\/v2\/image1\/Y29tLnQya3Nwb3J0cy5uYmEyazE5YW5kX3NjcmVlbl8xNF8xNTUyMjg4NTAyXzA1OA\/screen-14.jpg?fakeurl=1&type=.jpg","preview":"https:\/\/image.winudf.com\/v2\/image1\/Y29tLnQya3Nwb3J0cy5uYmEyazE5YW5kX3NjcmVlbl8xNF8xNTUyMjg4NTAyXzA1OA\/screen-14.jpg?fakeurl=1&type=.jpg"}],"screenshot_previews":[{"id":1,"image_link":"javascript:void(0)","preview":"javascript:void(0)"},{"id":1,"image_link":"https:\/\/image.winudf.com\/v2\/image1\/Y29tLnQya3Nwb3J0cy5uYmEyazE5YW5kX3NjcmVlbl8wXzE1NTIyODg0OTVfMDc5\/screen-0.jpg?fakeurl=1&type=.jpg","preview":"https:\/\/image.winudf.com\/v2\/image1\/Y29tLnQya3Nwb3J0cy5uYmEyazE5YW5kX3NjcmVlbl8wXzE1NTIyODg0OTVfMDc5\/screen-0.jpg?fakeurl=1&type=.jpg"},{"id":1,"image_link":"https:\/\/image.winudf.com\/v2\/image1\/Y29tLnQya3Nwb3J0cy5uYmEyazE5YW5kX3NjcmVlbl8xXzE1NTIyODg0OTVfMDkz\/screen-1.jpg?fakeurl=1&type=.jpg","preview":"https:\/\/image.winudf.com\/v2\/image1\/Y29tLnQya3Nwb3J0cy5uYmEyazE5YW5kX3NjcmVlbl8xXzE1NTIyODg0OTVfMDkz\/screen-1.jpg?fakeurl=1&type=.jpg"},{"id":1,"image_link":"https:\/\/image.winudf.com\/v2\/image1\/Y29tLnQya3Nwb3J0cy5uYmEyazE5YW5kX3NjcmVlbl8yXzE1NTIyODg0OTVfMDgw\/screen-2.jpg?fakeurl=1&type=.jpg","preview":"https:\/\/image.winudf.com\/v2\/image1\/Y29tLnQya3Nwb3J0cy5uYmEyazE5YW5kX3NjcmVlbl8yXzE1NTIyODg0OTVfMDgw\/screen-2.jpg?fakeurl=1&type=.jpg"},{"id":1,"image_link":"https:\/\/image.winudf.com\/v2\/image1\/Y29tLnQya3Nwb3J0cy5uYmEyazE5YW5kX3NjcmVlbl8zXzE1NTIyODg0OTZfMDI1\/screen-3.jpg?fakeurl=1&type=.jpg","preview":"https:\/\/image.winudf.com\/v2\/image1\/Y29tLnQya3Nwb3J0cy5uYmEyazE5YW5kX3NjcmVlbl8zXzE1NTIyODg0OTZfMDI1\/screen-3.jpg?fakeurl=1&type=.jpg"},{"id":1,"image_link":"https:\/\/image.winudf.com\/v2\/image1\/Y29tLnQya3Nwb3J0cy5uYmEyazE5YW5kX3NjcmVlbl80XzE1NTIyODg0OTdfMDA1\/screen-4.jpg?fakeurl=1&type=.jpg","preview":"https:\/\/image.winudf.com\/v2\/image1\/Y29tLnQya3Nwb3J0cy5uYmEyazE5YW5kX3NjcmVlbl80XzE1NTIyODg0OTdfMDA1\/screen-4.jpg?fakeurl=1&type=.jpg"},{"id":1,"image_link":"https:\/\/image.winudf.com\/v2\/image1\/Y29tLnQya3Nwb3J0cy5uYmEyazE5YW5kX3NjcmVlbl81XzE1NTIyODg0OTdfMDUz\/screen-5.jpg?fakeurl=1&type=.jpg","preview":"https:\/\/image.winudf.com\/v2\/image1\/Y29tLnQya3Nwb3J0cy5uYmEyazE5YW5kX3NjcmVlbl81XzE1NTIyODg0OTdfMDUz\/screen-5.jpg?fakeurl=1&type=.jpg"},{"id":1,"image_link":"https:\/\/image.winudf.com\/v2\/image1\/Y29tLnQya3Nwb3J0cy5uYmEyazE5YW5kX3NjcmVlbl82XzE1NTIyODg0OThfMDE2\/screen-6.jpg?fakeurl=1&type=.jpg","preview":"https:\/\/image.winudf.com\/v2\/image1\/Y29tLnQya3Nwb3J0cy5uYmEyazE5YW5kX3NjcmVlbl82XzE1NTIyODg0OThfMDE2\/screen-6.jpg?fakeurl=1&type=.jpg"},{"id":1,"image_link":"https:\/\/image.winudf.com\/v2\/image1\/Y29tLnQya3Nwb3J0cy5uYmEyazE5YW5kX3NjcmVlbl83XzE1NTIyODg0OTlfMDQx\/screen-7.jpg?fakeurl=1&type=.jpg","preview":"https:\/\/image.winudf.com\/v2\/image1\/Y29tLnQya3Nwb3J0cy5uYmEyazE5YW5kX3NjcmVlbl83XzE1NTIyODg0OTlfMDQx\/screen-7.jpg?fakeurl=1&type=.jpg"},{"id":1,"image_link":"https:\/\/image.winudf.com\/v2\/image1\/Y29tLnQya3Nwb3J0cy5uYmEyazE5YW5kX3NjcmVlbl84XzE1NTIyODg0OTlfMDA2\/screen-8.jpg?fakeurl=1&type=.jpg","preview":"https:\/\/image.winudf.com\/v2\/image1\/Y29tLnQya3Nwb3J0cy5uYmEyazE5YW5kX3NjcmVlbl84XzE1NTIyODg0OTlfMDA2\/screen-8.jpg?fakeurl=1&type=.jpg"},{"id":1,"image_link":"https:\/\/image.winudf.com\/v2\/image1\/Y29tLnQya3Nwb3J0cy5uYmEyazE5YW5kX3NjcmVlbl85XzE1NTIyODg0OTlfMDUx\/screen-9.jpg?fakeurl=1&type=.jpg","preview":"https:\/\/image.winudf.com\/v2\/image1\/Y29tLnQya3Nwb3J0cy5uYmEyazE5YW5kX3NjcmVlbl85XzE1NTIyODg0OTlfMDUx\/screen-9.jpg?fakeurl=1&type=.jpg"},{"id":1,"image_link":"https:\/\/image.winudf.com\/v2\/image1\/Y29tLnQya3Nwb3J0cy5uYmEyazE5YW5kX3NjcmVlbl8xMF8xNTUyMjg4NTAwXzA0Mg\/screen-10.jpg?fakeurl=1&type=.jpg","preview":"https:\/\/image.winudf.com\/v2\/image1\/Y29tLnQya3Nwb3J0cy5uYmEyazE5YW5kX3NjcmVlbl8xMF8xNTUyMjg4NTAwXzA0Mg\/screen-10.jpg?fakeurl=1&type=.jpg"},{"id":1,"image_link":"https:\/\/image.winudf.com\/v2\/image1\/Y29tLnQya3Nwb3J0cy5uYmEyazE5YW5kX3NjcmVlbl8xMV8xNTUyMjg4NTAxXzAwNA\/screen-11.jpg?fakeurl=1&type=.jpg","preview":"https:\/\/image.winudf.com\/v2\/image1\/Y29tLnQya3Nwb3J0cy5uYmEyazE5YW5kX3NjcmVlbl8xMV8xNTUyMjg4NTAxXzAwNA\/screen-11.jpg?fakeurl=1&type=.jpg"},{"id":1,"image_link":"https:\/\/image.winudf.com\/v2\/image1\/Y29tLnQya3Nwb3J0cy5uYmEyazE5YW5kX3NjcmVlbl8xMl8xNTUyMjg4NTAxXzA5Mw\/screen-12.jpg?fakeurl=1&type=.jpg","preview":"https:\/\/image.winudf.com\/v2\/image1\/Y29tLnQya3Nwb3J0cy5uYmEyazE5YW5kX3NjcmVlbl8xMl8xNTUyMjg4NTAxXzA5Mw\/screen-12.jpg?fakeurl=1&type=.jpg"},{"id":1,"image_link":"https:\/\/image.winudf.com\/v2\/image1\/Y29tLnQya3Nwb3J0cy5uYmEyazE5YW5kX3NjcmVlbl8xM18xNTUyMjg4NTAxXzA3Mg\/screen-13.jpg?fakeurl=1&type=.jpg","preview":"https:\/\/image.winudf.com\/v2\/image1\/Y29tLnQya3Nwb3J0cy5uYmEyazE5YW5kX3NjcmVlbl8xM18xNTUyMjg4NTAxXzA3Mg\/screen-13.jpg?fakeurl=1&type=.jpg"},{"id":1,"image_link":"https:\/\/image.winudf.com\/v2\/image1\/Y29tLnQya3Nwb3J0cy5uYmEyazE5YW5kX3NjcmVlbl8xNF8xNTUyMjg4NTAyXzA1OA\/screen-14.jpg?fakeurl=1&type=.jpg","preview":"https:\/\/image.winudf.com\/v2\/image1\/Y29tLnQya3Nwb3J0cy5uYmEyazE5YW5kX3NjcmVlbl8xNF8xNTUyMjg4NTAyXzA1OA\/screen-14.jpg?fakeurl=1&type=.jpg"}],"total_ratings":1212863,"developer":"2K, Inc.","developer_url":"https:\/\/play.google.com\/store\/apps\/developer?id=2K, Inc.","tags":["Sports"],"versions":[{"identifier":"52.0.1","download_link":"https:\/\/apkpure.com#","is_link_external":1}],"more_details":[{"title":"Latest Version","identifier":"latest_version","value":"52.0.1 "},{"title":"Publish Date","identifier":"published_date","value":"2019-03-07"},{"title":"Requirement","identifier":"required_android","value":"4.3 and up"}],"seo_title":"NBA 2K19","seo_keyword":"NBA 2K19, NBA 2K19 for android, NBA 2K19 android download, NBA 2K19 apk, NBA 2K19 android apk, NBA 2K19 download","seo_description":"Download NBA 2K19 apk 52.0.1 for Android. The NBA 2K franchise returns with NBA 2K19"}