{"app_id":"com.gameloft.android.ANMP.GloftFWHM","value":"com.gameloft.android.ANMP.GloftFWHM","title":"Sniper Fury","label":"Sniper Fury","slug":"sniper-fury","app_image_url":"https:\/\/image.winudf.com\/v2\/image1\/Y29tLmdhbWVsb2Z0LmFuZHJvaWQuQU5NUC5HbG9mdEZXSE1faWNvbl8xNTU5MTQzODQ5XzAyNQ\/icon.png?w=170&fakeurl=1","app_link":"https:\/\/play.google.com\/store\/apps\/details?id=com.gameloft.android.ANMP.GloftFWHM","description":"The time to take action and strike back is now!<br>We\u2019re putting a call out for the best sniper in the world to take aim at evil, wherever it hides. There\u2019s no room for remorse, so do your duty and shoot to kill\u2026<br><br>THE MOST STUNNING OF ALL SNIPER SHOOTING GAMES<br>\u2022 Unbelievable 3D sniper graphics that probably make this the best game for FPS gun fun.<br>\u2022 Don't call this one of those ordinary gun games. You\u2019ll use your 3D sniper shooting game skills to strike against soldiers, vehicles &amp; more!<br>\u2022 \u201cBullet time\u201d effects that blow other FPS gun games away. Watch amazing sniper shots from your top games.<br>\u2022 Weather effects unlike any other shooting game.<br><br>MODERN &amp; FUTURE FPS FIREPOWER<br>\u2022 Take your gun game to the next level; shoot 3D sniper rifles, railguns &amp; more!<br>\u2022 Upgrade your battlefield arsenal to strike at evil!<br>\u2022 Custom options make your best games even better.<br><br>PVP MULTIPLAYER BATTLEFIELD<br>\u2022 Steal resources from players in this PvP Multiplayer shooting game.<br>\u2022 Build a strong shooter squad in possibly the best game of its kind.<br><br>EASY TO PLAY, TOUGH TO MASTER<br>\u2022 Like all the best games, Sniper Fury rewards you for answering the call of this free, action-packed gun game.<br>\u2022 Connect to our FPS community for content, contests, rewards &amp; more top games!<br><br>TAKE AIM AT THE BEST FPS LEAGUES<br>\u2022 Earn a high score and aim to enter the top game league and unlock the best rewards!<br>\u2022 Be the best hitman on duty in this shooting game where only the best of the best reach the top.<br><br>CLANS<br>\u2022 Join a 3D sniper Clan of top game players.<br>\u2022 Trade, chat &amp; share tips with your Clan to help fellow hitman shooters.<br>\u2022 Establish a home base for your 3D sniper Clan to unlock battlefield perks!<br>\u2022 CLAN WAR: The best games turn Clanmates into real friends. Call rivals to action and prove you\u2019re the best hitman team!<br><br>GEAR SETS: As you play your gun games, collect shooter gear to unlock powers and strike opponents. <br>PROTOTYPE WEAPONS: It\u2019s your duty to rush the battlefield with the latest, most state-of-the-art hitman\/assassin tools you could ask for in any shooting game.<br>IMPROVED BULLET SKINS: New bullet skins to kill your opponents in style in one of the top games around!<br>CLAN LEADERBOARDS: Check your Clan\u2019s FPS victories and shoot to the top to win your gun games!<br><br>This is probably the best game for fans of FPS action, shooting games, gun games, being a hitman or assassin, launching a furious strike on the battlefield, war, and any of the top games for free multiplayer shooter fun!<br><br>The most amazing of all 3D sniper FPS shooting games. Don't forget to answer the call &amp; rate us as one of the best games on the Play Store.<br><br>You can download and play this game for free. Please be informed that it also allows you to play using virtual currency, which can be acquired as you progress through the game, or by deciding to watch certain advertisements, or by paying with real money. Purchases of virtual currency using real money are performed using a credit card, or other form of payment associated with your account, and are activated when you input your Google Play account password, without the need to re-enter your credit card number or PIN. <br><br>In-app purchases can be restricted by adjusting the authentication settings within your Play Store settings (Google Play Store Home &gt; Settings &gt; Require authentication for purchases) and setting up a password for each purchase \/ Every 30 minutes or Never.<br><br>Find out more about the game: http:\/\/www.sniperfury.com\/<br>__<br><br>Visit our official site at http:\/\/gmlft.co\/website_EN<br>Check out the new blog at http:\/\/gmlft.co\/central<br><br>Don't forget to follow us on social media:<br>Facebook: http:\/\/gmlft.co\/Sniper_Facebook<br>Twitter: http:\/\/gmlft.co\/Sniper_Insta<br>Instagram: http:\/\/gmlft.co\/GL_SNS_IG<br>YouTube: http:\/\/gmlft.co\/SniperFury_YouTube<br>Forum: http:\/\/gmlft.co\/SniperFury_Forum<br><br>Terms of Use: http:\/\/www.gameloft.com\/en\/conditions-of-use<br>Privacy Policy: http:\/\/www.gameloft.com\/en\/privacy-notice<br>End-User License Agreement: http:\/\/www.gameloft.com\/en\/eula","status_identifier":"active","short_description":"The time to take action and strike back is now!We\u2019re putting a call out for the best sniper in the world to take aim at evil, wherever it hides. There\u2019s no room for remorse, so do your duty and shoot...","current_ratings":4.45,"categories":[{"label":"Action","value":"action"}],"screenshots":[{"id":1,"image_link":"javascript:void(0)","preview":"javascript:void(0)"},{"id":1,"image_link":"https:\/\/image.winudf.com\/v2\/image1\/Y29tLmdhbWVsb2Z0LmFuZHJvaWQuQU5NUC5HbG9mdEZXSE1fc2NyZWVuXzBfMTU1NTU2MDA0N18wNjI\/screen-0.jpg?fakeurl=1&type=.jpg","preview":"https:\/\/image.winudf.com\/v2\/image1\/Y29tLmdhbWVsb2Z0LmFuZHJvaWQuQU5NUC5HbG9mdEZXSE1fc2NyZWVuXzBfMTU1NTU2MDA0N18wNjI\/screen-0.jpg?fakeurl=1&type=.jpg"},{"id":1,"image_link":"https:\/\/image.winudf.com\/v2\/image1\/Y29tLmdhbWVsb2Z0LmFuZHJvaWQuQU5NUC5HbG9mdEZXSE1fc2NyZWVuXzFfMTU1NTU2MDA0N18wNzM\/screen-1.jpg?fakeurl=1&type=.jpg","preview":"https:\/\/image.winudf.com\/v2\/image1\/Y29tLmdhbWVsb2Z0LmFuZHJvaWQuQU5NUC5HbG9mdEZXSE1fc2NyZWVuXzFfMTU1NTU2MDA0N18wNzM\/screen-1.jpg?fakeurl=1&type=.jpg"},{"id":1,"image_link":"https:\/\/image.winudf.com\/v2\/image1\/Y29tLmdhbWVsb2Z0LmFuZHJvaWQuQU5NUC5HbG9mdEZXSE1fc2NyZWVuXzJfMTU1NTU2MDA1Ml8wNTg\/screen-2.jpg?fakeurl=1&type=.jpg","preview":"https:\/\/image.winudf.com\/v2\/image1\/Y29tLmdhbWVsb2Z0LmFuZHJvaWQuQU5NUC5HbG9mdEZXSE1fc2NyZWVuXzJfMTU1NTU2MDA1Ml8wNTg\/screen-2.jpg?fakeurl=1&type=.jpg"},{"id":1,"image_link":"https:\/\/image.winudf.com\/v2\/image1\/Y29tLmdhbWVsb2Z0LmFuZHJvaWQuQU5NUC5HbG9mdEZXSE1fc2NyZWVuXzNfMTU1NTU2MDA1Ml8wNDk\/screen-3.jpg?fakeurl=1&type=.jpg","preview":"https:\/\/image.winudf.com\/v2\/image1\/Y29tLmdhbWVsb2Z0LmFuZHJvaWQuQU5NUC5HbG9mdEZXSE1fc2NyZWVuXzNfMTU1NTU2MDA1Ml8wNDk\/screen-3.jpg?fakeurl=1&type=.jpg"},{"id":1,"image_link":"https:\/\/image.winudf.com\/v2\/image1\/Y29tLmdhbWVsb2Z0LmFuZHJvaWQuQU5NUC5HbG9mdEZXSE1fc2NyZWVuXzRfMTU1NTU2MDA1M18wNjc\/screen-4.jpg?fakeurl=1&type=.jpg","preview":"https:\/\/image.winudf.com\/v2\/image1\/Y29tLmdhbWVsb2Z0LmFuZHJvaWQuQU5NUC5HbG9mdEZXSE1fc2NyZWVuXzRfMTU1NTU2MDA1M18wNjc\/screen-4.jpg?fakeurl=1&type=.jpg"},{"id":1,"image_link":"https:\/\/image.winudf.com\/v2\/image1\/Y29tLmdhbWVsb2Z0LmFuZHJvaWQuQU5NUC5HbG9mdEZXSE1fc2NyZWVuXzVfMTU1NTU2MDA1NF8wOTE\/screen-5.jpg?fakeurl=1&type=.jpg","preview":"https:\/\/image.winudf.com\/v2\/image1\/Y29tLmdhbWVsb2Z0LmFuZHJvaWQuQU5NUC5HbG9mdEZXSE1fc2NyZWVuXzVfMTU1NTU2MDA1NF8wOTE\/screen-5.jpg?fakeurl=1&type=.jpg"},{"id":1,"image_link":"https:\/\/image.winudf.com\/v2\/image1\/Y29tLmdhbWVsb2Z0LmFuZHJvaWQuQU5NUC5HbG9mdEZXSE1fc2NyZWVuXzZfMTU1NTU2MDA1NV8wODc\/screen-6.jpg?fakeurl=1&type=.jpg","preview":"https:\/\/image.winudf.com\/v2\/image1\/Y29tLmdhbWVsb2Z0LmFuZHJvaWQuQU5NUC5HbG9mdEZXSE1fc2NyZWVuXzZfMTU1NTU2MDA1NV8wODc\/screen-6.jpg?fakeurl=1&type=.jpg"},{"id":1,"image_link":"https:\/\/image.winudf.com\/v2\/image1\/Y29tLmdhbWVsb2Z0LmFuZHJvaWQuQU5NUC5HbG9mdEZXSE1fc2NyZWVuXzdfMTU1NTU2MDA1N18wMjk\/screen-7.jpg?fakeurl=1&type=.jpg","preview":"https:\/\/image.winudf.com\/v2\/image1\/Y29tLmdhbWVsb2Z0LmFuZHJvaWQuQU5NUC5HbG9mdEZXSE1fc2NyZWVuXzdfMTU1NTU2MDA1N18wMjk\/screen-7.jpg?fakeurl=1&type=.jpg"},{"id":1,"image_link":"https:\/\/image.winudf.com\/v2\/image1\/Y29tLmdhbWVsb2Z0LmFuZHJvaWQuQU5NUC5HbG9mdEZXSE1fc2NyZWVuXzhfMTU1NTU2MDA1OF8wMzA\/screen-8.jpg?fakeurl=1&type=.jpg","preview":"https:\/\/image.winudf.com\/v2\/image1\/Y29tLmdhbWVsb2Z0LmFuZHJvaWQuQU5NUC5HbG9mdEZXSE1fc2NyZWVuXzhfMTU1NTU2MDA1OF8wMzA\/screen-8.jpg?fakeurl=1&type=.jpg"},{"id":1,"image_link":"https:\/\/image.winudf.com\/v2\/image1\/Y29tLmdhbWVsb2Z0LmFuZHJvaWQuQU5NUC5HbG9mdEZXSE1fc2NyZWVuXzlfMTU1NTU2MDA1OF8wOTg\/screen-9.jpg?fakeurl=1&type=.jpg","preview":"https:\/\/image.winudf.com\/v2\/image1\/Y29tLmdhbWVsb2Z0LmFuZHJvaWQuQU5NUC5HbG9mdEZXSE1fc2NyZWVuXzlfMTU1NTU2MDA1OF8wOTg\/screen-9.jpg?fakeurl=1&type=.jpg"},{"id":1,"image_link":"https:\/\/image.winudf.com\/v2\/image1\/Y29tLmdhbWVsb2Z0LmFuZHJvaWQuQU5NUC5HbG9mdEZXSE1fc2NyZWVuXzEwXzE1NTU1NjAwNTlfMDIx\/screen-10.jpg?fakeurl=1&type=.jpg","preview":"https:\/\/image.winudf.com\/v2\/image1\/Y29tLmdhbWVsb2Z0LmFuZHJvaWQuQU5NUC5HbG9mdEZXSE1fc2NyZWVuXzEwXzE1NTU1NjAwNTlfMDIx\/screen-10.jpg?fakeurl=1&type=.jpg"},{"id":1,"image_link":"https:\/\/image.winudf.com\/v2\/image1\/Y29tLmdhbWVsb2Z0LmFuZHJvaWQuQU5NUC5HbG9mdEZXSE1fc2NyZWVuXzExXzE1NTU1NjAwNTlfMDQw\/screen-11.jpg?fakeurl=1&type=.jpg","preview":"https:\/\/image.winudf.com\/v2\/image1\/Y29tLmdhbWVsb2Z0LmFuZHJvaWQuQU5NUC5HbG9mdEZXSE1fc2NyZWVuXzExXzE1NTU1NjAwNTlfMDQw\/screen-11.jpg?fakeurl=1&type=.jpg"},{"id":1,"image_link":"https:\/\/image.winudf.com\/v2\/image1\/Y29tLmdhbWVsb2Z0LmFuZHJvaWQuQU5NUC5HbG9mdEZXSE1fc2NyZWVuXzEyXzE1NTU1NjAwNTlfMDEy\/screen-12.jpg?fakeurl=1&type=.jpg","preview":"https:\/\/image.winudf.com\/v2\/image1\/Y29tLmdhbWVsb2Z0LmFuZHJvaWQuQU5NUC5HbG9mdEZXSE1fc2NyZWVuXzEyXzE1NTU1NjAwNTlfMDEy\/screen-12.jpg?fakeurl=1&type=.jpg"},{"id":1,"image_link":"https:\/\/image.winudf.com\/v2\/image1\/Y29tLmdhbWVsb2Z0LmFuZHJvaWQuQU5NUC5HbG9mdEZXSE1fc2NyZWVuXzEzXzE1NTU1NjAwNjBfMDEx\/screen-13.jpg?fakeurl=1&type=.jpg","preview":"https:\/\/image.winudf.com\/v2\/image1\/Y29tLmdhbWVsb2Z0LmFuZHJvaWQuQU5NUC5HbG9mdEZXSE1fc2NyZWVuXzEzXzE1NTU1NjAwNjBfMDEx\/screen-13.jpg?fakeurl=1&type=.jpg"},{"id":1,"image_link":"https:\/\/image.winudf.com\/v2\/image1\/Y29tLmdhbWVsb2Z0LmFuZHJvaWQuQU5NUC5HbG9mdEZXSE1fc2NyZWVuXzE0XzE1NTU1NjAwNjNfMDM4\/screen-14.jpg?fakeurl=1&type=.jpg","preview":"https:\/\/image.winudf.com\/v2\/image1\/Y29tLmdhbWVsb2Z0LmFuZHJvaWQuQU5NUC5HbG9mdEZXSE1fc2NyZWVuXzE0XzE1NTU1NjAwNjNfMDM4\/screen-14.jpg?fakeurl=1&type=.jpg"},{"id":1,"image_link":"https:\/\/image.winudf.com\/v2\/image1\/Y29tLmdhbWVsb2Z0LmFuZHJvaWQuQU5NUC5HbG9mdEZXSE1fc2NyZWVuXzE1XzE1NTU1NjAwNjNfMDk3\/screen-15.jpg?fakeurl=1&type=.jpg","preview":"https:\/\/image.winudf.com\/v2\/image1\/Y29tLmdhbWVsb2Z0LmFuZHJvaWQuQU5NUC5HbG9mdEZXSE1fc2NyZWVuXzE1XzE1NTU1NjAwNjNfMDk3\/screen-15.jpg?fakeurl=1&type=.jpg"},{"id":1,"image_link":"https:\/\/image.winudf.com\/v2\/image1\/Y29tLmdhbWVsb2Z0LmFuZHJvaWQuQU5NUC5HbG9mdEZXSE1fc2NyZWVuXzE2XzE1NTU1NjAwNjRfMDAz\/screen-16.jpg?fakeurl=1&type=.jpg","preview":"https:\/\/image.winudf.com\/v2\/image1\/Y29tLmdhbWVsb2Z0LmFuZHJvaWQuQU5NUC5HbG9mdEZXSE1fc2NyZWVuXzE2XzE1NTU1NjAwNjRfMDAz\/screen-16.jpg?fakeurl=1&type=.jpg"},{"id":1,"image_link":"https:\/\/image.winudf.com\/v2\/image1\/Y29tLmdhbWVsb2Z0LmFuZHJvaWQuQU5NUC5HbG9mdEZXSE1fc2NyZWVuXzE3XzE1NTU1NjAwNjRfMDkx\/screen-17.jpg?fakeurl=1&type=.jpg","preview":"https:\/\/image.winudf.com\/v2\/image1\/Y29tLmdhbWVsb2Z0LmFuZHJvaWQuQU5NUC5HbG9mdEZXSE1fc2NyZWVuXzE3XzE1NTU1NjAwNjRfMDkx\/screen-17.jpg?fakeurl=1&type=.jpg"}],"screenshot_previews":[{"id":1,"image_link":"javascript:void(0)","preview":"javascript:void(0)"},{"id":1,"image_link":"https:\/\/image.winudf.com\/v2\/image1\/Y29tLmdhbWVsb2Z0LmFuZHJvaWQuQU5NUC5HbG9mdEZXSE1fc2NyZWVuXzBfMTU1NTU2MDA0N18wNjI\/screen-0.jpg?fakeurl=1&type=.jpg","preview":"https:\/\/image.winudf.com\/v2\/image1\/Y29tLmdhbWVsb2Z0LmFuZHJvaWQuQU5NUC5HbG9mdEZXSE1fc2NyZWVuXzBfMTU1NTU2MDA0N18wNjI\/screen-0.jpg?fakeurl=1&type=.jpg"},{"id":1,"image_link":"https:\/\/image.winudf.com\/v2\/image1\/Y29tLmdhbWVsb2Z0LmFuZHJvaWQuQU5NUC5HbG9mdEZXSE1fc2NyZWVuXzFfMTU1NTU2MDA0N18wNzM\/screen-1.jpg?fakeurl=1&type=.jpg","preview":"https:\/\/image.winudf.com\/v2\/image1\/Y29tLmdhbWVsb2Z0LmFuZHJvaWQuQU5NUC5HbG9mdEZXSE1fc2NyZWVuXzFfMTU1NTU2MDA0N18wNzM\/screen-1.jpg?fakeurl=1&type=.jpg"},{"id":1,"image_link":"https:\/\/image.winudf.com\/v2\/image1\/Y29tLmdhbWVsb2Z0LmFuZHJvaWQuQU5NUC5HbG9mdEZXSE1fc2NyZWVuXzJfMTU1NTU2MDA1Ml8wNTg\/screen-2.jpg?fakeurl=1&type=.jpg","preview":"https:\/\/image.winudf.com\/v2\/image1\/Y29tLmdhbWVsb2Z0LmFuZHJvaWQuQU5NUC5HbG9mdEZXSE1fc2NyZWVuXzJfMTU1NTU2MDA1Ml8wNTg\/screen-2.jpg?fakeurl=1&type=.jpg"},{"id":1,"image_link":"https:\/\/image.winudf.com\/v2\/image1\/Y29tLmdhbWVsb2Z0LmFuZHJvaWQuQU5NUC5HbG9mdEZXSE1fc2NyZWVuXzNfMTU1NTU2MDA1Ml8wNDk\/screen-3.jpg?fakeurl=1&type=.jpg","preview":"https:\/\/image.winudf.com\/v2\/image1\/Y29tLmdhbWVsb2Z0LmFuZHJvaWQuQU5NUC5HbG9mdEZXSE1fc2NyZWVuXzNfMTU1NTU2MDA1Ml8wNDk\/screen-3.jpg?fakeurl=1&type=.jpg"},{"id":1,"image_link":"https:\/\/image.winudf.com\/v2\/image1\/Y29tLmdhbWVsb2Z0LmFuZHJvaWQuQU5NUC5HbG9mdEZXSE1fc2NyZWVuXzRfMTU1NTU2MDA1M18wNjc\/screen-4.jpg?fakeurl=1&type=.jpg","preview":"https:\/\/image.winudf.com\/v2\/image1\/Y29tLmdhbWVsb2Z0LmFuZHJvaWQuQU5NUC5HbG9mdEZXSE1fc2NyZWVuXzRfMTU1NTU2MDA1M18wNjc\/screen-4.jpg?fakeurl=1&type=.jpg"},{"id":1,"image_link":"https:\/\/image.winudf.com\/v2\/image1\/Y29tLmdhbWVsb2Z0LmFuZHJvaWQuQU5NUC5HbG9mdEZXSE1fc2NyZWVuXzVfMTU1NTU2MDA1NF8wOTE\/screen-5.jpg?fakeurl=1&type=.jpg","preview":"https:\/\/image.winudf.com\/v2\/image1\/Y29tLmdhbWVsb2Z0LmFuZHJvaWQuQU5NUC5HbG9mdEZXSE1fc2NyZWVuXzVfMTU1NTU2MDA1NF8wOTE\/screen-5.jpg?fakeurl=1&type=.jpg"},{"id":1,"image_link":"https:\/\/image.winudf.com\/v2\/image1\/Y29tLmdhbWVsb2Z0LmFuZHJvaWQuQU5NUC5HbG9mdEZXSE1fc2NyZWVuXzZfMTU1NTU2MDA1NV8wODc\/screen-6.jpg?fakeurl=1&type=.jpg","preview":"https:\/\/image.winudf.com\/v2\/image1\/Y29tLmdhbWVsb2Z0LmFuZHJvaWQuQU5NUC5HbG9mdEZXSE1fc2NyZWVuXzZfMTU1NTU2MDA1NV8wODc\/screen-6.jpg?fakeurl=1&type=.jpg"},{"id":1,"image_link":"https:\/\/image.winudf.com\/v2\/image1\/Y29tLmdhbWVsb2Z0LmFuZHJvaWQuQU5NUC5HbG9mdEZXSE1fc2NyZWVuXzdfMTU1NTU2MDA1N18wMjk\/screen-7.jpg?fakeurl=1&type=.jpg","preview":"https:\/\/image.winudf.com\/v2\/image1\/Y29tLmdhbWVsb2Z0LmFuZHJvaWQuQU5NUC5HbG9mdEZXSE1fc2NyZWVuXzdfMTU1NTU2MDA1N18wMjk\/screen-7.jpg?fakeurl=1&type=.jpg"},{"id":1,"image_link":"https:\/\/image.winudf.com\/v2\/image1\/Y29tLmdhbWVsb2Z0LmFuZHJvaWQuQU5NUC5HbG9mdEZXSE1fc2NyZWVuXzhfMTU1NTU2MDA1OF8wMzA\/screen-8.jpg?fakeurl=1&type=.jpg","preview":"https:\/\/image.winudf.com\/v2\/image1\/Y29tLmdhbWVsb2Z0LmFuZHJvaWQuQU5NUC5HbG9mdEZXSE1fc2NyZWVuXzhfMTU1NTU2MDA1OF8wMzA\/screen-8.jpg?fakeurl=1&type=.jpg"},{"id":1,"image_link":"https:\/\/image.winudf.com\/v2\/image1\/Y29tLmdhbWVsb2Z0LmFuZHJvaWQuQU5NUC5HbG9mdEZXSE1fc2NyZWVuXzlfMTU1NTU2MDA1OF8wOTg\/screen-9.jpg?fakeurl=1&type=.jpg","preview":"https:\/\/image.winudf.com\/v2\/image1\/Y29tLmdhbWVsb2Z0LmFuZHJvaWQuQU5NUC5HbG9mdEZXSE1fc2NyZWVuXzlfMTU1NTU2MDA1OF8wOTg\/screen-9.jpg?fakeurl=1&type=.jpg"},{"id":1,"image_link":"https:\/\/image.winudf.com\/v2\/image1\/Y29tLmdhbWVsb2Z0LmFuZHJvaWQuQU5NUC5HbG9mdEZXSE1fc2NyZWVuXzEwXzE1NTU1NjAwNTlfMDIx\/screen-10.jpg?fakeurl=1&type=.jpg","preview":"https:\/\/image.winudf.com\/v2\/image1\/Y29tLmdhbWVsb2Z0LmFuZHJvaWQuQU5NUC5HbG9mdEZXSE1fc2NyZWVuXzEwXzE1NTU1NjAwNTlfMDIx\/screen-10.jpg?fakeurl=1&type=.jpg"},{"id":1,"image_link":"https:\/\/image.winudf.com\/v2\/image1\/Y29tLmdhbWVsb2Z0LmFuZHJvaWQuQU5NUC5HbG9mdEZXSE1fc2NyZWVuXzExXzE1NTU1NjAwNTlfMDQw\/screen-11.jpg?fakeurl=1&type=.jpg","preview":"https:\/\/image.winudf.com\/v2\/image1\/Y29tLmdhbWVsb2Z0LmFuZHJvaWQuQU5NUC5HbG9mdEZXSE1fc2NyZWVuXzExXzE1NTU1NjAwNTlfMDQw\/screen-11.jpg?fakeurl=1&type=.jpg"},{"id":1,"image_link":"https:\/\/image.winudf.com\/v2\/image1\/Y29tLmdhbWVsb2Z0LmFuZHJvaWQuQU5NUC5HbG9mdEZXSE1fc2NyZWVuXzEyXzE1NTU1NjAwNTlfMDEy\/screen-12.jpg?fakeurl=1&type=.jpg","preview":"https:\/\/image.winudf.com\/v2\/image1\/Y29tLmdhbWVsb2Z0LmFuZHJvaWQuQU5NUC5HbG9mdEZXSE1fc2NyZWVuXzEyXzE1NTU1NjAwNTlfMDEy\/screen-12.jpg?fakeurl=1&type=.jpg"},{"id":1,"image_link":"https:\/\/image.winudf.com\/v2\/image1\/Y29tLmdhbWVsb2Z0LmFuZHJvaWQuQU5NUC5HbG9mdEZXSE1fc2NyZWVuXzEzXzE1NTU1NjAwNjBfMDEx\/screen-13.jpg?fakeurl=1&type=.jpg","preview":"https:\/\/image.winudf.com\/v2\/image1\/Y29tLmdhbWVsb2Z0LmFuZHJvaWQuQU5NUC5HbG9mdEZXSE1fc2NyZWVuXzEzXzE1NTU1NjAwNjBfMDEx\/screen-13.jpg?fakeurl=1&type=.jpg"},{"id":1,"image_link":"https:\/\/image.winudf.com\/v2\/image1\/Y29tLmdhbWVsb2Z0LmFuZHJvaWQuQU5NUC5HbG9mdEZXSE1fc2NyZWVuXzE0XzE1NTU1NjAwNjNfMDM4\/screen-14.jpg?fakeurl=1&type=.jpg","preview":"https:\/\/image.winudf.com\/v2\/image1\/Y29tLmdhbWVsb2Z0LmFuZHJvaWQuQU5NUC5HbG9mdEZXSE1fc2NyZWVuXzE0XzE1NTU1NjAwNjNfMDM4\/screen-14.jpg?fakeurl=1&type=.jpg"},{"id":1,"image_link":"https:\/\/image.winudf.com\/v2\/image1\/Y29tLmdhbWVsb2Z0LmFuZHJvaWQuQU5NUC5HbG9mdEZXSE1fc2NyZWVuXzE1XzE1NTU1NjAwNjNfMDk3\/screen-15.jpg?fakeurl=1&type=.jpg","preview":"https:\/\/image.winudf.com\/v2\/image1\/Y29tLmdhbWVsb2Z0LmFuZHJvaWQuQU5NUC5HbG9mdEZXSE1fc2NyZWVuXzE1XzE1NTU1NjAwNjNfMDk3\/screen-15.jpg?fakeurl=1&type=.jpg"},{"id":1,"image_link":"https:\/\/image.winudf.com\/v2\/image1\/Y29tLmdhbWVsb2Z0LmFuZHJvaWQuQU5NUC5HbG9mdEZXSE1fc2NyZWVuXzE2XzE1NTU1NjAwNjRfMDAz\/screen-16.jpg?fakeurl=1&type=.jpg","preview":"https:\/\/image.winudf.com\/v2\/image1\/Y29tLmdhbWVsb2Z0LmFuZHJvaWQuQU5NUC5HbG9mdEZXSE1fc2NyZWVuXzE2XzE1NTU1NjAwNjRfMDAz\/screen-16.jpg?fakeurl=1&type=.jpg"},{"id":1,"image_link":"https:\/\/image.winudf.com\/v2\/image1\/Y29tLmdhbWVsb2Z0LmFuZHJvaWQuQU5NUC5HbG9mdEZXSE1fc2NyZWVuXzE3XzE1NTU1NjAwNjRfMDkx\/screen-17.jpg?fakeurl=1&type=.jpg","preview":"https:\/\/image.winudf.com\/v2\/image1\/Y29tLmdhbWVsb2Z0LmFuZHJvaWQuQU5NUC5HbG9mdEZXSE1fc2NyZWVuXzE3XzE1NTU1NjAwNjRfMDkx\/screen-17.jpg?fakeurl=1&type=.jpg"}],"total_ratings":1196784,"developer":"Gameloft","developer_url":"https:\/\/play.google.com\/store\/apps\/developer?id=Gameloft","tags":["Action"],"versions":[{"identifier":"4.6.1c","download_link":"https:\/\/apkpure.com#","is_link_external":1}],"more_details":[{"title":"Latest Version","identifier":"latest_version","value":"4.6.1c "},{"title":"Publish Date","identifier":"published_date","value":"2019-05-28"},{"title":"Requirement","identifier":"required_android","value":"Android 4.1+"}],"seo_title":"Sniper Fury","seo_keyword":"Sniper Fury, Sniper Fury for android, Sniper Fury android download, Sniper Fury apk, Sniper Fury android apk, Sniper Fury download","seo_description":"Download Sniper Fury apk 4.6.1c for Android. Answer the call to become a sniper. Your duty: Shoot to kill &amp; save the world!"}