{"app_id":"com.tencent.ig","value":"com.tencent.ig","title":"PUBG MOBILE","label":"PUBG MOBILE","slug":"pubg-mobile","app_image_url":"https:\/\/image.winudf.com\/v2\/image1\/Y29tLnRlbmNlbnQuaWdfaWNvbl8xNTYwMzA2NzY4XzA0Nw\/icon.png?w=170&fakeurl=1","app_link":"https:\/\/play.google.com\/store\/apps\/details?id=com.tencent.ig","description":"Description <br>The official PLAYERUNKNOWN'S BATTLEGROUNDS designed exclusively for mobile. Play free anywhere, anytime. PUBG MOBILE delivers the most intense free-to-play multiplayer action on mobile. Drop in, gear up, and compete. Survive epic 100-player battles, and fast past 4v4 team deathmatch and zombie modes. Last one standing wins. Be the one!<br><br>\"Absolutely remarkable\" - IGN<br>\"It's awesome.\" - Pocket Gamer<br>\"Keeps players coming back\" - Vice<br><br>2018 Mobile Game of the Year \u2013 Golden Joystick Award<br>Best Game of 2018 \u2013 GooglePlay awards<br><br>FREE ON MOBILE - Play console quality gaming on the go. Delivers jaw-dropping HD graphics and 3D sound. Featuring customizable mobile controls, training modes, and voice chat. Powered by the Unreal Engine 4.<br><br>MASSIVE BATTLE MAPS - Compete on four unique battlegrounds varying in size, terrain, and weather - frozen tundra, urban city spaces, and dense jungles. Master each battleground's secrets to create your own strategic approach to win. <br><br>DEPTH AND VARIETY - Play Solo, Duo, and in 4-player Squads. Offers FPS (First-Person Shooter) and TPS (Third-Person Shooter) play, Classic and lightning-fast arcade modes, and an arsenal of realistic weapons and vehicles. Featuring 4v4 Team Deathmatch and Zombie modes.<br><br>ADAPT &amp; OVERCOME \u2013 You make the call. Brawl with your bare hands, frying pan or crowbar. Run and gun or fire from the shadows. Your duty? Survive by any means necessary. Every minute, day, fortnite, you are a black ops team of one. <br><br>ALWAYS GROWING - Daily events &amp; challenges, and monthly updates delivering new gameplay features and modes that keep PUBG MOBILE always growing and expanding. <br><br>* Requires a stable internet connection.<br>* PUBG MOBILE recommended system requirements: Android 5.1.1 or above and at least 2 GB memory.<br><br>Contact us:<br>Official site: http:\/\/www.pubgmobile.com<br>Facebook: http:\/\/www.facebook.com\/PUBGMOBILE<br>Twitter: https:\/\/twitter.com\/PUBGMobile<br>Reddit: https:\/\/www.reddit.com\/r\/PUBGMobile\/<br><br>Please contact our customer service at PUBGMOBILE_CS@tencentgames.com if you have any questions.","status_identifier":"active","short_description":"Description The official PLAYERUNKNOWN'S BATTLEGROUNDS designed exclusively for mobile. Play free anywhere, anytime. PUBG MOBILE delivers the most intense free-to-play multiplayer action on mobile. Dr...","current_ratings":4.35,"categories":[{"label":"Action","value":"action"}],"screenshots":[{"id":1,"image_link":"javascript:void(0)","preview":"javascript:void(0)"},{"id":1,"image_link":"https:\/\/image.winudf.com\/v2\/image1\/Y29tLnRlbmNlbnQuaWdfc2NyZWVuXzBfMTU2MDMwNjc2OF8wMTQ\/screen-0.jpg?fakeurl=1&type=.jpg","preview":"https:\/\/image.winudf.com\/v2\/image1\/Y29tLnRlbmNlbnQuaWdfc2NyZWVuXzBfMTU2MDMwNjc2OF8wMTQ\/screen-0.jpg?fakeurl=1&type=.jpg"},{"id":1,"image_link":"https:\/\/image.winudf.com\/v2\/image1\/Y29tLnRlbmNlbnQuaWdfc2NyZWVuXzFfMTU2MDMwNjc2OF8wMDM\/screen-1.jpg?fakeurl=1&type=.jpg","preview":"https:\/\/image.winudf.com\/v2\/image1\/Y29tLnRlbmNlbnQuaWdfc2NyZWVuXzFfMTU2MDMwNjc2OF8wMDM\/screen-1.jpg?fakeurl=1&type=.jpg"},{"id":1,"image_link":"https:\/\/image.winudf.com\/v2\/image1\/Y29tLnRlbmNlbnQuaWdfc2NyZWVuXzJfMTU2MDMwNjc2OV8wNzE\/screen-2.jpg?fakeurl=1&type=.jpg","preview":"https:\/\/image.winudf.com\/v2\/image1\/Y29tLnRlbmNlbnQuaWdfc2NyZWVuXzJfMTU2MDMwNjc2OV8wNzE\/screen-2.jpg?fakeurl=1&type=.jpg"},{"id":1,"image_link":"https:\/\/image.winudf.com\/v2\/image1\/Y29tLnRlbmNlbnQuaWdfc2NyZWVuXzNfMTU2MDMwNjc2OV8wMjk\/screen-3.jpg?fakeurl=1&type=.jpg","preview":"https:\/\/image.winudf.com\/v2\/image1\/Y29tLnRlbmNlbnQuaWdfc2NyZWVuXzNfMTU2MDMwNjc2OV8wMjk\/screen-3.jpg?fakeurl=1&type=.jpg"},{"id":1,"image_link":"https:\/\/image.winudf.com\/v2\/image1\/Y29tLnRlbmNlbnQuaWdfc2NyZWVuXzRfMTU2MDMwNjc2OV8wMzM\/screen-4.jpg?fakeurl=1&type=.jpg","preview":"https:\/\/image.winudf.com\/v2\/image1\/Y29tLnRlbmNlbnQuaWdfc2NyZWVuXzRfMTU2MDMwNjc2OV8wMzM\/screen-4.jpg?fakeurl=1&type=.jpg"},{"id":1,"image_link":"https:\/\/image.winudf.com\/v2\/image1\/Y29tLnRlbmNlbnQuaWdfc2NyZWVuXzVfMTU2MDMwNjc2OV8wNjU\/screen-5.jpg?fakeurl=1&type=.jpg","preview":"https:\/\/image.winudf.com\/v2\/image1\/Y29tLnRlbmNlbnQuaWdfc2NyZWVuXzVfMTU2MDMwNjc2OV8wNjU\/screen-5.jpg?fakeurl=1&type=.jpg"},{"id":1,"image_link":"https:\/\/image.winudf.com\/v2\/image1\/Y29tLnRlbmNlbnQuaWdfc2NyZWVuXzZfMTU2MDMwNjc3MF8wNDE\/screen-6.jpg?fakeurl=1&type=.jpg","preview":"https:\/\/image.winudf.com\/v2\/image1\/Y29tLnRlbmNlbnQuaWdfc2NyZWVuXzZfMTU2MDMwNjc3MF8wNDE\/screen-6.jpg?fakeurl=1&type=.jpg"},{"id":1,"image_link":"https:\/\/image.winudf.com\/v2\/image1\/Y29tLnRlbmNlbnQuaWdfc2NyZWVuXzdfMTU2MDMwNjc3MF8wNDY\/screen-7.jpg?fakeurl=1&type=.jpg","preview":"https:\/\/image.winudf.com\/v2\/image1\/Y29tLnRlbmNlbnQuaWdfc2NyZWVuXzdfMTU2MDMwNjc3MF8wNDY\/screen-7.jpg?fakeurl=1&type=.jpg"},{"id":1,"image_link":"https:\/\/image.winudf.com\/v2\/image1\/Y29tLnRlbmNlbnQuaWdfc2NyZWVuXzhfMTU2MDMwNjc3MF8wODM\/screen-8.jpg?fakeurl=1&type=.jpg","preview":"https:\/\/image.winudf.com\/v2\/image1\/Y29tLnRlbmNlbnQuaWdfc2NyZWVuXzhfMTU2MDMwNjc3MF8wODM\/screen-8.jpg?fakeurl=1&type=.jpg"},{"id":1,"image_link":"https:\/\/image.winudf.com\/v2\/image1\/Y29tLnRlbmNlbnQuaWdfc2NyZWVuXzlfMTU2MDMwNjc3MV8wNTk\/screen-9.jpg?fakeurl=1&type=.jpg","preview":"https:\/\/image.winudf.com\/v2\/image1\/Y29tLnRlbmNlbnQuaWdfc2NyZWVuXzlfMTU2MDMwNjc3MV8wNTk\/screen-9.jpg?fakeurl=1&type=.jpg"},{"id":1,"image_link":"https:\/\/image.winudf.com\/v2\/image1\/Y29tLnRlbmNlbnQuaWdfc2NyZWVuXzEwXzE1NjAzMDY3NzFfMDQy\/screen-10.jpg?fakeurl=1&type=.jpg","preview":"https:\/\/image.winudf.com\/v2\/image1\/Y29tLnRlbmNlbnQuaWdfc2NyZWVuXzEwXzE1NjAzMDY3NzFfMDQy\/screen-10.jpg?fakeurl=1&type=.jpg"},{"id":1,"image_link":"https:\/\/image.winudf.com\/v2\/image1\/Y29tLnRlbmNlbnQuaWdfc2NyZWVuXzExXzE1NjAzMDY3NzFfMDIw\/screen-11.jpg?fakeurl=1&type=.jpg","preview":"https:\/\/image.winudf.com\/v2\/image1\/Y29tLnRlbmNlbnQuaWdfc2NyZWVuXzExXzE1NjAzMDY3NzFfMDIw\/screen-11.jpg?fakeurl=1&type=.jpg"},{"id":1,"image_link":"https:\/\/image.winudf.com\/v2\/image1\/Y29tLnRlbmNlbnQuaWdfc2NyZWVuXzEyXzE1NjAzMDY3NzFfMDgy\/screen-12.jpg?fakeurl=1&type=.jpg","preview":"https:\/\/image.winudf.com\/v2\/image1\/Y29tLnRlbmNlbnQuaWdfc2NyZWVuXzEyXzE1NjAzMDY3NzFfMDgy\/screen-12.jpg?fakeurl=1&type=.jpg"},{"id":1,"image_link":"https:\/\/image.winudf.com\/v2\/image1\/Y29tLnRlbmNlbnQuaWdfc2NyZWVuXzEzXzE1NjAzMDY3NzJfMDk1\/screen-13.jpg?fakeurl=1&type=.jpg","preview":"https:\/\/image.winudf.com\/v2\/image1\/Y29tLnRlbmNlbnQuaWdfc2NyZWVuXzEzXzE1NjAzMDY3NzJfMDk1\/screen-13.jpg?fakeurl=1&type=.jpg"},{"id":1,"image_link":"https:\/\/image.winudf.com\/v2\/image1\/Y29tLnRlbmNlbnQuaWdfc2NyZWVuXzE0XzE1NjAzMDY3NzJfMDU1\/screen-14.jpg?fakeurl=1&type=.jpg","preview":"https:\/\/image.winudf.com\/v2\/image1\/Y29tLnRlbmNlbnQuaWdfc2NyZWVuXzE0XzE1NjAzMDY3NzJfMDU1\/screen-14.jpg?fakeurl=1&type=.jpg"}],"screenshot_previews":[{"id":1,"image_link":"javascript:void(0)","preview":"javascript:void(0)"},{"id":1,"image_link":"https:\/\/image.winudf.com\/v2\/image1\/Y29tLnRlbmNlbnQuaWdfc2NyZWVuXzBfMTU2MDMwNjc2OF8wMTQ\/screen-0.jpg?fakeurl=1&type=.jpg","preview":"https:\/\/image.winudf.com\/v2\/image1\/Y29tLnRlbmNlbnQuaWdfc2NyZWVuXzBfMTU2MDMwNjc2OF8wMTQ\/screen-0.jpg?fakeurl=1&type=.jpg"},{"id":1,"image_link":"https:\/\/image.winudf.com\/v2\/image1\/Y29tLnRlbmNlbnQuaWdfc2NyZWVuXzFfMTU2MDMwNjc2OF8wMDM\/screen-1.jpg?fakeurl=1&type=.jpg","preview":"https:\/\/image.winudf.com\/v2\/image1\/Y29tLnRlbmNlbnQuaWdfc2NyZWVuXzFfMTU2MDMwNjc2OF8wMDM\/screen-1.jpg?fakeurl=1&type=.jpg"},{"id":1,"image_link":"https:\/\/image.winudf.com\/v2\/image1\/Y29tLnRlbmNlbnQuaWdfc2NyZWVuXzJfMTU2MDMwNjc2OV8wNzE\/screen-2.jpg?fakeurl=1&type=.jpg","preview":"https:\/\/image.winudf.com\/v2\/image1\/Y29tLnRlbmNlbnQuaWdfc2NyZWVuXzJfMTU2MDMwNjc2OV8wNzE\/screen-2.jpg?fakeurl=1&type=.jpg"},{"id":1,"image_link":"https:\/\/image.winudf.com\/v2\/image1\/Y29tLnRlbmNlbnQuaWdfc2NyZWVuXzNfMTU2MDMwNjc2OV8wMjk\/screen-3.jpg?fakeurl=1&type=.jpg","preview":"https:\/\/image.winudf.com\/v2\/image1\/Y29tLnRlbmNlbnQuaWdfc2NyZWVuXzNfMTU2MDMwNjc2OV8wMjk\/screen-3.jpg?fakeurl=1&type=.jpg"},{"id":1,"image_link":"https:\/\/image.winudf.com\/v2\/image1\/Y29tLnRlbmNlbnQuaWdfc2NyZWVuXzRfMTU2MDMwNjc2OV8wMzM\/screen-4.jpg?fakeurl=1&type=.jpg","preview":"https:\/\/image.winudf.com\/v2\/image1\/Y29tLnRlbmNlbnQuaWdfc2NyZWVuXzRfMTU2MDMwNjc2OV8wMzM\/screen-4.jpg?fakeurl=1&type=.jpg"},{"id":1,"image_link":"https:\/\/image.winudf.com\/v2\/image1\/Y29tLnRlbmNlbnQuaWdfc2NyZWVuXzVfMTU2MDMwNjc2OV8wNjU\/screen-5.jpg?fakeurl=1&type=.jpg","preview":"https:\/\/image.winudf.com\/v2\/image1\/Y29tLnRlbmNlbnQuaWdfc2NyZWVuXzVfMTU2MDMwNjc2OV8wNjU\/screen-5.jpg?fakeurl=1&type=.jpg"},{"id":1,"image_link":"https:\/\/image.winudf.com\/v2\/image1\/Y29tLnRlbmNlbnQuaWdfc2NyZWVuXzZfMTU2MDMwNjc3MF8wNDE\/screen-6.jpg?fakeurl=1&type=.jpg","preview":"https:\/\/image.winudf.com\/v2\/image1\/Y29tLnRlbmNlbnQuaWdfc2NyZWVuXzZfMTU2MDMwNjc3MF8wNDE\/screen-6.jpg?fakeurl=1&type=.jpg"},{"id":1,"image_link":"https:\/\/image.winudf.com\/v2\/image1\/Y29tLnRlbmNlbnQuaWdfc2NyZWVuXzdfMTU2MDMwNjc3MF8wNDY\/screen-7.jpg?fakeurl=1&type=.jpg","preview":"https:\/\/image.winudf.com\/v2\/image1\/Y29tLnRlbmNlbnQuaWdfc2NyZWVuXzdfMTU2MDMwNjc3MF8wNDY\/screen-7.jpg?fakeurl=1&type=.jpg"},{"id":1,"image_link":"https:\/\/image.winudf.com\/v2\/image1\/Y29tLnRlbmNlbnQuaWdfc2NyZWVuXzhfMTU2MDMwNjc3MF8wODM\/screen-8.jpg?fakeurl=1&type=.jpg","preview":"https:\/\/image.winudf.com\/v2\/image1\/Y29tLnRlbmNlbnQuaWdfc2NyZWVuXzhfMTU2MDMwNjc3MF8wODM\/screen-8.jpg?fakeurl=1&type=.jpg"},{"id":1,"image_link":"https:\/\/image.winudf.com\/v2\/image1\/Y29tLnRlbmNlbnQuaWdfc2NyZWVuXzlfMTU2MDMwNjc3MV8wNTk\/screen-9.jpg?fakeurl=1&type=.jpg","preview":"https:\/\/image.winudf.com\/v2\/image1\/Y29tLnRlbmNlbnQuaWdfc2NyZWVuXzlfMTU2MDMwNjc3MV8wNTk\/screen-9.jpg?fakeurl=1&type=.jpg"},{"id":1,"image_link":"https:\/\/image.winudf.com\/v2\/image1\/Y29tLnRlbmNlbnQuaWdfc2NyZWVuXzEwXzE1NjAzMDY3NzFfMDQy\/screen-10.jpg?fakeurl=1&type=.jpg","preview":"https:\/\/image.winudf.com\/v2\/image1\/Y29tLnRlbmNlbnQuaWdfc2NyZWVuXzEwXzE1NjAzMDY3NzFfMDQy\/screen-10.jpg?fakeurl=1&type=.jpg"},{"id":1,"image_link":"https:\/\/image.winudf.com\/v2\/image1\/Y29tLnRlbmNlbnQuaWdfc2NyZWVuXzExXzE1NjAzMDY3NzFfMDIw\/screen-11.jpg?fakeurl=1&type=.jpg","preview":"https:\/\/image.winudf.com\/v2\/image1\/Y29tLnRlbmNlbnQuaWdfc2NyZWVuXzExXzE1NjAzMDY3NzFfMDIw\/screen-11.jpg?fakeurl=1&type=.jpg"},{"id":1,"image_link":"https:\/\/image.winudf.com\/v2\/image1\/Y29tLnRlbmNlbnQuaWdfc2NyZWVuXzEyXzE1NjAzMDY3NzFfMDgy\/screen-12.jpg?fakeurl=1&type=.jpg","preview":"https:\/\/image.winudf.com\/v2\/image1\/Y29tLnRlbmNlbnQuaWdfc2NyZWVuXzEyXzE1NjAzMDY3NzFfMDgy\/screen-12.jpg?fakeurl=1&type=.jpg"},{"id":1,"image_link":"https:\/\/image.winudf.com\/v2\/image1\/Y29tLnRlbmNlbnQuaWdfc2NyZWVuXzEzXzE1NjAzMDY3NzJfMDk1\/screen-13.jpg?fakeurl=1&type=.jpg","preview":"https:\/\/image.winudf.com\/v2\/image1\/Y29tLnRlbmNlbnQuaWdfc2NyZWVuXzEzXzE1NjAzMDY3NzJfMDk1\/screen-13.jpg?fakeurl=1&type=.jpg"},{"id":1,"image_link":"https:\/\/image.winudf.com\/v2\/image1\/Y29tLnRlbmNlbnQuaWdfc2NyZWVuXzE0XzE1NjAzMDY3NzJfMDU1\/screen-14.jpg?fakeurl=1&type=.jpg","preview":"https:\/\/image.winudf.com\/v2\/image1\/Y29tLnRlbmNlbnQuaWdfc2NyZWVuXzE0XzE1NjAzMDY3NzJfMDU1\/screen-14.jpg?fakeurl=1&type=.jpg"}],"total_ratings":853104,"developer":"Tencent Games","developer_url":"https:\/\/play.google.com\/store\/apps\/developer?id=Tencent Games","tags":["PUBG","Online Multiplayer","Battle Royale","online","Survival","Shooting","PvP","fps","Action"],"versions":[{"identifier":"0.13.0","download_link":"https:\/\/apkpure.com\/pubg-tencent-1i\/com.tencent.ig\/download?from=details","is_link_external":1}],"more_details":[{"title":"Latest Version","identifier":"latest_version","value":"0.13.0 "},{"title":"Publish Date","identifier":"published_date","value":"2019-06-12"},{"title":"Requirement","identifier":"required_android","value":"Android 4.3+"}],"seo_title":"PUBG MOBILE","seo_keyword":"PUBG MOBILE, PUBG MOBILE for android, PUBG MOBILE android download, PUBG MOBILE apk, PUBG MOBILE android apk, PUBG MOBILE download","seo_description":"Download PUBG MOBILE apk 0.13.0 for Android. New version! Vikendi, a 6km x 6km snow map, is coming!"}