{"app_id":"com.gamefly.android.gamecenter","value":"com.gamefly.android.gamecenter","title":"GameFly","label":"GameFly","slug":"gamefly","app_image_url":"https:\/\/image.winudf.com\/v2\/image1\/Y29tLmdhbWVmbHkuYW5kcm9pZC5nYW1lY2VudGVyX2ljb25fMTU1MjU1MjMxNV8wNTA\/icon.png?w=170&fakeurl=1","app_link":"https:\/\/play.google.com\/store\/apps\/details?id=com.gamefly.android.gamecenter","description":"GameFly is the ultimate video game and movie app for Android phones and tablets.<br><br>- Get info on 8,000+ games for Xbox One, Xbox 360, PS4, PS3, PS Vita, Wii U, 3DS, and more<br>- Rent the latest Blu-ray and DVD movies<br>- Pre-order, buy new and used, and Keep games and movies you rent<br>- Check out user reviews and ratings<br>- Up-to-the-minute gaming news <br>- Browse screenshots and videos <br>- GameFly members can manage their Q and account on the go<br><br>Sign up and become a member now","status_identifier":"active","short_description":"GameFly is the ultimate video game and movie app for Android phones and tablets.- Get info on 8,000+ games for Xbox One, Xbox 360, PS4, PS3, PS Vita, Wii U, 3DS, and more- Rent the latest Blu-ray and...","current_ratings":4.4,"categories":[{"label":"Entertainment","value":"entertainment"}],"screenshots":[{"id":1,"image_link":"https:\/\/image.winudf.com\/v2\/image1\/Y29tLmdhbWVmbHkuYW5kcm9pZC5nYW1lY2VudGVyX3NjcmVlbl8wXzE1NTk4NDgxMDVfMDQ5\/screen-0.jpg?fakeurl=1&type=.jpg","preview":"https:\/\/image.winudf.com\/v2\/image1\/Y29tLmdhbWVmbHkuYW5kcm9pZC5nYW1lY2VudGVyX3NjcmVlbl8wXzE1NTk4NDgxMDVfMDQ5\/screen-0.jpg?fakeurl=1&type=.jpg"},{"id":1,"image_link":"https:\/\/image.winudf.com\/v2\/image1\/Y29tLmdhbWVmbHkuYW5kcm9pZC5nYW1lY2VudGVyX3NjcmVlbl8xXzE1NTk4NDgxMDZfMDk5\/screen-1.jpg?fakeurl=1&type=.jpg","preview":"https:\/\/image.winudf.com\/v2\/image1\/Y29tLmdhbWVmbHkuYW5kcm9pZC5nYW1lY2VudGVyX3NjcmVlbl8xXzE1NTk4NDgxMDZfMDk5\/screen-1.jpg?fakeurl=1&type=.jpg"},{"id":1,"image_link":"https:\/\/image.winudf.com\/v2\/image1\/Y29tLmdhbWVmbHkuYW5kcm9pZC5nYW1lY2VudGVyX3NjcmVlbl8yXzE1NTk4NDgxMDdfMDUz\/screen-2.jpg?fakeurl=1&type=.jpg","preview":"https:\/\/image.winudf.com\/v2\/image1\/Y29tLmdhbWVmbHkuYW5kcm9pZC5nYW1lY2VudGVyX3NjcmVlbl8yXzE1NTk4NDgxMDdfMDUz\/screen-2.jpg?fakeurl=1&type=.jpg"},{"id":1,"image_link":"https:\/\/image.winudf.com\/v2\/image1\/Y29tLmdhbWVmbHkuYW5kcm9pZC5nYW1lY2VudGVyX3NjcmVlbl8zXzE1NTk4NDgxMDdfMDE4\/screen-3.jpg?fakeurl=1&type=.jpg","preview":"https:\/\/image.winudf.com\/v2\/image1\/Y29tLmdhbWVmbHkuYW5kcm9pZC5nYW1lY2VudGVyX3NjcmVlbl8zXzE1NTk4NDgxMDdfMDE4\/screen-3.jpg?fakeurl=1&type=.jpg"},{"id":1,"image_link":"https:\/\/image.winudf.com\/v2\/image1\/Y29tLmdhbWVmbHkuYW5kcm9pZC5nYW1lY2VudGVyX3NjcmVlbl80XzE1NTk4NDgxMDhfMDcx\/screen-4.jpg?fakeurl=1&type=.jpg","preview":"https:\/\/image.winudf.com\/v2\/image1\/Y29tLmdhbWVmbHkuYW5kcm9pZC5nYW1lY2VudGVyX3NjcmVlbl80XzE1NTk4NDgxMDhfMDcx\/screen-4.jpg?fakeurl=1&type=.jpg"},{"id":1,"image_link":"https:\/\/image.winudf.com\/v2\/image1\/Y29tLmdhbWVmbHkuYW5kcm9pZC5nYW1lY2VudGVyX3NjcmVlbl81XzE1NTk4NDgxMDhfMDE5\/screen-5.jpg?fakeurl=1&type=.jpg","preview":"https:\/\/image.winudf.com\/v2\/image1\/Y29tLmdhbWVmbHkuYW5kcm9pZC5nYW1lY2VudGVyX3NjcmVlbl81XzE1NTk4NDgxMDhfMDE5\/screen-5.jpg?fakeurl=1&type=.jpg"},{"id":1,"image_link":"https:\/\/image.winudf.com\/v2\/image1\/Y29tLmdhbWVmbHkuYW5kcm9pZC5nYW1lY2VudGVyX3NjcmVlbl82XzE1NTk4NDgxMDlfMDI2\/screen-6.jpg?fakeurl=1&type=.jpg","preview":"https:\/\/image.winudf.com\/v2\/image1\/Y29tLmdhbWVmbHkuYW5kcm9pZC5nYW1lY2VudGVyX3NjcmVlbl82XzE1NTk4NDgxMDlfMDI2\/screen-6.jpg?fakeurl=1&type=.jpg"},{"id":1,"image_link":"https:\/\/image.winudf.com\/v2\/image1\/Y29tLmdhbWVmbHkuYW5kcm9pZC5nYW1lY2VudGVyX3NjcmVlbl83XzE1NTk4NDgxMTBfMDY3\/screen-7.jpg?fakeurl=1&type=.jpg","preview":"https:\/\/image.winudf.com\/v2\/image1\/Y29tLmdhbWVmbHkuYW5kcm9pZC5nYW1lY2VudGVyX3NjcmVlbl83XzE1NTk4NDgxMTBfMDY3\/screen-7.jpg?fakeurl=1&type=.jpg"},{"id":1,"image_link":"https:\/\/image.winudf.com\/v2\/image1\/Y29tLmdhbWVmbHkuYW5kcm9pZC5nYW1lY2VudGVyX3NjcmVlbl84XzE1NTk4NDgxMTBfMDcw\/screen-8.jpg?fakeurl=1&type=.jpg","preview":"https:\/\/image.winudf.com\/v2\/image1\/Y29tLmdhbWVmbHkuYW5kcm9pZC5nYW1lY2VudGVyX3NjcmVlbl84XzE1NTk4NDgxMTBfMDcw\/screen-8.jpg?fakeurl=1&type=.jpg"},{"id":1,"image_link":"https:\/\/image.winudf.com\/v2\/image1\/Y29tLmdhbWVmbHkuYW5kcm9pZC5nYW1lY2VudGVyX3NjcmVlbl85XzE1NTk4NDgxMTFfMDg4\/screen-9.jpg?fakeurl=1&type=.jpg","preview":"https:\/\/image.winudf.com\/v2\/image1\/Y29tLmdhbWVmbHkuYW5kcm9pZC5nYW1lY2VudGVyX3NjcmVlbl85XzE1NTk4NDgxMTFfMDg4\/screen-9.jpg?fakeurl=1&type=.jpg"},{"id":1,"image_link":"https:\/\/image.winudf.com\/v2\/image1\/Y29tLmdhbWVmbHkuYW5kcm9pZC5nYW1lY2VudGVyX3NjcmVlbl8xMF8xNTU5ODQ4MTEyXzA1NQ\/screen-10.jpg?fakeurl=1&type=.jpg","preview":"https:\/\/image.winudf.com\/v2\/image1\/Y29tLmdhbWVmbHkuYW5kcm9pZC5nYW1lY2VudGVyX3NjcmVlbl8xMF8xNTU5ODQ4MTEyXzA1NQ\/screen-10.jpg?fakeurl=1&type=.jpg"},{"id":1,"image_link":"https:\/\/image.winudf.com\/v2\/image1\/Y29tLmdhbWVmbHkuYW5kcm9pZC5nYW1lY2VudGVyX3NjcmVlbl8xMV8xNTU5ODQ4MTEyXzAwMg\/screen-11.jpg?fakeurl=1&type=.jpg","preview":"https:\/\/image.winudf.com\/v2\/image1\/Y29tLmdhbWVmbHkuYW5kcm9pZC5nYW1lY2VudGVyX3NjcmVlbl8xMV8xNTU5ODQ4MTEyXzAwMg\/screen-11.jpg?fakeurl=1&type=.jpg"},{"id":1,"image_link":"https:\/\/image.winudf.com\/v2\/image1\/Y29tLmdhbWVmbHkuYW5kcm9pZC5nYW1lY2VudGVyX3NjcmVlbl8xMl8xNTU5ODQ4MTEzXzA1Mw\/screen-12.jpg?fakeurl=1&type=.jpg","preview":"https:\/\/image.winudf.com\/v2\/image1\/Y29tLmdhbWVmbHkuYW5kcm9pZC5nYW1lY2VudGVyX3NjcmVlbl8xMl8xNTU5ODQ4MTEzXzA1Mw\/screen-12.jpg?fakeurl=1&type=.jpg"}],"screenshot_previews":[{"id":1,"image_link":"https:\/\/image.winudf.com\/v2\/image1\/Y29tLmdhbWVmbHkuYW5kcm9pZC5nYW1lY2VudGVyX3NjcmVlbl8wXzE1NTk4NDgxMDVfMDQ5\/screen-0.jpg?fakeurl=1&type=.jpg","preview":"https:\/\/image.winudf.com\/v2\/image1\/Y29tLmdhbWVmbHkuYW5kcm9pZC5nYW1lY2VudGVyX3NjcmVlbl8wXzE1NTk4NDgxMDVfMDQ5\/screen-0.jpg?fakeurl=1&type=.jpg"},{"id":1,"image_link":"https:\/\/image.winudf.com\/v2\/image1\/Y29tLmdhbWVmbHkuYW5kcm9pZC5nYW1lY2VudGVyX3NjcmVlbl8xXzE1NTk4NDgxMDZfMDk5\/screen-1.jpg?fakeurl=1&type=.jpg","preview":"https:\/\/image.winudf.com\/v2\/image1\/Y29tLmdhbWVmbHkuYW5kcm9pZC5nYW1lY2VudGVyX3NjcmVlbl8xXzE1NTk4NDgxMDZfMDk5\/screen-1.jpg?fakeurl=1&type=.jpg"},{"id":1,"image_link":"https:\/\/image.winudf.com\/v2\/image1\/Y29tLmdhbWVmbHkuYW5kcm9pZC5nYW1lY2VudGVyX3NjcmVlbl8yXzE1NTk4NDgxMDdfMDUz\/screen-2.jpg?fakeurl=1&type=.jpg","preview":"https:\/\/image.winudf.com\/v2\/image1\/Y29tLmdhbWVmbHkuYW5kcm9pZC5nYW1lY2VudGVyX3NjcmVlbl8yXzE1NTk4NDgxMDdfMDUz\/screen-2.jpg?fakeurl=1&type=.jpg"},{"id":1,"image_link":"https:\/\/image.winudf.com\/v2\/image1\/Y29tLmdhbWVmbHkuYW5kcm9pZC5nYW1lY2VudGVyX3NjcmVlbl8zXzE1NTk4NDgxMDdfMDE4\/screen-3.jpg?fakeurl=1&type=.jpg","preview":"https:\/\/image.winudf.com\/v2\/image1\/Y29tLmdhbWVmbHkuYW5kcm9pZC5nYW1lY2VudGVyX3NjcmVlbl8zXzE1NTk4NDgxMDdfMDE4\/screen-3.jpg?fakeurl=1&type=.jpg"},{"id":1,"image_link":"https:\/\/image.winudf.com\/v2\/image1\/Y29tLmdhbWVmbHkuYW5kcm9pZC5nYW1lY2VudGVyX3NjcmVlbl80XzE1NTk4NDgxMDhfMDcx\/screen-4.jpg?fakeurl=1&type=.jpg","preview":"https:\/\/image.winudf.com\/v2\/image1\/Y29tLmdhbWVmbHkuYW5kcm9pZC5nYW1lY2VudGVyX3NjcmVlbl80XzE1NTk4NDgxMDhfMDcx\/screen-4.jpg?fakeurl=1&type=.jpg"},{"id":1,"image_link":"https:\/\/image.winudf.com\/v2\/image1\/Y29tLmdhbWVmbHkuYW5kcm9pZC5nYW1lY2VudGVyX3NjcmVlbl81XzE1NTk4NDgxMDhfMDE5\/screen-5.jpg?fakeurl=1&type=.jpg","preview":"https:\/\/image.winudf.com\/v2\/image1\/Y29tLmdhbWVmbHkuYW5kcm9pZC5nYW1lY2VudGVyX3NjcmVlbl81XzE1NTk4NDgxMDhfMDE5\/screen-5.jpg?fakeurl=1&type=.jpg"},{"id":1,"image_link":"https:\/\/image.winudf.com\/v2\/image1\/Y29tLmdhbWVmbHkuYW5kcm9pZC5nYW1lY2VudGVyX3NjcmVlbl82XzE1NTk4NDgxMDlfMDI2\/screen-6.jpg?fakeurl=1&type=.jpg","preview":"https:\/\/image.winudf.com\/v2\/image1\/Y29tLmdhbWVmbHkuYW5kcm9pZC5nYW1lY2VudGVyX3NjcmVlbl82XzE1NTk4NDgxMDlfMDI2\/screen-6.jpg?fakeurl=1&type=.jpg"},{"id":1,"image_link":"https:\/\/image.winudf.com\/v2\/image1\/Y29tLmdhbWVmbHkuYW5kcm9pZC5nYW1lY2VudGVyX3NjcmVlbl83XzE1NTk4NDgxMTBfMDY3\/screen-7.jpg?fakeurl=1&type=.jpg","preview":"https:\/\/image.winudf.com\/v2\/image1\/Y29tLmdhbWVmbHkuYW5kcm9pZC5nYW1lY2VudGVyX3NjcmVlbl83XzE1NTk4NDgxMTBfMDY3\/screen-7.jpg?fakeurl=1&type=.jpg"},{"id":1,"image_link":"https:\/\/image.winudf.com\/v2\/image1\/Y29tLmdhbWVmbHkuYW5kcm9pZC5nYW1lY2VudGVyX3NjcmVlbl84XzE1NTk4NDgxMTBfMDcw\/screen-8.jpg?fakeurl=1&type=.jpg","preview":"https:\/\/image.winudf.com\/v2\/image1\/Y29tLmdhbWVmbHkuYW5kcm9pZC5nYW1lY2VudGVyX3NjcmVlbl84XzE1NTk4NDgxMTBfMDcw\/screen-8.jpg?fakeurl=1&type=.jpg"},{"id":1,"image_link":"https:\/\/image.winudf.com\/v2\/image1\/Y29tLmdhbWVmbHkuYW5kcm9pZC5nYW1lY2VudGVyX3NjcmVlbl85XzE1NTk4NDgxMTFfMDg4\/screen-9.jpg?fakeurl=1&type=.jpg","preview":"https:\/\/image.winudf.com\/v2\/image1\/Y29tLmdhbWVmbHkuYW5kcm9pZC5nYW1lY2VudGVyX3NjcmVlbl85XzE1NTk4NDgxMTFfMDg4\/screen-9.jpg?fakeurl=1&type=.jpg"},{"id":1,"image_link":"https:\/\/image.winudf.com\/v2\/image1\/Y29tLmdhbWVmbHkuYW5kcm9pZC5nYW1lY2VudGVyX3NjcmVlbl8xMF8xNTU5ODQ4MTEyXzA1NQ\/screen-10.jpg?fakeurl=1&type=.jpg","preview":"https:\/\/image.winudf.com\/v2\/image1\/Y29tLmdhbWVmbHkuYW5kcm9pZC5nYW1lY2VudGVyX3NjcmVlbl8xMF8xNTU5ODQ4MTEyXzA1NQ\/screen-10.jpg?fakeurl=1&type=.jpg"},{"id":1,"image_link":"https:\/\/image.winudf.com\/v2\/image1\/Y29tLmdhbWVmbHkuYW5kcm9pZC5nYW1lY2VudGVyX3NjcmVlbl8xMV8xNTU5ODQ4MTEyXzAwMg\/screen-11.jpg?fakeurl=1&type=.jpg","preview":"https:\/\/image.winudf.com\/v2\/image1\/Y29tLmdhbWVmbHkuYW5kcm9pZC5nYW1lY2VudGVyX3NjcmVlbl8xMV8xNTU5ODQ4MTEyXzAwMg\/screen-11.jpg?fakeurl=1&type=.jpg"},{"id":1,"image_link":"https:\/\/image.winudf.com\/v2\/image1\/Y29tLmdhbWVmbHkuYW5kcm9pZC5nYW1lY2VudGVyX3NjcmVlbl8xMl8xNTU5ODQ4MTEzXzA1Mw\/screen-12.jpg?fakeurl=1&type=.jpg","preview":"https:\/\/image.winudf.com\/v2\/image1\/Y29tLmdhbWVmbHkuYW5kcm9pZC5nYW1lY2VudGVyX3NjcmVlbl8xMl8xNTU5ODQ4MTEzXzA1Mw\/screen-12.jpg?fakeurl=1&type=.jpg"}],"total_ratings":1284477,"developer":"GameFly","developer_url":"https:\/\/play.google.com\/store\/apps\/developer?id=GameFly","tags":["Entertainment"],"versions":[{"identifier":"7.91","download_link":"https:\/\/apkpure.com\/gamefly\/com.gamefly.android.gamecenter\/download?from=details","is_link_external":1}],"more_details":[{"title":"Latest Version","identifier":"latest_version","value":"7.91 "},{"title":"Publish Date","identifier":"published_date","value":"2019-06-06"},{"title":"Requirement","identifier":"required_android","value":"Android 4.3+"}],"seo_title":"GameFly","seo_keyword":"GameFly, GameFly for android, GameFly android download, GameFly apk, GameFly android apk, GameFly download","seo_description":"Download GameFly apk 7.91 for Android. Start your GameFly 1-Month FREE Trial now!"}