{"app_id":"com.utorrent.client","value":"com.utorrent.client","title":"\u00b5Torrent\u00ae- Torrent Downloader","label":"\u00b5Torrent\u00ae- Torrent Downloader","slug":"utorrent-torrent-downloader","app_image_url":"https:\/\/image.winudf.com\/v2\/image1\/Y29tLnV0b3JyZW50LmNsaWVudF9pY29uXzE1NjA5ODcwMTFfMDA3\/icon.png?w=170&fakeurl=1","app_link":"https:\/\/play.google.com\/store\/apps\/details?id=com.utorrent.client","description":"\u00b5Torrent is the official BitTorrent android torrent downloader. Enjoy awesome torrent downloading experience with no download speed or size limits.<br> <br>\u00b5Torrent downloads files at high speeds using the BitTorrent hyper distribution communications protocol for peer-to-peer file sharing (\"P2P\"). Splitting the downloadable file into multiple parts and employing multi threading through seeding helps you download music, movies and video files many times faster.<br><br>uTorrent is the unbeatable #1 Android torrents downloader in the Google Play Store with over 100 million downloads. <br> <br>Fast, light, and powerful: that\u2019s the core of our torrent download technology. The uTorrent app reflects that. We developed uTorrent downloader around your mobile download needs.<br><br>\u2663 Beautifully light, clean design<br>\u2663 Simply download files directly to your phone\/tablet<br>\u2663 Share files &amp; torrents with ease from your phone\/tablet.<br>\u2663 No download speed limits and no torrent download size limits<br>\u2663 Better music listening and video viewing experience with integrated music and video players<br>\u2663 Translations in P\u0443\u0441\u0441\u043a\u0438\u0439, Espa\u00f1ol, Italiano, Portugu\u00eas do Brasil<br>\u2663 Download free music, movie and videos from BitTorrent\u2019s Bundle licensed content partners<br> <br>New Users <br>\u2663 Look out for magnet links and click on them when searching for torrents online.<br>\u2663 Downloaded more than one music file in a torrent? Play them all at once as a playlist<br>\u2663 Select files to download within a torrent to minimize your storage footprint<br>\u2663 To get the best performance and avoid running up your data charges on mobile movie &amp; music download, we recommend taking advantage of torrenting and seeding on Wifi-only mode whenever possible<br><br>Advanced Features<br>\u2663    Wi-fi only mode to save on mobile data<br>\u2663    Choose your file download location<br>\u2663    Download torrents and download magnet links<br>\u2663    Choose between deleting torrents only, or torrents &amp; files<br><br>uTorrent is pleased to announce a version 4 for the most downloaded torrent app on the Playstore. Version 4 represents a significant transition to a new core architecture paving the way for major developments to come.<br><br>Version 4 has been a true labor of love as the uTorrent team pushed hard to optimize version 4 for better performance, faster downloads and for a more user centric mobile torrenting experience<br><br>Users love free music downloads and watching videos\/movies online. And the 2 million plus 5 star reviews are testimony of their confidence in uTorrent. <br><br>Upgrade today to enjoy the world\u2019s best torrenting experience on the go!<br> <br>Looking for answers to frequently asked questions (FAQ) or a guide to get started with your downloads? Visit this page: http:\/\/bit.ly\/1kx19Zt<br><br>Like us on Facebook: http:\/\/www.facebook.com\/utorrent<br>Follow us on Twitter: http:\/\/twitter.com\/utorrent<br> <br>By downloading or using uTorrent \u2013 torrent downloader app, you agree to the Terms of Use (http:\/\/www.bittorrent.com\/legal\/terms-of-use) and Privacy Policy (http:\/\/www.bittorrent.com\/legal\/privacy)<br> <br>Your feedback is very important to us. Please email us directly at utandroid@bittorrent.com if you have any problems with your download, or any requests for the team. Thank you in advance.<br> <br>Enjoy an ads-free experience with the Pro version of this downloader app -- now with auto-shutdown and battery saving preferences. Check out \u00b5Torrent Pro: http:\/\/bit.ly\/1fuF34P<br> <br>Upgraded to Pro in-app, and wondering how to get Pro back? Just re-download the free app-- it will turn into Pro on its own.<br> <br>Looking for a torrent remote control for your uTorrent download client on your home computer? Check out \u00b5Torrent Remote for Android: http:\/\/bit.ly\/TZrpvg<br> <br>**Beta Testers Wanted**<br>We are launching Torrent streaming!<br>Please help us test this beta feature by signing up here: https:\/\/play.google.com\/apps\/testing\/com.utorrent.client<br><br>Brought to you by the \u00b5Torrent mobile team<br>--Light. Limitless. \u00b5Torrent\u00ae for Android.<br><br>bit torrent \u0441\u043a\u0430\u0447\u0430\u0442\u044c \u0442\u043e\u0440\u0440\u0435\u043d\u0442","status_identifier":"active","short_description":"\u00b5Torrent is the official BitTorrent android torrent downloader. Enjoy awesome torrent downloading experience with no download speed or size limits. \u00b5Torrent downloads files at high speeds using the Bi...","current_ratings":4.6,"categories":[{"label":"Video Players & Editors","value":"video_players_editors"}],"screenshots":[{"id":1,"image_link":"https:\/\/image.winudf.com\/v2\/image1\/Y29tLnV0b3JyZW50LmNsaWVudF9zY3JlZW5fMF8xNTU0NzY4MDI0XzA2Mg\/screen-0.jpg?fakeurl=1&type=.jpg","preview":"https:\/\/image.winudf.com\/v2\/image1\/Y29tLnV0b3JyZW50LmNsaWVudF9zY3JlZW5fMF8xNTU0NzY4MDI0XzA2Mg\/screen-0.jpg?fakeurl=1&type=.jpg"},{"id":1,"image_link":"https:\/\/image.winudf.com\/v2\/image1\/Y29tLnV0b3JyZW50LmNsaWVudF9zY3JlZW5fMV8xNTU0NzY4MDI1XzA0OA\/screen-1.jpg?fakeurl=1&type=.jpg","preview":"https:\/\/image.winudf.com\/v2\/image1\/Y29tLnV0b3JyZW50LmNsaWVudF9zY3JlZW5fMV8xNTU0NzY4MDI1XzA0OA\/screen-1.jpg?fakeurl=1&type=.jpg"},{"id":1,"image_link":"https:\/\/image.winudf.com\/v2\/image1\/Y29tLnV0b3JyZW50LmNsaWVudF9zY3JlZW5fMl8xNTU0NzY4MDI1XzA0MA\/screen-2.jpg?fakeurl=1&type=.jpg","preview":"https:\/\/image.winudf.com\/v2\/image1\/Y29tLnV0b3JyZW50LmNsaWVudF9zY3JlZW5fMl8xNTU0NzY4MDI1XzA0MA\/screen-2.jpg?fakeurl=1&type=.jpg"},{"id":1,"image_link":"https:\/\/image.winudf.com\/v2\/image1\/Y29tLnV0b3JyZW50LmNsaWVudF9zY3JlZW5fM18xNTU0NzY4MDI1XzA3MA\/screen-3.jpg?fakeurl=1&type=.jpg","preview":"https:\/\/image.winudf.com\/v2\/image1\/Y29tLnV0b3JyZW50LmNsaWVudF9zY3JlZW5fM18xNTU0NzY4MDI1XzA3MA\/screen-3.jpg?fakeurl=1&type=.jpg"},{"id":1,"image_link":"https:\/\/image.winudf.com\/v2\/image1\/Y29tLnV0b3JyZW50LmNsaWVudF9zY3JlZW5fNF8xNTU0NzY4MDI2XzA4MA\/screen-4.jpg?fakeurl=1&type=.jpg","preview":"https:\/\/image.winudf.com\/v2\/image1\/Y29tLnV0b3JyZW50LmNsaWVudF9zY3JlZW5fNF8xNTU0NzY4MDI2XzA4MA\/screen-4.jpg?fakeurl=1&type=.jpg"}],"screenshot_previews":[{"id":1,"image_link":"https:\/\/image.winudf.com\/v2\/image1\/Y29tLnV0b3JyZW50LmNsaWVudF9zY3JlZW5fMF8xNTU0NzY4MDI0XzA2Mg\/screen-0.jpg?fakeurl=1&type=.jpg","preview":"https:\/\/image.winudf.com\/v2\/image1\/Y29tLnV0b3JyZW50LmNsaWVudF9zY3JlZW5fMF8xNTU0NzY4MDI0XzA2Mg\/screen-0.jpg?fakeurl=1&type=.jpg"},{"id":1,"image_link":"https:\/\/image.winudf.com\/v2\/image1\/Y29tLnV0b3JyZW50LmNsaWVudF9zY3JlZW5fMV8xNTU0NzY4MDI1XzA0OA\/screen-1.jpg?fakeurl=1&type=.jpg","preview":"https:\/\/image.winudf.com\/v2\/image1\/Y29tLnV0b3JyZW50LmNsaWVudF9zY3JlZW5fMV8xNTU0NzY4MDI1XzA0OA\/screen-1.jpg?fakeurl=1&type=.jpg"},{"id":1,"image_link":"https:\/\/image.winudf.com\/v2\/image1\/Y29tLnV0b3JyZW50LmNsaWVudF9zY3JlZW5fMl8xNTU0NzY4MDI1XzA0MA\/screen-2.jpg?fakeurl=1&type=.jpg","preview":"https:\/\/image.winudf.com\/v2\/image1\/Y29tLnV0b3JyZW50LmNsaWVudF9zY3JlZW5fMl8xNTU0NzY4MDI1XzA0MA\/screen-2.jpg?fakeurl=1&type=.jpg"},{"id":1,"image_link":"https:\/\/image.winudf.com\/v2\/image1\/Y29tLnV0b3JyZW50LmNsaWVudF9zY3JlZW5fM18xNTU0NzY4MDI1XzA3MA\/screen-3.jpg?fakeurl=1&type=.jpg","preview":"https:\/\/image.winudf.com\/v2\/image1\/Y29tLnV0b3JyZW50LmNsaWVudF9zY3JlZW5fM18xNTU0NzY4MDI1XzA3MA\/screen-3.jpg?fakeurl=1&type=.jpg"},{"id":1,"image_link":"https:\/\/image.winudf.com\/v2\/image1\/Y29tLnV0b3JyZW50LmNsaWVudF9zY3JlZW5fNF8xNTU0NzY4MDI2XzA4MA\/screen-4.jpg?fakeurl=1&type=.jpg","preview":"https:\/\/image.winudf.com\/v2\/image1\/Y29tLnV0b3JyZW50LmNsaWVudF9zY3JlZW5fNF8xNTU0NzY4MDI2XzA4MA\/screen-4.jpg?fakeurl=1&type=.jpg"}],"total_ratings":993608,"developer":"BitTorrent, Inc.","developer_url":"https:\/\/play.google.com\/store\/apps\/developer?id=BitTorrent, Inc.","tags":["Video Players &amp; Editors"],"versions":[{"identifier":"5.5.4","download_link":"https:\/\/apkpure.com\/%C2%B5torrent%C2%AE-torrent-downloader\/com.utorrent.client\/download?from=details","is_link_external":1}],"more_details":[{"title":"Latest Version","identifier":"latest_version","value":"5.5.4 "},{"title":"Publish Date","identifier":"published_date","value":"2019-06-20"},{"title":"Requirement","identifier":"required_android","value":"Android 4.1+"}],"seo_title":"\u00b5Torrent\u00ae- Torrent Downloader","seo_keyword":"\u00b5Torrent\u00ae- Torrent Downloader, \u00b5Torrent\u00ae- Torrent Downloader for android, \u00b5Torrent\u00ae- Torrent Downloader android download, \u00b5Torrent\u00ae- Torrent Downloader apk, \u00b5Torrent\u00ae- Torrent Downloader android apk, \u00b5Torrent\u00ae- Torrent Downloader download","seo_description":"Download \u00b5Torrent\u00ae- Torrent Downloader apk 5.5.4 for Android. Download and play torrents on phone (Official app) &amp; #1 torrent app on Android"}