{"app_id":"com.sgiggle.production","value":"com.sgiggle.production","title":"Tango","label":"Tango","slug":"tango","app_image_url":"https:\/\/image.winudf.com\/v2\/image1\/Y29tLnNnaWdnbGUucHJvZHVjdGlvbl9pY29uXzE1NTYyMTU1NzBfMDk1\/icon.png?w=170&fakeurl=1","app_link":"https:\/\/play.google.com\/store\/apps\/details?id=com.sgiggle.production","description":"Check out our interactive video platform for live content and instant communication.<br><br>Broadcast your world and earn easy money off your livestreams with Tango Live.<br>Simply go live, get fans, and earn cash!<br><br>Meet people from around the world and showcase your talents in a new way. Promote your dancing, play a live game, share a cooking recipe, showcase new music, or show off your singing skills - and redeem gifts from fans for real cash!<br><br>As a viewer, follow your favorite broadcasters and chat directly. Give gifts to show your support and become a VIP to get special status!","status_identifier":"active","short_description":"Check out our interactive video platform for live content and instant communication.Broadcast your world and earn easy money off your livestreams with Tango Live.Simply go live, get fans, and earn cas...","current_ratings":4.65,"categories":[{"label":"Social","value":"social"}],"screenshots":[{"id":1,"image_link":"https:\/\/image.winudf.com\/v2\/image1\/Y29tLnNnaWdnbGUucHJvZHVjdGlvbl9zY3JlZW5fMF8xNTU0OTQ2MTg1XzAxNA\/screen-0.jpg?fakeurl=1&type=.jpg","preview":"https:\/\/image.winudf.com\/v2\/image1\/Y29tLnNnaWdnbGUucHJvZHVjdGlvbl9zY3JlZW5fMF8xNTU0OTQ2MTg1XzAxNA\/screen-0.jpg?fakeurl=1&type=.jpg"},{"id":1,"image_link":"https:\/\/image.winudf.com\/v2\/image1\/Y29tLnNnaWdnbGUucHJvZHVjdGlvbl9zY3JlZW5fMV8xNTU0OTQ2MTg1XzAxNQ\/screen-1.jpg?fakeurl=1&type=.jpg","preview":"https:\/\/image.winudf.com\/v2\/image1\/Y29tLnNnaWdnbGUucHJvZHVjdGlvbl9zY3JlZW5fMV8xNTU0OTQ2MTg1XzAxNQ\/screen-1.jpg?fakeurl=1&type=.jpg"},{"id":1,"image_link":"https:\/\/image.winudf.com\/v2\/image1\/Y29tLnNnaWdnbGUucHJvZHVjdGlvbl9zY3JlZW5fMl8xNTYwODAyMjI2XzAxNA\/screen-2.jpg?fakeurl=1&type=.jpg","preview":"https:\/\/image.winudf.com\/v2\/image1\/Y29tLnNnaWdnbGUucHJvZHVjdGlvbl9zY3JlZW5fMl8xNTYwODAyMjI2XzAxNA\/screen-2.jpg?fakeurl=1&type=.jpg"},{"id":1,"image_link":"https:\/\/image.winudf.com\/v2\/image1\/Y29tLnNnaWdnbGUucHJvZHVjdGlvbl9zY3JlZW5fM18xNTYwODAyMjI3XzA1NQ\/screen-3.jpg?fakeurl=1&type=.jpg","preview":"https:\/\/image.winudf.com\/v2\/image1\/Y29tLnNnaWdnbGUucHJvZHVjdGlvbl9zY3JlZW5fM18xNTYwODAyMjI3XzA1NQ\/screen-3.jpg?fakeurl=1&type=.jpg"},{"id":1,"image_link":"https:\/\/image.winudf.com\/v2\/image1\/Y29tLnNnaWdnbGUucHJvZHVjdGlvbl9zY3JlZW5fM18xNTU0OTQ2MTg2XzA0NQ\/screen-4.jpg?fakeurl=1&type=.jpg","preview":"https:\/\/image.winudf.com\/v2\/image1\/Y29tLnNnaWdnbGUucHJvZHVjdGlvbl9zY3JlZW5fM18xNTU0OTQ2MTg2XzA0NQ\/screen-4.jpg?fakeurl=1&type=.jpg"},{"id":1,"image_link":"https:\/\/image.winudf.com\/v2\/image1\/Y29tLnNnaWdnbGUucHJvZHVjdGlvbl9zY3JlZW5fNF8xNTU0OTQ2MTg2XzA1MA\/screen-5.jpg?fakeurl=1&type=.jpg","preview":"https:\/\/image.winudf.com\/v2\/image1\/Y29tLnNnaWdnbGUucHJvZHVjdGlvbl9zY3JlZW5fNF8xNTU0OTQ2MTg2XzA1MA\/screen-5.jpg?fakeurl=1&type=.jpg"},{"id":1,"image_link":"https:\/\/image.winudf.com\/v2\/image1\/Y29tLnNnaWdnbGUucHJvZHVjdGlvbl9zY3JlZW5fNV8xNTU0OTQ2MTg3XzA2Mg\/screen-6.jpg?fakeurl=1&type=.jpg","preview":"https:\/\/image.winudf.com\/v2\/image1\/Y29tLnNnaWdnbGUucHJvZHVjdGlvbl9zY3JlZW5fNV8xNTU0OTQ2MTg3XzA2Mg\/screen-6.jpg?fakeurl=1&type=.jpg"}],"screenshot_previews":[{"id":1,"image_link":"https:\/\/image.winudf.com\/v2\/image1\/Y29tLnNnaWdnbGUucHJvZHVjdGlvbl9zY3JlZW5fMF8xNTU0OTQ2MTg1XzAxNA\/screen-0.jpg?fakeurl=1&type=.jpg","preview":"https:\/\/image.winudf.com\/v2\/image1\/Y29tLnNnaWdnbGUucHJvZHVjdGlvbl9zY3JlZW5fMF8xNTU0OTQ2MTg1XzAxNA\/screen-0.jpg?fakeurl=1&type=.jpg"},{"id":1,"image_link":"https:\/\/image.winudf.com\/v2\/image1\/Y29tLnNnaWdnbGUucHJvZHVjdGlvbl9zY3JlZW5fMV8xNTU0OTQ2MTg1XzAxNQ\/screen-1.jpg?fakeurl=1&type=.jpg","preview":"https:\/\/image.winudf.com\/v2\/image1\/Y29tLnNnaWdnbGUucHJvZHVjdGlvbl9zY3JlZW5fMV8xNTU0OTQ2MTg1XzAxNQ\/screen-1.jpg?fakeurl=1&type=.jpg"},{"id":1,"image_link":"https:\/\/image.winudf.com\/v2\/image1\/Y29tLnNnaWdnbGUucHJvZHVjdGlvbl9zY3JlZW5fMl8xNTYwODAyMjI2XzAxNA\/screen-2.jpg?fakeurl=1&type=.jpg","preview":"https:\/\/image.winudf.com\/v2\/image1\/Y29tLnNnaWdnbGUucHJvZHVjdGlvbl9zY3JlZW5fMl8xNTYwODAyMjI2XzAxNA\/screen-2.jpg?fakeurl=1&type=.jpg"},{"id":1,"image_link":"https:\/\/image.winudf.com\/v2\/image1\/Y29tLnNnaWdnbGUucHJvZHVjdGlvbl9zY3JlZW5fM18xNTYwODAyMjI3XzA1NQ\/screen-3.jpg?fakeurl=1&type=.jpg","preview":"https:\/\/image.winudf.com\/v2\/image1\/Y29tLnNnaWdnbGUucHJvZHVjdGlvbl9zY3JlZW5fM18xNTYwODAyMjI3XzA1NQ\/screen-3.jpg?fakeurl=1&type=.jpg"},{"id":1,"image_link":"https:\/\/image.winudf.com\/v2\/image1\/Y29tLnNnaWdnbGUucHJvZHVjdGlvbl9zY3JlZW5fM18xNTU0OTQ2MTg2XzA0NQ\/screen-4.jpg?fakeurl=1&type=.jpg","preview":"https:\/\/image.winudf.com\/v2\/image1\/Y29tLnNnaWdnbGUucHJvZHVjdGlvbl9zY3JlZW5fM18xNTU0OTQ2MTg2XzA0NQ\/screen-4.jpg?fakeurl=1&type=.jpg"},{"id":1,"image_link":"https:\/\/image.winudf.com\/v2\/image1\/Y29tLnNnaWdnbGUucHJvZHVjdGlvbl9zY3JlZW5fNF8xNTU0OTQ2MTg2XzA1MA\/screen-5.jpg?fakeurl=1&type=.jpg","preview":"https:\/\/image.winudf.com\/v2\/image1\/Y29tLnNnaWdnbGUucHJvZHVjdGlvbl9zY3JlZW5fNF8xNTU0OTQ2MTg2XzA1MA\/screen-5.jpg?fakeurl=1&type=.jpg"},{"id":1,"image_link":"https:\/\/image.winudf.com\/v2\/image1\/Y29tLnNnaWdnbGUucHJvZHVjdGlvbl9zY3JlZW5fNV8xNTU0OTQ2MTg3XzA2Mg\/screen-6.jpg?fakeurl=1&type=.jpg","preview":"https:\/\/image.winudf.com\/v2\/image1\/Y29tLnNnaWdnbGUucHJvZHVjdGlvbl9zY3JlZW5fNV8xNTU0OTQ2MTg3XzA2Mg\/screen-6.jpg?fakeurl=1&type=.jpg"}],"total_ratings":1412805,"developer":"Tango","developer_url":"https:\/\/play.google.com\/store\/apps\/developer?id=Tango","tags":["Social"],"versions":[{"identifier":"6.8.235641","download_link":"https:\/\/apkpure.com\/tango-live-video-broadcasts\/com.sgiggle.production\/download?from=details","is_link_external":1}],"more_details":[{"title":"Latest Version","identifier":"latest_version","value":"6.8.235641 "},{"title":"Publish Date","identifier":"published_date","value":"2019-06-18"},{"title":"Requirement","identifier":"required_android","value":"Android 4.4+"}],"seo_title":"Tango","seo_keyword":"Tango, Tango for android, Tango android download, Tango apk, Tango android apk, Tango download","seo_description":"Download Tango apk 6.8.235641 for Android. 24\/7 broadcasts all over the world - join the LIVE community!"}