{"app_id":"com.ludusstudio.runandgun","value":"com.ludusstudio.runandgun","title":"Run &amp; Gun: BANDITOS","label":"Run &amp; Gun: BANDITOS","slug":"run-amp-gun-banditos","app_image_url":"https:\/\/image.winudf.com\/v2\/image1\/Y29tLmx1ZHVzc3R1ZGlvLnJ1bmFuZGd1bl9pY29uXzE1NDcyMjU1MjBfMDk4\/icon.png?w=170&fakeurl=1","app_link":"https:\/\/play.google.com\/store\/apps\/details?id=com.ludusstudio.runandgun","description":"Run fast. Shoot sharp. Get what's yours!<br><br>Your precious treasure is stolen. Enemies are all around. Be the hero and take back what\u2019s yours!<br><br>The greatest challenge you can find is already here. Run and collect as much gold as you can. Test your skills with various obstacles and shoot your way through vast number of enemies to survive the run. Unlock your full potential to beat them all. <br><br>Get in the game for the Run &amp; Gun adventure \u2013 an endless runner with a twist:<br><br>- Choose among various banditos, each having unique powerful skills<br>- Gather treasures to upgrade your characters and unlock new boosts<br>- Earn numerous achievements to show off your skills<br>- Play in a colorful and vivid world<br>- Compare with other players, be the best!<br><br>Run &amp; Gun - get what\u2019s yours!","status_identifier":"active","short_description":"Run fast. Shoot sharp. Get what's yours!Your precious treasure is stolen. Enemies are all around. Be the hero and take back what\u2019s yours!The greatest challenge you can find is already here. Run and co...","current_ratings":5,"categories":[{"label":"Action","value":"action"}],"screenshots":[{"id":1,"image_link":"javascript:void(0)","preview":"javascript:void(0)"},{"id":1,"image_link":"https:\/\/image.winudf.com\/v2\/image1\/Y29tLmx1ZHVzc3R1ZGlvLnJ1bmFuZGd1bl9zY3JlZW5fMF8xNTQ3MjI1NTIxXzAzOA\/screen-0.jpg?fakeurl=1&type=.jpg","preview":"https:\/\/image.winudf.com\/v2\/image1\/Y29tLmx1ZHVzc3R1ZGlvLnJ1bmFuZGd1bl9zY3JlZW5fMF8xNTQ3MjI1NTIxXzAzOA\/screen-0.jpg?fakeurl=1&type=.jpg"},{"id":1,"image_link":"https:\/\/image.winudf.com\/v2\/image1\/Y29tLmx1ZHVzc3R1ZGlvLnJ1bmFuZGd1bl9zY3JlZW5fMV8xNTQ3MjI1NTIyXzAwNA\/screen-1.jpg?fakeurl=1&type=.jpg","preview":"https:\/\/image.winudf.com\/v2\/image1\/Y29tLmx1ZHVzc3R1ZGlvLnJ1bmFuZGd1bl9zY3JlZW5fMV8xNTQ3MjI1NTIyXzAwNA\/screen-1.jpg?fakeurl=1&type=.jpg"},{"id":1,"image_link":"https:\/\/image.winudf.com\/v2\/image1\/Y29tLmx1ZHVzc3R1ZGlvLnJ1bmFuZGd1bl9zY3JlZW5fMl8xNTQ3MjI1NTI0XzAzNQ\/screen-2.jpg?fakeurl=1&type=.jpg","preview":"https:\/\/image.winudf.com\/v2\/image1\/Y29tLmx1ZHVzc3R1ZGlvLnJ1bmFuZGd1bl9zY3JlZW5fMl8xNTQ3MjI1NTI0XzAzNQ\/screen-2.jpg?fakeurl=1&type=.jpg"},{"id":1,"image_link":"https:\/\/image.winudf.com\/v2\/image1\/Y29tLmx1ZHVzc3R1ZGlvLnJ1bmFuZGd1bl9zY3JlZW5fM18xNTQ3MjI1NTI1XzAwMQ\/screen-3.jpg?fakeurl=1&type=.jpg","preview":"https:\/\/image.winudf.com\/v2\/image1\/Y29tLmx1ZHVzc3R1ZGlvLnJ1bmFuZGd1bl9zY3JlZW5fM18xNTQ3MjI1NTI1XzAwMQ\/screen-3.jpg?fakeurl=1&type=.jpg"},{"id":1,"image_link":"https:\/\/image.winudf.com\/v2\/image1\/Y29tLmx1ZHVzc3R1ZGlvLnJ1bmFuZGd1bl9zY3JlZW5fNF8xNTQ3MjI1NTI3XzA4Ng\/screen-4.jpg?fakeurl=1&type=.jpg","preview":"https:\/\/image.winudf.com\/v2\/image1\/Y29tLmx1ZHVzc3R1ZGlvLnJ1bmFuZGd1bl9zY3JlZW5fNF8xNTQ3MjI1NTI3XzA4Ng\/screen-4.jpg?fakeurl=1&type=.jpg"},{"id":1,"image_link":"https:\/\/image.winudf.com\/v2\/image1\/Y29tLmx1ZHVzc3R1ZGlvLnJ1bmFuZGd1bl9zY3JlZW5fNV8xNTQ3MjI1NTI4XzAyNA\/screen-5.jpg?fakeurl=1&type=.jpg","preview":"https:\/\/image.winudf.com\/v2\/image1\/Y29tLmx1ZHVzc3R1ZGlvLnJ1bmFuZGd1bl9zY3JlZW5fNV8xNTQ3MjI1NTI4XzAyNA\/screen-5.jpg?fakeurl=1&type=.jpg"},{"id":1,"image_link":"https:\/\/image.winudf.com\/v2\/image1\/Y29tLmx1ZHVzc3R1ZGlvLnJ1bmFuZGd1bl9zY3JlZW5fNl8xNTQ3MjI1NTMwXzA4OQ\/screen-6.jpg?fakeurl=1&type=.jpg","preview":"https:\/\/image.winudf.com\/v2\/image1\/Y29tLmx1ZHVzc3R1ZGlvLnJ1bmFuZGd1bl9zY3JlZW5fNl8xNTQ3MjI1NTMwXzA4OQ\/screen-6.jpg?fakeurl=1&type=.jpg"},{"id":1,"image_link":"https:\/\/image.winudf.com\/v2\/image1\/Y29tLmx1ZHVzc3R1ZGlvLnJ1bmFuZGd1bl9zY3JlZW5fN18xNTQ3MjI1NTMwXzAxNQ\/screen-7.jpg?fakeurl=1&type=.jpg","preview":"https:\/\/image.winudf.com\/v2\/image1\/Y29tLmx1ZHVzc3R1ZGlvLnJ1bmFuZGd1bl9zY3JlZW5fN18xNTQ3MjI1NTMwXzAxNQ\/screen-7.jpg?fakeurl=1&type=.jpg"},{"id":1,"image_link":"https:\/\/image.winudf.com\/v2\/image1\/Y29tLmx1ZHVzc3R1ZGlvLnJ1bmFuZGd1bl9zY3JlZW5fOF8xNTQ3MjI1NTMxXzAwMg\/screen-8.jpg?fakeurl=1&type=.jpg","preview":"https:\/\/image.winudf.com\/v2\/image1\/Y29tLmx1ZHVzc3R1ZGlvLnJ1bmFuZGd1bl9zY3JlZW5fOF8xNTQ3MjI1NTMxXzAwMg\/screen-8.jpg?fakeurl=1&type=.jpg"},{"id":1,"image_link":"https:\/\/image.winudf.com\/v2\/image1\/Y29tLmx1ZHVzc3R1ZGlvLnJ1bmFuZGd1bl9zY3JlZW5fOV8xNTQ3MjI1NTMzXzA4OQ\/screen-9.jpg?fakeurl=1&type=.jpg","preview":"https:\/\/image.winudf.com\/v2\/image1\/Y29tLmx1ZHVzc3R1ZGlvLnJ1bmFuZGd1bl9zY3JlZW5fOV8xNTQ3MjI1NTMzXzA4OQ\/screen-9.jpg?fakeurl=1&type=.jpg"},{"id":1,"image_link":"https:\/\/image.winudf.com\/v2\/image1\/Y29tLmx1ZHVzc3R1ZGlvLnJ1bmFuZGd1bl9zY3JlZW5fMTBfMTU0NzIyNTUzNV8wMDA\/screen-10.jpg?fakeurl=1&type=.jpg","preview":"https:\/\/image.winudf.com\/v2\/image1\/Y29tLmx1ZHVzc3R1ZGlvLnJ1bmFuZGd1bl9zY3JlZW5fMTBfMTU0NzIyNTUzNV8wMDA\/screen-10.jpg?fakeurl=1&type=.jpg"},{"id":1,"image_link":"https:\/\/image.winudf.com\/v2\/image1\/Y29tLmx1ZHVzc3R1ZGlvLnJ1bmFuZGd1bl9zY3JlZW5fMTFfMTU0NzIyNTUzNl8wOTQ\/screen-11.jpg?fakeurl=1&type=.jpg","preview":"https:\/\/image.winudf.com\/v2\/image1\/Y29tLmx1ZHVzc3R1ZGlvLnJ1bmFuZGd1bl9zY3JlZW5fMTFfMTU0NzIyNTUzNl8wOTQ\/screen-11.jpg?fakeurl=1&type=.jpg"},{"id":1,"image_link":"https:\/\/image.winudf.com\/v2\/image1\/Y29tLmx1ZHVzc3R1ZGlvLnJ1bmFuZGd1bl9zY3JlZW5fMTJfMTU0NzIyNTUzN18wNDQ\/screen-12.jpg?fakeurl=1&type=.jpg","preview":"https:\/\/image.winudf.com\/v2\/image1\/Y29tLmx1ZHVzc3R1ZGlvLnJ1bmFuZGd1bl9zY3JlZW5fMTJfMTU0NzIyNTUzN18wNDQ\/screen-12.jpg?fakeurl=1&type=.jpg"},{"id":1,"image_link":"https:\/\/image.winudf.com\/v2\/image1\/Y29tLmx1ZHVzc3R1ZGlvLnJ1bmFuZGd1bl9zY3JlZW5fMTNfMTU0NzIyNTUzOV8wNjk\/screen-13.jpg?fakeurl=1&type=.jpg","preview":"https:\/\/image.winudf.com\/v2\/image1\/Y29tLmx1ZHVzc3R1ZGlvLnJ1bmFuZGd1bl9zY3JlZW5fMTNfMTU0NzIyNTUzOV8wNjk\/screen-13.jpg?fakeurl=1&type=.jpg"},{"id":1,"image_link":"https:\/\/image.winudf.com\/v2\/image1\/Y29tLmx1ZHVzc3R1ZGlvLnJ1bmFuZGd1bl9zY3JlZW5fMTRfMTU0NzIyNTU0MF8wNzg\/screen-14.jpg?fakeurl=1&type=.jpg","preview":"https:\/\/image.winudf.com\/v2\/image1\/Y29tLmx1ZHVzc3R1ZGlvLnJ1bmFuZGd1bl9zY3JlZW5fMTRfMTU0NzIyNTU0MF8wNzg\/screen-14.jpg?fakeurl=1&type=.jpg"}],"screenshot_previews":[{"id":1,"image_link":"javascript:void(0)","preview":"javascript:void(0)"},{"id":1,"image_link":"https:\/\/image.winudf.com\/v2\/image1\/Y29tLmx1ZHVzc3R1ZGlvLnJ1bmFuZGd1bl9zY3JlZW5fMF8xNTQ3MjI1NTIxXzAzOA\/screen-0.jpg?fakeurl=1&type=.jpg","preview":"https:\/\/image.winudf.com\/v2\/image1\/Y29tLmx1ZHVzc3R1ZGlvLnJ1bmFuZGd1bl9zY3JlZW5fMF8xNTQ3MjI1NTIxXzAzOA\/screen-0.jpg?fakeurl=1&type=.jpg"},{"id":1,"image_link":"https:\/\/image.winudf.com\/v2\/image1\/Y29tLmx1ZHVzc3R1ZGlvLnJ1bmFuZGd1bl9zY3JlZW5fMV8xNTQ3MjI1NTIyXzAwNA\/screen-1.jpg?fakeurl=1&type=.jpg","preview":"https:\/\/image.winudf.com\/v2\/image1\/Y29tLmx1ZHVzc3R1ZGlvLnJ1bmFuZGd1bl9zY3JlZW5fMV8xNTQ3MjI1NTIyXzAwNA\/screen-1.jpg?fakeurl=1&type=.jpg"},{"id":1,"image_link":"https:\/\/image.winudf.com\/v2\/image1\/Y29tLmx1ZHVzc3R1ZGlvLnJ1bmFuZGd1bl9zY3JlZW5fMl8xNTQ3MjI1NTI0XzAzNQ\/screen-2.jpg?fakeurl=1&type=.jpg","preview":"https:\/\/image.winudf.com\/v2\/image1\/Y29tLmx1ZHVzc3R1ZGlvLnJ1bmFuZGd1bl9zY3JlZW5fMl8xNTQ3MjI1NTI0XzAzNQ\/screen-2.jpg?fakeurl=1&type=.jpg"},{"id":1,"image_link":"https:\/\/image.winudf.com\/v2\/image1\/Y29tLmx1ZHVzc3R1ZGlvLnJ1bmFuZGd1bl9zY3JlZW5fM18xNTQ3MjI1NTI1XzAwMQ\/screen-3.jpg?fakeurl=1&type=.jpg","preview":"https:\/\/image.winudf.com\/v2\/image1\/Y29tLmx1ZHVzc3R1ZGlvLnJ1bmFuZGd1bl9zY3JlZW5fM18xNTQ3MjI1NTI1XzAwMQ\/screen-3.jpg?fakeurl=1&type=.jpg"},{"id":1,"image_link":"https:\/\/image.winudf.com\/v2\/image1\/Y29tLmx1ZHVzc3R1ZGlvLnJ1bmFuZGd1bl9zY3JlZW5fNF8xNTQ3MjI1NTI3XzA4Ng\/screen-4.jpg?fakeurl=1&type=.jpg","preview":"https:\/\/image.winudf.com\/v2\/image1\/Y29tLmx1ZHVzc3R1ZGlvLnJ1bmFuZGd1bl9zY3JlZW5fNF8xNTQ3MjI1NTI3XzA4Ng\/screen-4.jpg?fakeurl=1&type=.jpg"},{"id":1,"image_link":"https:\/\/image.winudf.com\/v2\/image1\/Y29tLmx1ZHVzc3R1ZGlvLnJ1bmFuZGd1bl9zY3JlZW5fNV8xNTQ3MjI1NTI4XzAyNA\/screen-5.jpg?fakeurl=1&type=.jpg","preview":"https:\/\/image.winudf.com\/v2\/image1\/Y29tLmx1ZHVzc3R1ZGlvLnJ1bmFuZGd1bl9zY3JlZW5fNV8xNTQ3MjI1NTI4XzAyNA\/screen-5.jpg?fakeurl=1&type=.jpg"},{"id":1,"image_link":"https:\/\/image.winudf.com\/v2\/image1\/Y29tLmx1ZHVzc3R1ZGlvLnJ1bmFuZGd1bl9zY3JlZW5fNl8xNTQ3MjI1NTMwXzA4OQ\/screen-6.jpg?fakeurl=1&type=.jpg","preview":"https:\/\/image.winudf.com\/v2\/image1\/Y29tLmx1ZHVzc3R1ZGlvLnJ1bmFuZGd1bl9zY3JlZW5fNl8xNTQ3MjI1NTMwXzA4OQ\/screen-6.jpg?fakeurl=1&type=.jpg"},{"id":1,"image_link":"https:\/\/image.winudf.com\/v2\/image1\/Y29tLmx1ZHVzc3R1ZGlvLnJ1bmFuZGd1bl9zY3JlZW5fN18xNTQ3MjI1NTMwXzAxNQ\/screen-7.jpg?fakeurl=1&type=.jpg","preview":"https:\/\/image.winudf.com\/v2\/image1\/Y29tLmx1ZHVzc3R1ZGlvLnJ1bmFuZGd1bl9zY3JlZW5fN18xNTQ3MjI1NTMwXzAxNQ\/screen-7.jpg?fakeurl=1&type=.jpg"},{"id":1,"image_link":"https:\/\/image.winudf.com\/v2\/image1\/Y29tLmx1ZHVzc3R1ZGlvLnJ1bmFuZGd1bl9zY3JlZW5fOF8xNTQ3MjI1NTMxXzAwMg\/screen-8.jpg?fakeurl=1&type=.jpg","preview":"https:\/\/image.winudf.com\/v2\/image1\/Y29tLmx1ZHVzc3R1ZGlvLnJ1bmFuZGd1bl9zY3JlZW5fOF8xNTQ3MjI1NTMxXzAwMg\/screen-8.jpg?fakeurl=1&type=.jpg"},{"id":1,"image_link":"https:\/\/image.winudf.com\/v2\/image1\/Y29tLmx1ZHVzc3R1ZGlvLnJ1bmFuZGd1bl9zY3JlZW5fOV8xNTQ3MjI1NTMzXzA4OQ\/screen-9.jpg?fakeurl=1&type=.jpg","preview":"https:\/\/image.winudf.com\/v2\/image1\/Y29tLmx1ZHVzc3R1ZGlvLnJ1bmFuZGd1bl9zY3JlZW5fOV8xNTQ3MjI1NTMzXzA4OQ\/screen-9.jpg?fakeurl=1&type=.jpg"},{"id":1,"image_link":"https:\/\/image.winudf.com\/v2\/image1\/Y29tLmx1ZHVzc3R1ZGlvLnJ1bmFuZGd1bl9zY3JlZW5fMTBfMTU0NzIyNTUzNV8wMDA\/screen-10.jpg?fakeurl=1&type=.jpg","preview":"https:\/\/image.winudf.com\/v2\/image1\/Y29tLmx1ZHVzc3R1ZGlvLnJ1bmFuZGd1bl9zY3JlZW5fMTBfMTU0NzIyNTUzNV8wMDA\/screen-10.jpg?fakeurl=1&type=.jpg"},{"id":1,"image_link":"https:\/\/image.winudf.com\/v2\/image1\/Y29tLmx1ZHVzc3R1ZGlvLnJ1bmFuZGd1bl9zY3JlZW5fMTFfMTU0NzIyNTUzNl8wOTQ\/screen-11.jpg?fakeurl=1&type=.jpg","preview":"https:\/\/image.winudf.com\/v2\/image1\/Y29tLmx1ZHVzc3R1ZGlvLnJ1bmFuZGd1bl9zY3JlZW5fMTFfMTU0NzIyNTUzNl8wOTQ\/screen-11.jpg?fakeurl=1&type=.jpg"},{"id":1,"image_link":"https:\/\/image.winudf.com\/v2\/image1\/Y29tLmx1ZHVzc3R1ZGlvLnJ1bmFuZGd1bl9zY3JlZW5fMTJfMTU0NzIyNTUzN18wNDQ\/screen-12.jpg?fakeurl=1&type=.jpg","preview":"https:\/\/image.winudf.com\/v2\/image1\/Y29tLmx1ZHVzc3R1ZGlvLnJ1bmFuZGd1bl9zY3JlZW5fMTJfMTU0NzIyNTUzN18wNDQ\/screen-12.jpg?fakeurl=1&type=.jpg"},{"id":1,"image_link":"https:\/\/image.winudf.com\/v2\/image1\/Y29tLmx1ZHVzc3R1ZGlvLnJ1bmFuZGd1bl9zY3JlZW5fMTNfMTU0NzIyNTUzOV8wNjk\/screen-13.jpg?fakeurl=1&type=.jpg","preview":"https:\/\/image.winudf.com\/v2\/image1\/Y29tLmx1ZHVzc3R1ZGlvLnJ1bmFuZGd1bl9zY3JlZW5fMTNfMTU0NzIyNTUzOV8wNjk\/screen-13.jpg?fakeurl=1&type=.jpg"},{"id":1,"image_link":"https:\/\/image.winudf.com\/v2\/image1\/Y29tLmx1ZHVzc3R1ZGlvLnJ1bmFuZGd1bl9zY3JlZW5fMTRfMTU0NzIyNTU0MF8wNzg\/screen-14.jpg?fakeurl=1&type=.jpg","preview":"https:\/\/image.winudf.com\/v2\/image1\/Y29tLmx1ZHVzc3R1ZGlvLnJ1bmFuZGd1bl9zY3JlZW5fMTRfMTU0NzIyNTU0MF8wNzg\/screen-14.jpg?fakeurl=1&type=.jpg"}],"total_ratings":1656146,"developer":"Ludus Studio","developer_url":"https:\/\/play.google.com\/store\/apps\/developer?id=Ludus Studio","tags":["Action"],"versions":[{"identifier":"1.3","download_link":"https:\/\/apkpure.com\/run-gun-banditos\/com.ludusstudio.runandgun\/download?from=details","is_link_external":1}],"more_details":[{"title":"Latest Version","identifier":"latest_version","value":"1.3 "},{"title":"Publish Date","identifier":"published_date","value":"2019-01-11"},{"title":"Requirement","identifier":"required_android","value":"Android 4.1+"}],"seo_title":"Run &amp; Gun: BANDITOS","seo_keyword":"Run & Gun: BANDITOS, Run & Gun: BANDITOS for android, Run & Gun: BANDITOS android download, Run & Gun: BANDITOS apk, Run & Gun: BANDITOS android apk, Run & Gun: BANDITOS download","seo_description":"Download Run & Gun: BANDITOS apk 1.3 for Android. Run fast! Shoot sharp! Get what&#39;s yours!"}