{"app_id":"com.instagram.android","value":"com.instagram.android","title":"Instagram","label":"Instagram","slug":"instagram","app_image_url":"https:\/\/image.winudf.com\/v2\/image1\/Y29tLmluc3RhZ3JhbS5hbmRyb2lkX2ljb25fMTU1NTQ0NDM0N18wMTk\/icon.png?w=170&fakeurl=1","app_link":"https:\/\/play.google.com\/store\/apps\/details?id=com.instagram.android","description":"Instagram is a simple way to capture and share the world\u2019s moments. Follow your friends and family to see what they\u2019re up to, and discover accounts from all over the world that are sharing things you love. Join the community of over 1 billion people and express yourself by sharing all the moments of your day \u2014 the highlights and everything in between, too.<br><br>Use Instagram to:<br><br>* Post photos and videos you want to keep on your profile grid. Edit them with filters and creative tools and combine multiple clips into one video.<br>* Browse photos and videos from people you follow in your feed. Interact with posts you care about with likes and comments.<br>* Share multiple photos and videos (as many as you want!) to your story. Bring them to life with text, drawing tools and other creative effects. . They disappear after 24 hours and won\u2019t appear on your profile grid or in feed.<br>* Go live to connect with your friends in the moment. Try going live with a friend and sharing a replay to your story when you\u2019re done.<br>* Message your friends privately in Direct. Send them photos and videos that disappear and share content you see on Instagram.<br>* Watch stories and live videos from the people you follow in a bar at the top of your feed.<br>* Discover photos, videos and stories you might like and follow new accounts on the Explore tab.","status_identifier":"active","short_description":"Instagram is a simple way to capture and share the world\u2019s moments. Follow your friends and family to see what they\u2019re up to, and discover accounts from all over the world that are sharing things you...","current_ratings":4.65,"categories":[{"label":"Social","value":"social"}],"screenshots":[{"id":1,"image_link":"https:\/\/image.winudf.com\/v2\/image1\/Y29tLmluc3RhZ3JhbS5hbmRyb2lkX3NjcmVlbl8wXzE1NTU0NDQzNDdfMDMw\/screen-0.jpg?fakeurl=1&type=.jpg","preview":"https:\/\/image.winudf.com\/v2\/image1\/Y29tLmluc3RhZ3JhbS5hbmRyb2lkX3NjcmVlbl8wXzE1NTU0NDQzNDdfMDMw\/screen-0.jpg?fakeurl=1&type=.jpg"},{"id":1,"image_link":"https:\/\/image.winudf.com\/v2\/image1\/Y29tLmluc3RhZ3JhbS5hbmRyb2lkX3NjcmVlbl8xXzE1NTU0NDQzNDdfMDA0\/screen-1.jpg?fakeurl=1&type=.jpg","preview":"https:\/\/image.winudf.com\/v2\/image1\/Y29tLmluc3RhZ3JhbS5hbmRyb2lkX3NjcmVlbl8xXzE1NTU0NDQzNDdfMDA0\/screen-1.jpg?fakeurl=1&type=.jpg"},{"id":1,"image_link":"https:\/\/image.winudf.com\/v2\/image1\/Y29tLmluc3RhZ3JhbS5hbmRyb2lkX3NjcmVlbl8yXzE1NTU0NDQzNDhfMDI3\/screen-2.jpg?fakeurl=1&type=.jpg","preview":"https:\/\/image.winudf.com\/v2\/image1\/Y29tLmluc3RhZ3JhbS5hbmRyb2lkX3NjcmVlbl8yXzE1NTU0NDQzNDhfMDI3\/screen-2.jpg?fakeurl=1&type=.jpg"},{"id":1,"image_link":"https:\/\/image.winudf.com\/v2\/image1\/Y29tLmluc3RhZ3JhbS5hbmRyb2lkX3NjcmVlbl8zXzE1NTU0NDQzNDhfMDEx\/screen-3.jpg?fakeurl=1&type=.jpg","preview":"https:\/\/image.winudf.com\/v2\/image1\/Y29tLmluc3RhZ3JhbS5hbmRyb2lkX3NjcmVlbl8zXzE1NTU0NDQzNDhfMDEx\/screen-3.jpg?fakeurl=1&type=.jpg"},{"id":1,"image_link":"https:\/\/image.winudf.com\/v2\/image1\/Y29tLmluc3RhZ3JhbS5hbmRyb2lkX3NjcmVlbl80XzE1NTU0NDQzNDlfMDU4\/screen-4.jpg?fakeurl=1&type=.jpg","preview":"https:\/\/image.winudf.com\/v2\/image1\/Y29tLmluc3RhZ3JhbS5hbmRyb2lkX3NjcmVlbl80XzE1NTU0NDQzNDlfMDU4\/screen-4.jpg?fakeurl=1&type=.jpg"}],"screenshot_previews":[{"id":1,"image_link":"https:\/\/image.winudf.com\/v2\/image1\/Y29tLmluc3RhZ3JhbS5hbmRyb2lkX3NjcmVlbl8wXzE1NTU0NDQzNDdfMDMw\/screen-0.jpg?fakeurl=1&type=.jpg","preview":"https:\/\/image.winudf.com\/v2\/image1\/Y29tLmluc3RhZ3JhbS5hbmRyb2lkX3NjcmVlbl8wXzE1NTU0NDQzNDdfMDMw\/screen-0.jpg?fakeurl=1&type=.jpg"},{"id":1,"image_link":"https:\/\/image.winudf.com\/v2\/image1\/Y29tLmluc3RhZ3JhbS5hbmRyb2lkX3NjcmVlbl8xXzE1NTU0NDQzNDdfMDA0\/screen-1.jpg?fakeurl=1&type=.jpg","preview":"https:\/\/image.winudf.com\/v2\/image1\/Y29tLmluc3RhZ3JhbS5hbmRyb2lkX3NjcmVlbl8xXzE1NTU0NDQzNDdfMDA0\/screen-1.jpg?fakeurl=1&type=.jpg"},{"id":1,"image_link":"https:\/\/image.winudf.com\/v2\/image1\/Y29tLmluc3RhZ3JhbS5hbmRyb2lkX3NjcmVlbl8yXzE1NTU0NDQzNDhfMDI3\/screen-2.jpg?fakeurl=1&type=.jpg","preview":"https:\/\/image.winudf.com\/v2\/image1\/Y29tLmluc3RhZ3JhbS5hbmRyb2lkX3NjcmVlbl8yXzE1NTU0NDQzNDhfMDI3\/screen-2.jpg?fakeurl=1&type=.jpg"},{"id":1,"image_link":"https:\/\/image.winudf.com\/v2\/image1\/Y29tLmluc3RhZ3JhbS5hbmRyb2lkX3NjcmVlbl8zXzE1NTU0NDQzNDhfMDEx\/screen-3.jpg?fakeurl=1&type=.jpg","preview":"https:\/\/image.winudf.com\/v2\/image1\/Y29tLmluc3RhZ3JhbS5hbmRyb2lkX3NjcmVlbl8zXzE1NTU0NDQzNDhfMDEx\/screen-3.jpg?fakeurl=1&type=.jpg"},{"id":1,"image_link":"https:\/\/image.winudf.com\/v2\/image1\/Y29tLmluc3RhZ3JhbS5hbmRyb2lkX3NjcmVlbl80XzE1NTU0NDQzNDlfMDU4\/screen-4.jpg?fakeurl=1&type=.jpg","preview":"https:\/\/image.winudf.com\/v2\/image1\/Y29tLmluc3RhZ3JhbS5hbmRyb2lkX3NjcmVlbl80XzE1NTU0NDQzNDlfMDU4\/screen-4.jpg?fakeurl=1&type=.jpg"}],"total_ratings":1957989,"developer":"Instagram","developer_url":"https:\/\/play.google.com\/store\/apps\/developer?id=Instagram","tags":["Social"],"versions":[{"identifier":"98.0.0.15.119","download_link":"https:\/\/apkpure.com\/instagram\/com.instagram.android\/download?from=details","is_link_external":1}],"more_details":[{"title":"Latest Version","identifier":"latest_version","value":"98.0.0.15.119 "},{"title":"Publish Date","identifier":"published_date","value":"2019-06-18"},{"title":"Requirement","identifier":"required_android","value":"Android 4.4+"}],"seo_title":"Instagram","seo_keyword":"Instagram, Instagram for android, Instagram android download, Instagram apk, Instagram android apk, Instagram download","seo_description":"Download Instagram apk 98.0.0.15.119 for Android. Instagram \u2013 Like, capture and share the world\u2019s moments"}