{"app_id":"com.glu.flcn_new","value":"com.glu.flcn_new","title":"FRONTLINE COMMANDO: D-DAY","label":"FRONTLINE COMMANDO: D-DAY","slug":"frontline-commando-d-day","app_image_url":"https:\/\/image.winudf.com\/v2\/image\/Y29tLmdsdS5mbGNuX25ld19pY29uXzE1MjYwMTcxNTBfMDYz\/icon.png?w=170&fakeurl=1","app_link":"https:\/\/play.google.com\/store\/apps\/details?id=com.glu.flcn_new","description":"High-end, immersive tablet gameplay!<br><br>Lead the charge on D-Day as the tip of the spear in the largest Allied invasion of WW2!  Defeat the occupation forces and take back France; storm the beaches, clear the trenches and liberate towns as you battle through the countryside of Normandy.<br><br>SEE AND FEEL THE ACTION!<br>Experience the ultimate 3rd person shooter with stunning console quality visuals, precise controls, advanced physics, destructible environments and full voiceovers.  Jump into the heat of battle and push your device to the limit!<br><br>HUGE SINGLE-PLAYER CAMPAIGN!<br>Experience 5 separate campaigns with 145 separate missions based on the actual beach landings; Juno, Sword, Utah, Gold and Omaha.  Destroy powerful tanks and cannons to allow allied forces to advance.  Grab a stationary gun and unload against fortified positions.  Man the Ack-Ack anti-aircraft guns to take down bombers and their escorts before they can release their payloads.<br><br>RUN THROUGH THE WARZONE!<br>Battle your way into the heart of enemy territory! Run through the battlefield dodging mines and leaping barriers as you move to the next cover point to avoid enemy fire.  Emerge from destructible cover points to engage waves of enemies!<br><br>COMMAND AN ARSENAL OF DEADLY WEAPONS!<br>Take to the frontline with an array of classic weapons from World War 2.  Grab a historic rifle to take down enemies accurately or, if you prefer, a machine-gun to unleash a hail of bullets.  Call in Artillery strikes against entrenched enemy soldiers or shoulder a bazooka to reduce a tank to rubble.    <br><br>PLEASE NOTE:<br>- This game is free to play, but you can choose to pay real money for some extra items, which will charge your Google account. You can disable in-app purchasing by adjusting your device settings.<br>-This game is not intended for children.<br>- Please buy carefully.<br>- Advertising appears in this game.<br>- This game may permit users to interact with one another (e.g., chat rooms, player to player chat, messaging) depending on the availability of these features. Linking to social networking sites are not intended for persons in violation of the applicable rules of such social networking sites.<br>- A network connection is required to play.<br>- For information about how Glu collects and uses your data, please read our privacy policy at: www.Glu.com\/privacy<br>- If you have a problem with this game, please use the game\u2019s \u201cHelp\u201d feature.  <br><br>FOLLOW US at<br>Twitter @glumobile<br>facebook.com\/glumobile<br><br>READ_CONTACTS \u2013 The game reads your contacts only to allow you to invite your friends to play.<br><br>getLine1Number - This permission was accidentally included but is not used by this game. We will remove in an update in near future.","status_identifier":"active","short_description":"High-end, immersive tablet gameplay!Lead the charge on D-Day as the tip of the spear in the largest Allied invasion of WW2!  Defeat the occupation forces and take back France; storm the beaches, clear...","current_ratings":4.45,"categories":[{"label":"Action","value":"action"}],"screenshots":[{"id":1,"image_link":"javascript:void(0)","preview":"javascript:void(0)"},{"id":1,"image_link":"https:\/\/image.winudf.com\/v2\/image\/Y29tLmdsdS5mbGNuX25ld19zY3JlZW5fMF8xNTI2MDE3MTUxXzAwNQ\/screen-0.jpg?fakeurl=1&type=.jpg","preview":"https:\/\/image.winudf.com\/v2\/image\/Y29tLmdsdS5mbGNuX25ld19zY3JlZW5fMF8xNTI2MDE3MTUxXzAwNQ\/screen-0.jpg?fakeurl=1&type=.jpg"},{"id":1,"image_link":"https:\/\/image.winudf.com\/v2\/image\/Y29tLmdsdS5mbGNuX25ld19zY3JlZW5fMV8xNTI2MDE3MTUyXzA5NQ\/screen-1.jpg?fakeurl=1&type=.jpg","preview":"https:\/\/image.winudf.com\/v2\/image\/Y29tLmdsdS5mbGNuX25ld19zY3JlZW5fMV8xNTI2MDE3MTUyXzA5NQ\/screen-1.jpg?fakeurl=1&type=.jpg"},{"id":1,"image_link":"https:\/\/image.winudf.com\/v2\/image\/Y29tLmdsdS5mbGNuX25ld19zY3JlZW5fMl8xNTI2MDE3MTUyXzA3OA\/screen-2.jpg?fakeurl=1&type=.jpg","preview":"https:\/\/image.winudf.com\/v2\/image\/Y29tLmdsdS5mbGNuX25ld19zY3JlZW5fMl8xNTI2MDE3MTUyXzA3OA\/screen-2.jpg?fakeurl=1&type=.jpg"},{"id":1,"image_link":"https:\/\/image.winudf.com\/v2\/image\/Y29tLmdsdS5mbGNuX25ld19zY3JlZW5fM18xNTI2MDE3MTUzXzA4Ng\/screen-3.jpg?fakeurl=1&type=.jpg","preview":"https:\/\/image.winudf.com\/v2\/image\/Y29tLmdsdS5mbGNuX25ld19zY3JlZW5fM18xNTI2MDE3MTUzXzA4Ng\/screen-3.jpg?fakeurl=1&type=.jpg"},{"id":1,"image_link":"https:\/\/image.winudf.com\/v2\/image\/Y29tLmdsdS5mbGNuX25ld19zY3JlZW5fNF8xNTI2MDE3MTU0XzAxOQ\/screen-4.jpg?fakeurl=1&type=.jpg","preview":"https:\/\/image.winudf.com\/v2\/image\/Y29tLmdsdS5mbGNuX25ld19zY3JlZW5fNF8xNTI2MDE3MTU0XzAxOQ\/screen-4.jpg?fakeurl=1&type=.jpg"},{"id":1,"image_link":"https:\/\/image.winudf.com\/v2\/image\/Y29tLmdsdS5mbGNuX25ld19zY3JlZW5fNV8xNTI2MDE3MTU1XzA1OA\/screen-5.jpg?fakeurl=1&type=.jpg","preview":"https:\/\/image.winudf.com\/v2\/image\/Y29tLmdsdS5mbGNuX25ld19zY3JlZW5fNV8xNTI2MDE3MTU1XzA1OA\/screen-5.jpg?fakeurl=1&type=.jpg"},{"id":1,"image_link":"https:\/\/image.winudf.com\/v2\/image\/Y29tLmdsdS5mbGNuX25ld19zY3JlZW5fNl8xNTI2MDE3MTU1XzAwMQ\/screen-6.jpg?fakeurl=1&type=.jpg","preview":"https:\/\/image.winudf.com\/v2\/image\/Y29tLmdsdS5mbGNuX25ld19zY3JlZW5fNl8xNTI2MDE3MTU1XzAwMQ\/screen-6.jpg?fakeurl=1&type=.jpg"},{"id":1,"image_link":"https:\/\/image.winudf.com\/v2\/image\/Y29tLmdsdS5mbGNuX25ld19zY3JlZW5fN18xNTI2MDE3MTU2XzA2NQ\/screen-7.jpg?fakeurl=1&type=.jpg","preview":"https:\/\/image.winudf.com\/v2\/image\/Y29tLmdsdS5mbGNuX25ld19zY3JlZW5fN18xNTI2MDE3MTU2XzA2NQ\/screen-7.jpg?fakeurl=1&type=.jpg"},{"id":1,"image_link":"https:\/\/image.winudf.com\/v2\/image\/Y29tLmdsdS5mbGNuX25ld19zY3JlZW5fOF8xNTI2MDE3MTYwXzAyMA\/screen-8.jpg?fakeurl=1&type=.jpg","preview":"https:\/\/image.winudf.com\/v2\/image\/Y29tLmdsdS5mbGNuX25ld19zY3JlZW5fOF8xNTI2MDE3MTYwXzAyMA\/screen-8.jpg?fakeurl=1&type=.jpg"},{"id":1,"image_link":"https:\/\/image.winudf.com\/v2\/image\/Y29tLmdsdS5mbGNuX25ld19zY3JlZW5fOV8xNTI2MDE3MTYwXzAzOQ\/screen-9.jpg?fakeurl=1&type=.jpg","preview":"https:\/\/image.winudf.com\/v2\/image\/Y29tLmdsdS5mbGNuX25ld19zY3JlZW5fOV8xNTI2MDE3MTYwXzAzOQ\/screen-9.jpg?fakeurl=1&type=.jpg"},{"id":1,"image_link":"https:\/\/image.winudf.com\/v2\/image\/Y29tLmdsdS5mbGNuX25ld19zY3JlZW5fMTBfMTUyNjAxNzE2MF8wMTQ\/screen-10.jpg?fakeurl=1&type=.jpg","preview":"https:\/\/image.winudf.com\/v2\/image\/Y29tLmdsdS5mbGNuX25ld19zY3JlZW5fMTBfMTUyNjAxNzE2MF8wMTQ\/screen-10.jpg?fakeurl=1&type=.jpg"},{"id":1,"image_link":"https:\/\/image.winudf.com\/v2\/image\/Y29tLmdsdS5mbGNuX25ld19zY3JlZW5fMTFfMTUyNjAxNzE2MV8wMTQ\/screen-11.jpg?fakeurl=1&type=.jpg","preview":"https:\/\/image.winudf.com\/v2\/image\/Y29tLmdsdS5mbGNuX25ld19zY3JlZW5fMTFfMTUyNjAxNzE2MV8wMTQ\/screen-11.jpg?fakeurl=1&type=.jpg"},{"id":1,"image_link":"https:\/\/image.winudf.com\/v2\/image\/Y29tLmdsdS5mbGNuX25ld19zY3JlZW5fMTJfMTUyNjAxNzE2MV8wODg\/screen-12.jpg?fakeurl=1&type=.jpg","preview":"https:\/\/image.winudf.com\/v2\/image\/Y29tLmdsdS5mbGNuX25ld19zY3JlZW5fMTJfMTUyNjAxNzE2MV8wODg\/screen-12.jpg?fakeurl=1&type=.jpg"},{"id":1,"image_link":"https:\/\/image.winudf.com\/v2\/image\/Y29tLmdsdS5mbGNuX25ld19zY3JlZW5fMTNfMTUyNjAxNzE2M18wMTM\/screen-13.jpg?fakeurl=1&type=.jpg","preview":"https:\/\/image.winudf.com\/v2\/image\/Y29tLmdsdS5mbGNuX25ld19zY3JlZW5fMTNfMTUyNjAxNzE2M18wMTM\/screen-13.jpg?fakeurl=1&type=.jpg"},{"id":1,"image_link":"https:\/\/image.winudf.com\/v2\/image\/Y29tLmdsdS5mbGNuX25ld19zY3JlZW5fMTRfMTUyNjAxNzE2M18wMTM\/screen-14.jpg?fakeurl=1&type=.jpg","preview":"https:\/\/image.winudf.com\/v2\/image\/Y29tLmdsdS5mbGNuX25ld19zY3JlZW5fMTRfMTUyNjAxNzE2M18wMTM\/screen-14.jpg?fakeurl=1&type=.jpg"}],"screenshot_previews":[{"id":1,"image_link":"javascript:void(0)","preview":"javascript:void(0)"},{"id":1,"image_link":"https:\/\/image.winudf.com\/v2\/image\/Y29tLmdsdS5mbGNuX25ld19zY3JlZW5fMF8xNTI2MDE3MTUxXzAwNQ\/screen-0.jpg?fakeurl=1&type=.jpg","preview":"https:\/\/image.winudf.com\/v2\/image\/Y29tLmdsdS5mbGNuX25ld19zY3JlZW5fMF8xNTI2MDE3MTUxXzAwNQ\/screen-0.jpg?fakeurl=1&type=.jpg"},{"id":1,"image_link":"https:\/\/image.winudf.com\/v2\/image\/Y29tLmdsdS5mbGNuX25ld19zY3JlZW5fMV8xNTI2MDE3MTUyXzA5NQ\/screen-1.jpg?fakeurl=1&type=.jpg","preview":"https:\/\/image.winudf.com\/v2\/image\/Y29tLmdsdS5mbGNuX25ld19zY3JlZW5fMV8xNTI2MDE3MTUyXzA5NQ\/screen-1.jpg?fakeurl=1&type=.jpg"},{"id":1,"image_link":"https:\/\/image.winudf.com\/v2\/image\/Y29tLmdsdS5mbGNuX25ld19zY3JlZW5fMl8xNTI2MDE3MTUyXzA3OA\/screen-2.jpg?fakeurl=1&type=.jpg","preview":"https:\/\/image.winudf.com\/v2\/image\/Y29tLmdsdS5mbGNuX25ld19zY3JlZW5fMl8xNTI2MDE3MTUyXzA3OA\/screen-2.jpg?fakeurl=1&type=.jpg"},{"id":1,"image_link":"https:\/\/image.winudf.com\/v2\/image\/Y29tLmdsdS5mbGNuX25ld19zY3JlZW5fM18xNTI2MDE3MTUzXzA4Ng\/screen-3.jpg?fakeurl=1&type=.jpg","preview":"https:\/\/image.winudf.com\/v2\/image\/Y29tLmdsdS5mbGNuX25ld19zY3JlZW5fM18xNTI2MDE3MTUzXzA4Ng\/screen-3.jpg?fakeurl=1&type=.jpg"},{"id":1,"image_link":"https:\/\/image.winudf.com\/v2\/image\/Y29tLmdsdS5mbGNuX25ld19zY3JlZW5fNF8xNTI2MDE3MTU0XzAxOQ\/screen-4.jpg?fakeurl=1&type=.jpg","preview":"https:\/\/image.winudf.com\/v2\/image\/Y29tLmdsdS5mbGNuX25ld19zY3JlZW5fNF8xNTI2MDE3MTU0XzAxOQ\/screen-4.jpg?fakeurl=1&type=.jpg"},{"id":1,"image_link":"https:\/\/image.winudf.com\/v2\/image\/Y29tLmdsdS5mbGNuX25ld19zY3JlZW5fNV8xNTI2MDE3MTU1XzA1OA\/screen-5.jpg?fakeurl=1&type=.jpg","preview":"https:\/\/image.winudf.com\/v2\/image\/Y29tLmdsdS5mbGNuX25ld19zY3JlZW5fNV8xNTI2MDE3MTU1XzA1OA\/screen-5.jpg?fakeurl=1&type=.jpg"},{"id":1,"image_link":"https:\/\/image.winudf.com\/v2\/image\/Y29tLmdsdS5mbGNuX25ld19zY3JlZW5fNl8xNTI2MDE3MTU1XzAwMQ\/screen-6.jpg?fakeurl=1&type=.jpg","preview":"https:\/\/image.winudf.com\/v2\/image\/Y29tLmdsdS5mbGNuX25ld19zY3JlZW5fNl8xNTI2MDE3MTU1XzAwMQ\/screen-6.jpg?fakeurl=1&type=.jpg"},{"id":1,"image_link":"https:\/\/image.winudf.com\/v2\/image\/Y29tLmdsdS5mbGNuX25ld19zY3JlZW5fN18xNTI2MDE3MTU2XzA2NQ\/screen-7.jpg?fakeurl=1&type=.jpg","preview":"https:\/\/image.winudf.com\/v2\/image\/Y29tLmdsdS5mbGNuX25ld19zY3JlZW5fN18xNTI2MDE3MTU2XzA2NQ\/screen-7.jpg?fakeurl=1&type=.jpg"},{"id":1,"image_link":"https:\/\/image.winudf.com\/v2\/image\/Y29tLmdsdS5mbGNuX25ld19zY3JlZW5fOF8xNTI2MDE3MTYwXzAyMA\/screen-8.jpg?fakeurl=1&type=.jpg","preview":"https:\/\/image.winudf.com\/v2\/image\/Y29tLmdsdS5mbGNuX25ld19zY3JlZW5fOF8xNTI2MDE3MTYwXzAyMA\/screen-8.jpg?fakeurl=1&type=.jpg"},{"id":1,"image_link":"https:\/\/image.winudf.com\/v2\/image\/Y29tLmdsdS5mbGNuX25ld19zY3JlZW5fOV8xNTI2MDE3MTYwXzAzOQ\/screen-9.jpg?fakeurl=1&type=.jpg","preview":"https:\/\/image.winudf.com\/v2\/image\/Y29tLmdsdS5mbGNuX25ld19zY3JlZW5fOV8xNTI2MDE3MTYwXzAzOQ\/screen-9.jpg?fakeurl=1&type=.jpg"},{"id":1,"image_link":"https:\/\/image.winudf.com\/v2\/image\/Y29tLmdsdS5mbGNuX25ld19zY3JlZW5fMTBfMTUyNjAxNzE2MF8wMTQ\/screen-10.jpg?fakeurl=1&type=.jpg","preview":"https:\/\/image.winudf.com\/v2\/image\/Y29tLmdsdS5mbGNuX25ld19zY3JlZW5fMTBfMTUyNjAxNzE2MF8wMTQ\/screen-10.jpg?fakeurl=1&type=.jpg"},{"id":1,"image_link":"https:\/\/image.winudf.com\/v2\/image\/Y29tLmdsdS5mbGNuX25ld19zY3JlZW5fMTFfMTUyNjAxNzE2MV8wMTQ\/screen-11.jpg?fakeurl=1&type=.jpg","preview":"https:\/\/image.winudf.com\/v2\/image\/Y29tLmdsdS5mbGNuX25ld19zY3JlZW5fMTFfMTUyNjAxNzE2MV8wMTQ\/screen-11.jpg?fakeurl=1&type=.jpg"},{"id":1,"image_link":"https:\/\/image.winudf.com\/v2\/image\/Y29tLmdsdS5mbGNuX25ld19zY3JlZW5fMTJfMTUyNjAxNzE2MV8wODg\/screen-12.jpg?fakeurl=1&type=.jpg","preview":"https:\/\/image.winudf.com\/v2\/image\/Y29tLmdsdS5mbGNuX25ld19zY3JlZW5fMTJfMTUyNjAxNzE2MV8wODg\/screen-12.jpg?fakeurl=1&type=.jpg"},{"id":1,"image_link":"https:\/\/image.winudf.com\/v2\/image\/Y29tLmdsdS5mbGNuX25ld19zY3JlZW5fMTNfMTUyNjAxNzE2M18wMTM\/screen-13.jpg?fakeurl=1&type=.jpg","preview":"https:\/\/image.winudf.com\/v2\/image\/Y29tLmdsdS5mbGNuX25ld19zY3JlZW5fMTNfMTUyNjAxNzE2M18wMTM\/screen-13.jpg?fakeurl=1&type=.jpg"},{"id":1,"image_link":"https:\/\/image.winudf.com\/v2\/image\/Y29tLmdsdS5mbGNuX25ld19zY3JlZW5fMTRfMTUyNjAxNzE2M18wMTM\/screen-14.jpg?fakeurl=1&type=.jpg","preview":"https:\/\/image.winudf.com\/v2\/image\/Y29tLmdsdS5mbGNuX25ld19zY3JlZW5fMTRfMTUyNjAxNzE2M18wMTM\/screen-14.jpg?fakeurl=1&type=.jpg"}],"total_ratings":1133204,"developer":"Glu","developer_url":"https:\/\/play.google.com\/store\/apps\/developer?id=Glu","tags":["Action"],"versions":[{"identifier":"3.0.4","download_link":"https:\/\/apkpure.com\/frontline-commando-d-day\/com.glu.flcn_new\/download?from=details","is_link_external":1}],"more_details":[{"title":"Latest Version","identifier":"latest_version","value":"3.0.4 "},{"title":"Publish Date","identifier":"published_date","value":"2014-05-16"},{"title":"Requirement","identifier":"required_android","value":"Android 2.1+"}],"seo_title":"FRONTLINE COMMANDO: D-DAY","seo_keyword":"FRONTLINE COMMANDO: D-DAY, FRONTLINE COMMANDO: D-DAY for android, FRONTLINE COMMANDO: D-DAY android download, FRONTLINE COMMANDO: D-DAY apk, FRONTLINE COMMANDO: D-DAY android apk, FRONTLINE COMMANDO: D-DAY download","seo_description":"Download FRONTLINE COMMANDO: D-DAY apk 3.0.4 for Android. Lead the charge on D-Day in the largest Allied invasion of WW2!"}