{"app_id":"de.mobileconcepts.cyberghost","value":"de.mobileconcepts.cyberghost","title":"CyberGhost","label":"CyberGhost","slug":"cyberghost","app_image_url":"https:\/\/image.winudf.com\/v2\/image1\/ZGUubW9iaWxlY29uY2VwdHMuY3liZXJnaG9zdF9pY29uXzE1NTQ3MzgzODRfMDgz\/icon.png?w=170&fakeurl=1","app_link":"https:\/\/play.google.com\/store\/apps\/details?id=de.mobileconcepts.cyberghost","description":"Your Android device and CyberGhost VPN go together like milk and cookies.<br><br>Here\u2019s why they make the perfect match for your uninterrupted privacy.<br><br> <br><br><b>Step 1: Choose a tough cookie<\/b><br><br>Ghosties are tough cookies. We\u2019ve been fighting for your right to privacy for 7 years and we\u2019re not stopping anytime soon!<br><br>Over 20 million Ghosties trust us because we keep NO LOGS and we give them a flexible way to enjoy the free and open internet.<br><br> <br><b>Step 2: Don\u2019t cry over spilled milk<\/b> <br><br>We bet you don\u2019t want your confidential data spread across the web like spilled milk all over the kitchen floor.<br><br>That\u2019s why we route your traffic through our encrypted VPN tunnel and keep it safe from handsy cybercriminals.<br><br> <br><br><b>Step 3: Hands off, Santa!<\/b><br><br>Keep your cookies and milk secured at all times (not just on X-mas) with CyberGhost.<br><br>It\u2019s as simple as:<br><br>\u25cf Automating your protection on Wi-Fi, no matter the network you\u2019re on.<br><br>\u25cf Choosing from 3700+ servers in 60+ countries to unlock access to geo-restricted content.<br><br>\u25cf Hiding your IP and anonymizing your online activity with the strongest encryption out there.<br><br>We keep your data safe from your ISP\u2019s prying eyes, snoopers engaged in mass surveillance, cyber criminals and scammers.<br><br> <br><b>Step 4: No crumbs left behind<\/b><br><br>CyberGhost VPN keeps NO LOGS of your online activity while you\u2019re connected to our fast servers.<br><br>What you do online is your business. Ours is to protect your privacy as you move across the web.<br><br> <br><br><b>CyberGhost VPN extras (aka the sprinkles on your cookies):<\/b><br><br>\u25cf <b>One-tap protection<\/b> \u2013 start an encrypted connection in one tap \u2013 easy-peasy!<br><br>\u25cf <b>Best location<\/b> \u2013 enjoy instant VPN protection as you\u2019re automatically matched with the best server based on your location.<br><br>\u25cf <b>Favorites<\/b> - add your preferred servers to a special list and easily access them whenever you want to.<br><br>\u25cf <b>Access blocked content<\/b> - hide your location and binge on your favorite shows and movies at excellent speed!<br><br>\u25cf <b>A company you can trust<\/b> \u2013 we're the only VPN company you can put a face on. Meet us (and our dogs) on our website!<br><br>\u25cf <b>24\/7 support via live chat<\/b> \u2013 ask us questions in 4 languages (or more - we\u2019ll just Google translate it \ud83d\ude00 ) and we\u2019ll be happy to help with anything!<br><br> <br><br><b>Where there\u2019s an Android device, there\u2019s a Ghostie to protect it!<br><br> <br><br>Take a FREE VPN tour, on the house<\/b><br><br>Now that you\u2019re here, how about you take CyberGhost for a spin?<br><br>Start your trial with NO credit card and NO purchase needed!<br><br>(Go on, do it, we\u2019ll wait...)<br><br> <br>Don't take out word for it \u2013 here's what the experts say<br><br>THEVPNLAB - \"Even first-time VPN users will quickly understand how to use CyberGhost and what it can offer its customers. Users can choose to connect to whatever server they like, in any location they want, with unlimited data.\"<br><br>TechAdvisor - \"A slick, fully featured VPN with an interface simple enough for the beginner, yet with options that will also keep the serious privacy enthusiast happy.\"<br><br> <br><br><b>And here\u2019s how Ghosties feel about it<\/b><br><br>Very easy to use and provides a great experience<br><br>Works exactly as advertised and the speed it great. Would recommend without hesitation :)<br><br> <br><br>Very Good VPN at a correct price :)<br><br>Very Good VPN at a correct price :) . Works flawlessly and also does not dig a hole in your pocket, basically a very friendly VPN.<br><br> <br><br>Discrete, fast, reliable service<br><br>This is an excellent VPN at a price that beats any competition. A large number of servers in numerous countries can be selected. The speed is fantastic, no difference from using the ISP server directly. Highly recommended!<br><br> <br><br><b>Contact us:<\/b><br><br>If you need help, have a question or want to drop some feedback, get in touch with our support team on the website or email us at support@cyberghost.ro<br><br> <br><br>You can also find us on:<br><br>https:\/\/twitter.com\/cyberghost_EN<br><br>http:\/\/www.youtube.com\/user\/cyberghostvpn<br><br>https:\/\/www.facebook.com\/cyberghostEN","status_identifier":"active","short_description":"Your Android device and CyberGhost VPN go together like milk and cookies.Here\u2019s why they make the perfect match for your uninterrupted privacy. Step 1: Choose a tough cookieGhosties are tough cookies....","current_ratings":4.35,"categories":[{"label":"Tools","value":"tools"}],"screenshots":[{"id":1,"image_link":"https:\/\/image.winudf.com\/v2\/image1\/ZGUubW9iaWxlY29uY2VwdHMuY3liZXJnaG9zdF9zY3JlZW5fMF8xNTU0NzM4Mzg1XzA3Mg\/screen-0.jpg?fakeurl=1&type=.jpg","preview":"https:\/\/image.winudf.com\/v2\/image1\/ZGUubW9iaWxlY29uY2VwdHMuY3liZXJnaG9zdF9zY3JlZW5fMF8xNTU0NzM4Mzg1XzA3Mg\/screen-0.jpg?fakeurl=1&type=.jpg"},{"id":1,"image_link":"https:\/\/image.winudf.com\/v2\/image1\/ZGUubW9iaWxlY29uY2VwdHMuY3liZXJnaG9zdF9zY3JlZW5fMV8xNTU0NzM4Mzg1XzA4NQ\/screen-1.jpg?fakeurl=1&type=.jpg","preview":"https:\/\/image.winudf.com\/v2\/image1\/ZGUubW9iaWxlY29uY2VwdHMuY3liZXJnaG9zdF9zY3JlZW5fMV8xNTU0NzM4Mzg1XzA4NQ\/screen-1.jpg?fakeurl=1&type=.jpg"},{"id":1,"image_link":"https:\/\/image.winudf.com\/v2\/image1\/ZGUubW9iaWxlY29uY2VwdHMuY3liZXJnaG9zdF9zY3JlZW5fMl8xNTU0NzM4Mzg2XzAzNw\/screen-2.jpg?fakeurl=1&type=.jpg","preview":"https:\/\/image.winudf.com\/v2\/image1\/ZGUubW9iaWxlY29uY2VwdHMuY3liZXJnaG9zdF9zY3JlZW5fMl8xNTU0NzM4Mzg2XzAzNw\/screen-2.jpg?fakeurl=1&type=.jpg"},{"id":1,"image_link":"https:\/\/image.winudf.com\/v2\/image1\/ZGUubW9iaWxlY29uY2VwdHMuY3liZXJnaG9zdF9zY3JlZW5fM18xNTU0NzM4Mzg2XzAwNQ\/screen-3.jpg?fakeurl=1&type=.jpg","preview":"https:\/\/image.winudf.com\/v2\/image1\/ZGUubW9iaWxlY29uY2VwdHMuY3liZXJnaG9zdF9zY3JlZW5fM18xNTU0NzM4Mzg2XzAwNQ\/screen-3.jpg?fakeurl=1&type=.jpg"},{"id":1,"image_link":"https:\/\/image.winudf.com\/v2\/image1\/ZGUubW9iaWxlY29uY2VwdHMuY3liZXJnaG9zdF9zY3JlZW5fNF8xNTU0NzM4Mzg4XzA5NQ\/screen-4.jpg?fakeurl=1&type=.jpg","preview":"https:\/\/image.winudf.com\/v2\/image1\/ZGUubW9iaWxlY29uY2VwdHMuY3liZXJnaG9zdF9zY3JlZW5fNF8xNTU0NzM4Mzg4XzA5NQ\/screen-4.jpg?fakeurl=1&type=.jpg"},{"id":1,"image_link":"https:\/\/image.winudf.com\/v2\/image1\/ZGUubW9iaWxlY29uY2VwdHMuY3liZXJnaG9zdF9zY3JlZW5fNV8xNTU0NzM4Mzg4XzA1OQ\/screen-5.jpg?fakeurl=1&type=.jpg","preview":"https:\/\/image.winudf.com\/v2\/image1\/ZGUubW9iaWxlY29uY2VwdHMuY3liZXJnaG9zdF9zY3JlZW5fNV8xNTU0NzM4Mzg4XzA1OQ\/screen-5.jpg?fakeurl=1&type=.jpg"},{"id":1,"image_link":"https:\/\/image.winudf.com\/v2\/image1\/ZGUubW9iaWxlY29uY2VwdHMuY3liZXJnaG9zdF9zY3JlZW5fNl8xNTU0NzM4Mzg5XzA2OA\/screen-6.jpg?fakeurl=1&type=.jpg","preview":"https:\/\/image.winudf.com\/v2\/image1\/ZGUubW9iaWxlY29uY2VwdHMuY3liZXJnaG9zdF9zY3JlZW5fNl8xNTU0NzM4Mzg5XzA2OA\/screen-6.jpg?fakeurl=1&type=.jpg"},{"id":1,"image_link":"https:\/\/image.winudf.com\/v2\/image1\/ZGUubW9iaWxlY29uY2VwdHMuY3liZXJnaG9zdF9zY3JlZW5fN18xNTU0NzM4Mzg5XzAzNQ\/screen-7.jpg?fakeurl=1&type=.jpg","preview":"https:\/\/image.winudf.com\/v2\/image1\/ZGUubW9iaWxlY29uY2VwdHMuY3liZXJnaG9zdF9zY3JlZW5fN18xNTU0NzM4Mzg5XzAzNQ\/screen-7.jpg?fakeurl=1&type=.jpg"},{"id":1,"image_link":"https:\/\/image.winudf.com\/v2\/image1\/ZGUubW9iaWxlY29uY2VwdHMuY3liZXJnaG9zdF9zY3JlZW5fOF8xNTU0NzM4MzkwXzA3NQ\/screen-8.jpg?fakeurl=1&type=.jpg","preview":"https:\/\/image.winudf.com\/v2\/image1\/ZGUubW9iaWxlY29uY2VwdHMuY3liZXJnaG9zdF9zY3JlZW5fOF8xNTU0NzM4MzkwXzA3NQ\/screen-8.jpg?fakeurl=1&type=.jpg"},{"id":1,"image_link":"https:\/\/image.winudf.com\/v2\/image1\/ZGUubW9iaWxlY29uY2VwdHMuY3liZXJnaG9zdF9zY3JlZW5fOV8xNTU0NzM4MzkwXzA1Mg\/screen-9.jpg?fakeurl=1&type=.jpg","preview":"https:\/\/image.winudf.com\/v2\/image1\/ZGUubW9iaWxlY29uY2VwdHMuY3liZXJnaG9zdF9zY3JlZW5fOV8xNTU0NzM4MzkwXzA1Mg\/screen-9.jpg?fakeurl=1&type=.jpg"},{"id":1,"image_link":"https:\/\/image.winudf.com\/v2\/image1\/ZGUubW9iaWxlY29uY2VwdHMuY3liZXJnaG9zdF9zY3JlZW5fMTBfMTU1NDczODM5MV8wNjQ\/screen-10.jpg?fakeurl=1&type=.jpg","preview":"https:\/\/image.winudf.com\/v2\/image1\/ZGUubW9iaWxlY29uY2VwdHMuY3liZXJnaG9zdF9zY3JlZW5fMTBfMTU1NDczODM5MV8wNjQ\/screen-10.jpg?fakeurl=1&type=.jpg"},{"id":1,"image_link":"https:\/\/image.winudf.com\/v2\/image1\/ZGUubW9iaWxlY29uY2VwdHMuY3liZXJnaG9zdF9zY3JlZW5fMTFfMTU1NDczODM5MV8wNDY\/screen-11.jpg?fakeurl=1&type=.jpg","preview":"https:\/\/image.winudf.com\/v2\/image1\/ZGUubW9iaWxlY29uY2VwdHMuY3liZXJnaG9zdF9zY3JlZW5fMTFfMTU1NDczODM5MV8wNDY\/screen-11.jpg?fakeurl=1&type=.jpg"},{"id":1,"image_link":"https:\/\/image.winudf.com\/v2\/image1\/ZGUubW9iaWxlY29uY2VwdHMuY3liZXJnaG9zdF9zY3JlZW5fMTJfMTU1NDczODM5MV8wNTc\/screen-12.jpg?fakeurl=1&type=.jpg","preview":"https:\/\/image.winudf.com\/v2\/image1\/ZGUubW9iaWxlY29uY2VwdHMuY3liZXJnaG9zdF9zY3JlZW5fMTJfMTU1NDczODM5MV8wNTc\/screen-12.jpg?fakeurl=1&type=.jpg"},{"id":1,"image_link":"https:\/\/image.winudf.com\/v2\/image1\/ZGUubW9iaWxlY29uY2VwdHMuY3liZXJnaG9zdF9zY3JlZW5fMTNfMTU1NDczODM5Ml8wNzM\/screen-13.jpg?fakeurl=1&type=.jpg","preview":"https:\/\/image.winudf.com\/v2\/image1\/ZGUubW9iaWxlY29uY2VwdHMuY3liZXJnaG9zdF9zY3JlZW5fMTNfMTU1NDczODM5Ml8wNzM\/screen-13.jpg?fakeurl=1&type=.jpg"},{"id":1,"image_link":"https:\/\/image.winudf.com\/v2\/image1\/ZGUubW9iaWxlY29uY2VwdHMuY3liZXJnaG9zdF9zY3JlZW5fMTRfMTU1NDczODM5Ml8wNzA\/screen-14.jpg?fakeurl=1&type=.jpg","preview":"https:\/\/image.winudf.com\/v2\/image1\/ZGUubW9iaWxlY29uY2VwdHMuY3liZXJnaG9zdF9zY3JlZW5fMTRfMTU1NDczODM5Ml8wNzA\/screen-14.jpg?fakeurl=1&type=.jpg"}],"screenshot_previews":[{"id":1,"image_link":"https:\/\/image.winudf.com\/v2\/image1\/ZGUubW9iaWxlY29uY2VwdHMuY3liZXJnaG9zdF9zY3JlZW5fMF8xNTU0NzM4Mzg1XzA3Mg\/screen-0.jpg?fakeurl=1&type=.jpg","preview":"https:\/\/image.winudf.com\/v2\/image1\/ZGUubW9iaWxlY29uY2VwdHMuY3liZXJnaG9zdF9zY3JlZW5fMF8xNTU0NzM4Mzg1XzA3Mg\/screen-0.jpg?fakeurl=1&type=.jpg"},{"id":1,"image_link":"https:\/\/image.winudf.com\/v2\/image1\/ZGUubW9iaWxlY29uY2VwdHMuY3liZXJnaG9zdF9zY3JlZW5fMV8xNTU0NzM4Mzg1XzA4NQ\/screen-1.jpg?fakeurl=1&type=.jpg","preview":"https:\/\/image.winudf.com\/v2\/image1\/ZGUubW9iaWxlY29uY2VwdHMuY3liZXJnaG9zdF9zY3JlZW5fMV8xNTU0NzM4Mzg1XzA4NQ\/screen-1.jpg?fakeurl=1&type=.jpg"},{"id":1,"image_link":"https:\/\/image.winudf.com\/v2\/image1\/ZGUubW9iaWxlY29uY2VwdHMuY3liZXJnaG9zdF9zY3JlZW5fMl8xNTU0NzM4Mzg2XzAzNw\/screen-2.jpg?fakeurl=1&type=.jpg","preview":"https:\/\/image.winudf.com\/v2\/image1\/ZGUubW9iaWxlY29uY2VwdHMuY3liZXJnaG9zdF9zY3JlZW5fMl8xNTU0NzM4Mzg2XzAzNw\/screen-2.jpg?fakeurl=1&type=.jpg"},{"id":1,"image_link":"https:\/\/image.winudf.com\/v2\/image1\/ZGUubW9iaWxlY29uY2VwdHMuY3liZXJnaG9zdF9zY3JlZW5fM18xNTU0NzM4Mzg2XzAwNQ\/screen-3.jpg?fakeurl=1&type=.jpg","preview":"https:\/\/image.winudf.com\/v2\/image1\/ZGUubW9iaWxlY29uY2VwdHMuY3liZXJnaG9zdF9zY3JlZW5fM18xNTU0NzM4Mzg2XzAwNQ\/screen-3.jpg?fakeurl=1&type=.jpg"},{"id":1,"image_link":"https:\/\/image.winudf.com\/v2\/image1\/ZGUubW9iaWxlY29uY2VwdHMuY3liZXJnaG9zdF9zY3JlZW5fNF8xNTU0NzM4Mzg4XzA5NQ\/screen-4.jpg?fakeurl=1&type=.jpg","preview":"https:\/\/image.winudf.com\/v2\/image1\/ZGUubW9iaWxlY29uY2VwdHMuY3liZXJnaG9zdF9zY3JlZW5fNF8xNTU0NzM4Mzg4XzA5NQ\/screen-4.jpg?fakeurl=1&type=.jpg"},{"id":1,"image_link":"https:\/\/image.winudf.com\/v2\/image1\/ZGUubW9iaWxlY29uY2VwdHMuY3liZXJnaG9zdF9zY3JlZW5fNV8xNTU0NzM4Mzg4XzA1OQ\/screen-5.jpg?fakeurl=1&type=.jpg","preview":"https:\/\/image.winudf.com\/v2\/image1\/ZGUubW9iaWxlY29uY2VwdHMuY3liZXJnaG9zdF9zY3JlZW5fNV8xNTU0NzM4Mzg4XzA1OQ\/screen-5.jpg?fakeurl=1&type=.jpg"},{"id":1,"image_link":"https:\/\/image.winudf.com\/v2\/image1\/ZGUubW9iaWxlY29uY2VwdHMuY3liZXJnaG9zdF9zY3JlZW5fNl8xNTU0NzM4Mzg5XzA2OA\/screen-6.jpg?fakeurl=1&type=.jpg","preview":"https:\/\/image.winudf.com\/v2\/image1\/ZGUubW9iaWxlY29uY2VwdHMuY3liZXJnaG9zdF9zY3JlZW5fNl8xNTU0NzM4Mzg5XzA2OA\/screen-6.jpg?fakeurl=1&type=.jpg"},{"id":1,"image_link":"https:\/\/image.winudf.com\/v2\/image1\/ZGUubW9iaWxlY29uY2VwdHMuY3liZXJnaG9zdF9zY3JlZW5fN18xNTU0NzM4Mzg5XzAzNQ\/screen-7.jpg?fakeurl=1&type=.jpg","preview":"https:\/\/image.winudf.com\/v2\/image1\/ZGUubW9iaWxlY29uY2VwdHMuY3liZXJnaG9zdF9zY3JlZW5fN18xNTU0NzM4Mzg5XzAzNQ\/screen-7.jpg?fakeurl=1&type=.jpg"},{"id":1,"image_link":"https:\/\/image.winudf.com\/v2\/image1\/ZGUubW9iaWxlY29uY2VwdHMuY3liZXJnaG9zdF9zY3JlZW5fOF8xNTU0NzM4MzkwXzA3NQ\/screen-8.jpg?fakeurl=1&type=.jpg","preview":"https:\/\/image.winudf.com\/v2\/image1\/ZGUubW9iaWxlY29uY2VwdHMuY3liZXJnaG9zdF9zY3JlZW5fOF8xNTU0NzM4MzkwXzA3NQ\/screen-8.jpg?fakeurl=1&type=.jpg"},{"id":1,"image_link":"https:\/\/image.winudf.com\/v2\/image1\/ZGUubW9iaWxlY29uY2VwdHMuY3liZXJnaG9zdF9zY3JlZW5fOV8xNTU0NzM4MzkwXzA1Mg\/screen-9.jpg?fakeurl=1&type=.jpg","preview":"https:\/\/image.winudf.com\/v2\/image1\/ZGUubW9iaWxlY29uY2VwdHMuY3liZXJnaG9zdF9zY3JlZW5fOV8xNTU0NzM4MzkwXzA1Mg\/screen-9.jpg?fakeurl=1&type=.jpg"},{"id":1,"image_link":"https:\/\/image.winudf.com\/v2\/image1\/ZGUubW9iaWxlY29uY2VwdHMuY3liZXJnaG9zdF9zY3JlZW5fMTBfMTU1NDczODM5MV8wNjQ\/screen-10.jpg?fakeurl=1&type=.jpg","preview":"https:\/\/image.winudf.com\/v2\/image1\/ZGUubW9iaWxlY29uY2VwdHMuY3liZXJnaG9zdF9zY3JlZW5fMTBfMTU1NDczODM5MV8wNjQ\/screen-10.jpg?fakeurl=1&type=.jpg"},{"id":1,"image_link":"https:\/\/image.winudf.com\/v2\/image1\/ZGUubW9iaWxlY29uY2VwdHMuY3liZXJnaG9zdF9zY3JlZW5fMTFfMTU1NDczODM5MV8wNDY\/screen-11.jpg?fakeurl=1&type=.jpg","preview":"https:\/\/image.winudf.com\/v2\/image1\/ZGUubW9iaWxlY29uY2VwdHMuY3liZXJnaG9zdF9zY3JlZW5fMTFfMTU1NDczODM5MV8wNDY\/screen-11.jpg?fakeurl=1&type=.jpg"},{"id":1,"image_link":"https:\/\/image.winudf.com\/v2\/image1\/ZGUubW9iaWxlY29uY2VwdHMuY3liZXJnaG9zdF9zY3JlZW5fMTJfMTU1NDczODM5MV8wNTc\/screen-12.jpg?fakeurl=1&type=.jpg","preview":"https:\/\/image.winudf.com\/v2\/image1\/ZGUubW9iaWxlY29uY2VwdHMuY3liZXJnaG9zdF9zY3JlZW5fMTJfMTU1NDczODM5MV8wNTc\/screen-12.jpg?fakeurl=1&type=.jpg"},{"id":1,"image_link":"https:\/\/image.winudf.com\/v2\/image1\/ZGUubW9iaWxlY29uY2VwdHMuY3liZXJnaG9zdF9zY3JlZW5fMTNfMTU1NDczODM5Ml8wNzM\/screen-13.jpg?fakeurl=1&type=.jpg","preview":"https:\/\/image.winudf.com\/v2\/image1\/ZGUubW9iaWxlY29uY2VwdHMuY3liZXJnaG9zdF9zY3JlZW5fMTNfMTU1NDczODM5Ml8wNzM\/screen-13.jpg?fakeurl=1&type=.jpg"},{"id":1,"image_link":"https:\/\/image.winudf.com\/v2\/image1\/ZGUubW9iaWxlY29uY2VwdHMuY3liZXJnaG9zdF9zY3JlZW5fMTRfMTU1NDczODM5Ml8wNzA\/screen-14.jpg?fakeurl=1&type=.jpg","preview":"https:\/\/image.winudf.com\/v2\/image1\/ZGUubW9iaWxlY29uY2VwdHMuY3liZXJnaG9zdF9zY3JlZW5fMTRfMTU1NDczODM5Ml8wNzA\/screen-14.jpg?fakeurl=1&type=.jpg"}],"total_ratings":1497949,"developer":"CyberGhost SA","developer_url":"https:\/\/play.google.com\/store\/apps\/developer?id=CyberGhost SA","tags":["Tools"],"versions":[{"identifier":"7.1.0.139.4334","download_link":"https:\/\/apkpure.com\/cyberghost-vpn-fast-secure-wifi-protection\/de.mobileconcepts.cyberghost\/download?from=details","is_link_external":1}],"more_details":[{"title":"Latest Version","identifier":"latest_version","value":"7.1.0.139.4334 "},{"title":"Publish Date","identifier":"published_date","value":"2019-05-02"},{"title":"Requirement","identifier":"required_android","value":"Android 4.1+"}],"seo_title":"CyberGhost","seo_keyword":"CyberGhost, CyberGhost for android, CyberGhost android download, CyberGhost apk, CyberGhost android apk, CyberGhost download","seo_description":"Download CyberGhost apk 7.1.0.139.4334 for Android. The fastest free VPN to unblock and access all your favorite apps and sites"}