{"app_id":"homeworkout.homeworkouts.noequipment","value":"homeworkout.homeworkouts.noequipment","title":"Home Workout","label":"Home Workout","slug":"home-workout","app_image_url":"https:\/\/image.winudf.com\/v2\/image1\/aG9tZXdvcmtvdXQuaG9tZXdvcmtvdXRzLm5vZXF1aXBtZW50X2ljb25fMTU1NTU2MDEyN18wMDc\/icon.png?w=170&fakeurl=1","app_link":"https:\/\/play.google.com\/store\/apps\/details?id=homeworkout.homeworkouts.noequipment","description":"Home Workouts provides daily workout routines for all your main muscle groups. In just a few minutes a day, you can build muscles and keep fitness at home without having to go to the gym. No equipment or coach needed, all exercises can be performed with just your body weight.<br><br>The app has workouts for your abs, chest, legs, arms and butt as well as full body workouts. All the workouts are designed by experts. None of them need equipment, so there's no need to go to the gym. Even though it just takes a few minutes a day, it can effectively tone your muscles and help you get six pack abs at home.<br><br>The warm-up and stretching routines are designed to make sure you exercise in a scientific way. With animations and video guidance for each exercise, you can make sure you use the right form during each exercise.<br><br>Stick with our home workouts, and you will notice a change in your body in just a few short weeks.<br><br>Features<br>*Warm-up and stretching routines<br>*Records training progress automatically<br>*The chart tracks your weight trends<br>*Customize your workout reminders<br>*Detailed video and animation guides<br>*Lose weight with a personal trainer<br>*Share with your friends on social media<br><br>Bodybuilding App<br>Looking for a bodybuilding app? No satisfied bodybuilding app? Try our build muscle app! This build muscle app has effective muscle building workout, and all muscle building workout is designed by expert.<br><br>Strength Training App<br>It's not only just a build muscle app, but also a strength training app. If you are still looking for muscle building workout, muscle building apps or strength training app, this muscle building apps is the best one you can find among the muscle building apps.<br><br>Home Workouts for Men<br>Want effective home workouts for men? We provide different home workouts for men to workout at home. The home workout for men is proven to help you get six pack abs in a short time. You'll find the home workout for men that most suitable for you. Try our home workout for men now!<br><br>Fat Burning Workouts &amp; Hiit Workouts<br>The best fat burning workouts &amp; hiit workouts for better body shape. Burn calories with fat burning workouts, and combine with hiit workouts to get the best results.<br><br>Multiple Exercises<br>Push ups, squats, sit ups, plank, crunch, wall sit, jumping jacks, punch, triceps dips, lunges...<br><br>Fitness Coach<br>The best fitness apps and workout apps. All sport and gym workout in this workout apps and fitness apps are designed by professional fitness coach. Sport and gym workout guide through the exercise, gym workout and sport, just like having a personal fitness coach in your pocket!","status_identifier":"active","short_description":"Home Workouts provides daily workout routines for all your main muscle groups. In just a few minutes a day, you can build muscles and keep fitness at home without having to go to the gym. No equipment...","current_ratings":4.75,"categories":[{"label":"Health & Fitness","value":"health_fitness"}],"screenshots":[{"id":1,"image_link":"javascript:void(0)","preview":"javascript:void(0)"},{"id":1,"image_link":"https:\/\/image.winudf.com\/v2\/image1\/aG9tZXdvcmtvdXQuaG9tZXdvcmtvdXRzLm5vZXF1aXBtZW50X3NjcmVlbl8wXzE1NTU1NjAxMjhfMDc3\/screen-0.jpg?fakeurl=1&type=.jpg","preview":"https:\/\/image.winudf.com\/v2\/image1\/aG9tZXdvcmtvdXQuaG9tZXdvcmtvdXRzLm5vZXF1aXBtZW50X3NjcmVlbl8wXzE1NTU1NjAxMjhfMDc3\/screen-0.jpg?fakeurl=1&type=.jpg"},{"id":1,"image_link":"https:\/\/image.winudf.com\/v2\/image1\/aG9tZXdvcmtvdXQuaG9tZXdvcmtvdXRzLm5vZXF1aXBtZW50X3NjcmVlbl8xXzE1NTU1NjAxMjhfMDAw\/screen-1.jpg?fakeurl=1&type=.jpg","preview":"https:\/\/image.winudf.com\/v2\/image1\/aG9tZXdvcmtvdXQuaG9tZXdvcmtvdXRzLm5vZXF1aXBtZW50X3NjcmVlbl8xXzE1NTU1NjAxMjhfMDAw\/screen-1.jpg?fakeurl=1&type=.jpg"},{"id":1,"image_link":"https:\/\/image.winudf.com\/v2\/image1\/aG9tZXdvcmtvdXQuaG9tZXdvcmtvdXRzLm5vZXF1aXBtZW50X3NjcmVlbl8yXzE1NTU1NjAxMjhfMDk2\/screen-2.jpg?fakeurl=1&type=.jpg","preview":"https:\/\/image.winudf.com\/v2\/image1\/aG9tZXdvcmtvdXQuaG9tZXdvcmtvdXRzLm5vZXF1aXBtZW50X3NjcmVlbl8yXzE1NTU1NjAxMjhfMDk2\/screen-2.jpg?fakeurl=1&type=.jpg"},{"id":1,"image_link":"https:\/\/image.winudf.com\/v2\/image1\/aG9tZXdvcmtvdXQuaG9tZXdvcmtvdXRzLm5vZXF1aXBtZW50X3NjcmVlbl8zXzE1NTU1NjAxMzFfMDc1\/screen-3.jpg?fakeurl=1&type=.jpg","preview":"https:\/\/image.winudf.com\/v2\/image1\/aG9tZXdvcmtvdXQuaG9tZXdvcmtvdXRzLm5vZXF1aXBtZW50X3NjcmVlbl8zXzE1NTU1NjAxMzFfMDc1\/screen-3.jpg?fakeurl=1&type=.jpg"},{"id":1,"image_link":"https:\/\/image.winudf.com\/v2\/image1\/aG9tZXdvcmtvdXQuaG9tZXdvcmtvdXRzLm5vZXF1aXBtZW50X3NjcmVlbl80XzE1NTU1NjAxMzJfMDMw\/screen-4.jpg?fakeurl=1&type=.jpg","preview":"https:\/\/image.winudf.com\/v2\/image1\/aG9tZXdvcmtvdXQuaG9tZXdvcmtvdXRzLm5vZXF1aXBtZW50X3NjcmVlbl80XzE1NTU1NjAxMzJfMDMw\/screen-4.jpg?fakeurl=1&type=.jpg"},{"id":1,"image_link":"https:\/\/image.winudf.com\/v2\/image1\/aG9tZXdvcmtvdXQuaG9tZXdvcmtvdXRzLm5vZXF1aXBtZW50X3NjcmVlbl81XzE1NTU1NjAxMzdfMDI5\/screen-5.jpg?fakeurl=1&type=.jpg","preview":"https:\/\/image.winudf.com\/v2\/image1\/aG9tZXdvcmtvdXQuaG9tZXdvcmtvdXRzLm5vZXF1aXBtZW50X3NjcmVlbl81XzE1NTU1NjAxMzdfMDI5\/screen-5.jpg?fakeurl=1&type=.jpg"},{"id":1,"image_link":"https:\/\/image.winudf.com\/v2\/image1\/aG9tZXdvcmtvdXQuaG9tZXdvcmtvdXRzLm5vZXF1aXBtZW50X3NjcmVlbl82XzE1NTU1NjAxMzhfMDMy\/screen-6.jpg?fakeurl=1&type=.jpg","preview":"https:\/\/image.winudf.com\/v2\/image1\/aG9tZXdvcmtvdXQuaG9tZXdvcmtvdXRzLm5vZXF1aXBtZW50X3NjcmVlbl82XzE1NTU1NjAxMzhfMDMy\/screen-6.jpg?fakeurl=1&type=.jpg"},{"id":1,"image_link":"https:\/\/image.winudf.com\/v2\/image1\/aG9tZXdvcmtvdXQuaG9tZXdvcmtvdXRzLm5vZXF1aXBtZW50X3NjcmVlbl83XzE1NTU1NjAxMzhfMDkw\/screen-7.jpg?fakeurl=1&type=.jpg","preview":"https:\/\/image.winudf.com\/v2\/image1\/aG9tZXdvcmtvdXQuaG9tZXdvcmtvdXRzLm5vZXF1aXBtZW50X3NjcmVlbl83XzE1NTU1NjAxMzhfMDkw\/screen-7.jpg?fakeurl=1&type=.jpg"}],"screenshot_previews":[{"id":1,"image_link":"javascript:void(0)","preview":"javascript:void(0)"},{"id":1,"image_link":"https:\/\/image.winudf.com\/v2\/image1\/aG9tZXdvcmtvdXQuaG9tZXdvcmtvdXRzLm5vZXF1aXBtZW50X3NjcmVlbl8wXzE1NTU1NjAxMjhfMDc3\/screen-0.jpg?fakeurl=1&type=.jpg","preview":"https:\/\/image.winudf.com\/v2\/image1\/aG9tZXdvcmtvdXQuaG9tZXdvcmtvdXRzLm5vZXF1aXBtZW50X3NjcmVlbl8wXzE1NTU1NjAxMjhfMDc3\/screen-0.jpg?fakeurl=1&type=.jpg"},{"id":1,"image_link":"https:\/\/image.winudf.com\/v2\/image1\/aG9tZXdvcmtvdXQuaG9tZXdvcmtvdXRzLm5vZXF1aXBtZW50X3NjcmVlbl8xXzE1NTU1NjAxMjhfMDAw\/screen-1.jpg?fakeurl=1&type=.jpg","preview":"https:\/\/image.winudf.com\/v2\/image1\/aG9tZXdvcmtvdXQuaG9tZXdvcmtvdXRzLm5vZXF1aXBtZW50X3NjcmVlbl8xXzE1NTU1NjAxMjhfMDAw\/screen-1.jpg?fakeurl=1&type=.jpg"},{"id":1,"image_link":"https:\/\/image.winudf.com\/v2\/image1\/aG9tZXdvcmtvdXQuaG9tZXdvcmtvdXRzLm5vZXF1aXBtZW50X3NjcmVlbl8yXzE1NTU1NjAxMjhfMDk2\/screen-2.jpg?fakeurl=1&type=.jpg","preview":"https:\/\/image.winudf.com\/v2\/image1\/aG9tZXdvcmtvdXQuaG9tZXdvcmtvdXRzLm5vZXF1aXBtZW50X3NjcmVlbl8yXzE1NTU1NjAxMjhfMDk2\/screen-2.jpg?fakeurl=1&type=.jpg"},{"id":1,"image_link":"https:\/\/image.winudf.com\/v2\/image1\/aG9tZXdvcmtvdXQuaG9tZXdvcmtvdXRzLm5vZXF1aXBtZW50X3NjcmVlbl8zXzE1NTU1NjAxMzFfMDc1\/screen-3.jpg?fakeurl=1&type=.jpg","preview":"https:\/\/image.winudf.com\/v2\/image1\/aG9tZXdvcmtvdXQuaG9tZXdvcmtvdXRzLm5vZXF1aXBtZW50X3NjcmVlbl8zXzE1NTU1NjAxMzFfMDc1\/screen-3.jpg?fakeurl=1&type=.jpg"},{"id":1,"image_link":"https:\/\/image.winudf.com\/v2\/image1\/aG9tZXdvcmtvdXQuaG9tZXdvcmtvdXRzLm5vZXF1aXBtZW50X3NjcmVlbl80XzE1NTU1NjAxMzJfMDMw\/screen-4.jpg?fakeurl=1&type=.jpg","preview":"https:\/\/image.winudf.com\/v2\/image1\/aG9tZXdvcmtvdXQuaG9tZXdvcmtvdXRzLm5vZXF1aXBtZW50X3NjcmVlbl80XzE1NTU1NjAxMzJfMDMw\/screen-4.jpg?fakeurl=1&type=.jpg"},{"id":1,"image_link":"https:\/\/image.winudf.com\/v2\/image1\/aG9tZXdvcmtvdXQuaG9tZXdvcmtvdXRzLm5vZXF1aXBtZW50X3NjcmVlbl81XzE1NTU1NjAxMzdfMDI5\/screen-5.jpg?fakeurl=1&type=.jpg","preview":"https:\/\/image.winudf.com\/v2\/image1\/aG9tZXdvcmtvdXQuaG9tZXdvcmtvdXRzLm5vZXF1aXBtZW50X3NjcmVlbl81XzE1NTU1NjAxMzdfMDI5\/screen-5.jpg?fakeurl=1&type=.jpg"},{"id":1,"image_link":"https:\/\/image.winudf.com\/v2\/image1\/aG9tZXdvcmtvdXQuaG9tZXdvcmtvdXRzLm5vZXF1aXBtZW50X3NjcmVlbl82XzE1NTU1NjAxMzhfMDMy\/screen-6.jpg?fakeurl=1&type=.jpg","preview":"https:\/\/image.winudf.com\/v2\/image1\/aG9tZXdvcmtvdXQuaG9tZXdvcmtvdXRzLm5vZXF1aXBtZW50X3NjcmVlbl82XzE1NTU1NjAxMzhfMDMy\/screen-6.jpg?fakeurl=1&type=.jpg"},{"id":1,"image_link":"https:\/\/image.winudf.com\/v2\/image1\/aG9tZXdvcmtvdXQuaG9tZXdvcmtvdXRzLm5vZXF1aXBtZW50X3NjcmVlbl83XzE1NTU1NjAxMzhfMDkw\/screen-7.jpg?fakeurl=1&type=.jpg","preview":"https:\/\/image.winudf.com\/v2\/image1\/aG9tZXdvcmtvdXQuaG9tZXdvcmtvdXRzLm5vZXF1aXBtZW50X3NjcmVlbl83XzE1NTU1NjAxMzhfMDkw\/screen-7.jpg?fakeurl=1&type=.jpg"}],"total_ratings":608109,"developer":"Leap Fitness Group","developer_url":"https:\/\/play.google.com\/store\/apps\/developer?id=Leap Fitness Group","tags":["Health &amp; Fitness"],"versions":[{"identifier":"1.0.28","download_link":"https:\/\/apkpure.com\/home-workout-no-equipment\/homeworkout.homeworkouts.noequipment\/download?from=details","is_link_external":1}],"more_details":[{"title":"Latest Version","identifier":"latest_version","value":"1.0.28 "},{"title":"Publish Date","identifier":"published_date","value":"2019-06-19"},{"title":"Requirement","identifier":"required_android","value":"Android 4.2+"}],"seo_title":"Home Workout","seo_keyword":"Home Workout, Home Workout for android, Home Workout android download, Home Workout apk, Home Workout android apk, Home Workout download","seo_description":"Download Home Workout apk 1.0.28 for Android. Home workouts for fast bodybuilding at home - no equipment needed."}