{"app_id":"losebellyfat.flatstomach.absworkout.fatburning","value":"losebellyfat.flatstomach.absworkout.fatburning","title":"Lose Belly Fat in 30 Days - Flat Stomach","label":"Lose Belly Fat in 30 Days - Flat Stomach","slug":"lose-belly-fat-in-30-days-flat-stomach","app_image_url":"https:\/\/image.winudf.com\/v2\/image1\/bG9zZWJlbGx5ZmF0LmZsYXRzdG9tYWNoLmFic3dvcmtvdXQuZmF0YnVybmluZ19pY29uXzE1NTI5OTA5NTBfMDE1\/icon.png?w=170&fakeurl=1","app_link":"https:\/\/play.google.com\/store\/apps\/details?id=losebellyfat.flatstomach.absworkout.fatburning","description":"Sweat just 10 minutes a day! <b>Lose belly fat<\/b> and flatten your tummy with our <b>short and effective<\/b> fat burning workouts at home! You will get a flat stomach in just a few weeks!<br><br>Belly fat covers your abs and harms your health. It can raise the risk of high blood pressure, cancer, and other diseases. Experts have pointed out that aerobic exercises help in burning calories and boosting the metabolism. Try the aerobic exercises in this app to get rid of the annoying belly fat and improve your health.<br><br>We have prepared systematic and scientifically-proven workout plans to help you lose belly fat and get a flatter stomach in a simple and fun way. No equipment or coach needed, you can easily do the belly workout at home or anywhere, anytime.<br><br>Why choose this workout app Lose Belly Fat?<br>-100% free! No hidden charges!<br>-Quick and effective workouts maximize fat burning.<br>-Requires no equipment. Burn belly fat, lose weight and stay fit with just your body weight.<br>-Abs workout exercise with 3 difficulty levels (easy, medium, hard) designed by experts.<br>-Suitable for both beginner and pro.<br>-Beginner friendly.<br>-Animation and video guidance just like your personal workout trainer.<br>-Track your weight loss progress.<br>-Daily workout tracker to track burned calories.<br>-Customized workout reminders remind you to tone your stomach.<br>-Health tips help you develop a balanced diet for weight loss and good health.<br>-Stomach workouts, belly fat exercises, ab workouts, and core workout aimed to bring you a flat tummy and a good figure.<br>-Do these abs workout exercises 10 minutes a day to burn belly fat and achieve your goal of having a flat tummy.<br><br>Stop wasting your time with those useless methods. Download Lose Belly Fat for free and start working out at home to burn fat, tone your belly, lose weight and build muscle faster. You'll have beach-ready abs in no time!<br><br>Belly fat burning exercises                                    <br>Belly fat exercise<br>Belly fat loss<br>Stomach fat burning exercise <br>Lose stomach fat quickly<br>Fat burning exercises<br>Reduce belly fat<br>Lose spare tire belly <br>Lose belly fat at home<br>Exercise to get a flat tummy <br>Workouts to lose weight at home<br>Exercise at home to burn belly fat<br>Fat burning workouts  <br>Abs workout at home<br>Ab workouts<br>Core workout for men<br>Core workout for women<br>Fat burning workouts for women<br>Hiit workouts for women<br>Weight loss app<br>Body fat burning exercise<br>Weight loss exercises<br>Low calorie diet<br>Female fitness exercise<br>Core workout<br>Fat burning workouts for men<br>Hiit workouts for men<br><br>Fitness Coach<br>All workouts are designed by professional fitness coach. Workout guide through the exercise, just like having a personal fitness coach in your pocket!","status_identifier":"active","short_description":"Sweat just 10 minutes a day! Lose belly fat and flatten your tummy with our short and effective fat burning workouts at home! You will get a flat stomach in just a few weeks!Belly fat covers your abs...","current_ratings":5,"categories":[{"label":"Health & Fitness","value":"health_fitness"}],"screenshots":[{"id":1,"image_link":"https:\/\/image.winudf.com\/v2\/image1\/bG9zZWJlbGx5ZmF0LmZsYXRzdG9tYWNoLmFic3dvcmtvdXQuZmF0YnVybmluZ19zY3JlZW5fMF8xNTUyOTkwOTUwXzAyMw\/screen-0.jpg?fakeurl=1&type=.jpg","preview":"https:\/\/image.winudf.com\/v2\/image1\/bG9zZWJlbGx5ZmF0LmZsYXRzdG9tYWNoLmFic3dvcmtvdXQuZmF0YnVybmluZ19zY3JlZW5fMF8xNTUyOTkwOTUwXzAyMw\/screen-0.jpg?fakeurl=1&type=.jpg"},{"id":1,"image_link":"https:\/\/image.winudf.com\/v2\/image1\/bG9zZWJlbGx5ZmF0LmZsYXRzdG9tYWNoLmFic3dvcmtvdXQuZmF0YnVybmluZ19zY3JlZW5fMV8xNTUyOTkwOTUxXzAyNw\/screen-1.jpg?fakeurl=1&type=.jpg","preview":"https:\/\/image.winudf.com\/v2\/image1\/bG9zZWJlbGx5ZmF0LmZsYXRzdG9tYWNoLmFic3dvcmtvdXQuZmF0YnVybmluZ19zY3JlZW5fMV8xNTUyOTkwOTUxXzAyNw\/screen-1.jpg?fakeurl=1&type=.jpg"},{"id":1,"image_link":"https:\/\/image.winudf.com\/v2\/image1\/bG9zZWJlbGx5ZmF0LmZsYXRzdG9tYWNoLmFic3dvcmtvdXQuZmF0YnVybmluZ19zY3JlZW5fMl8xNTUyOTkwOTUxXzA2OA\/screen-2.jpg?fakeurl=1&type=.jpg","preview":"https:\/\/image.winudf.com\/v2\/image1\/bG9zZWJlbGx5ZmF0LmZsYXRzdG9tYWNoLmFic3dvcmtvdXQuZmF0YnVybmluZ19zY3JlZW5fMl8xNTUyOTkwOTUxXzA2OA\/screen-2.jpg?fakeurl=1&type=.jpg"},{"id":1,"image_link":"https:\/\/image.winudf.com\/v2\/image1\/bG9zZWJlbGx5ZmF0LmZsYXRzdG9tYWNoLmFic3dvcmtvdXQuZmF0YnVybmluZ19zY3JlZW5fM18xNTUyOTkwOTUyXzA1Ng\/screen-3.jpg?fakeurl=1&type=.jpg","preview":"https:\/\/image.winudf.com\/v2\/image1\/bG9zZWJlbGx5ZmF0LmZsYXRzdG9tYWNoLmFic3dvcmtvdXQuZmF0YnVybmluZ19zY3JlZW5fM18xNTUyOTkwOTUyXzA1Ng\/screen-3.jpg?fakeurl=1&type=.jpg"},{"id":1,"image_link":"https:\/\/image.winudf.com\/v2\/image1\/bG9zZWJlbGx5ZmF0LmZsYXRzdG9tYWNoLmFic3dvcmtvdXQuZmF0YnVybmluZ19zY3JlZW5fNF8xNTUyOTkwOTUyXzAzOA\/screen-4.jpg?fakeurl=1&type=.jpg","preview":"https:\/\/image.winudf.com\/v2\/image1\/bG9zZWJlbGx5ZmF0LmZsYXRzdG9tYWNoLmFic3dvcmtvdXQuZmF0YnVybmluZ19zY3JlZW5fNF8xNTUyOTkwOTUyXzAzOA\/screen-4.jpg?fakeurl=1&type=.jpg"},{"id":1,"image_link":"https:\/\/image.winudf.com\/v2\/image1\/bG9zZWJlbGx5ZmF0LmZsYXRzdG9tYWNoLmFic3dvcmtvdXQuZmF0YnVybmluZ19zY3JlZW5fNV8xNTUyOTkwOTUzXzAwNg\/screen-5.jpg?fakeurl=1&type=.jpg","preview":"https:\/\/image.winudf.com\/v2\/image1\/bG9zZWJlbGx5ZmF0LmZsYXRzdG9tYWNoLmFic3dvcmtvdXQuZmF0YnVybmluZ19zY3JlZW5fNV8xNTUyOTkwOTUzXzAwNg\/screen-5.jpg?fakeurl=1&type=.jpg"},{"id":1,"image_link":"https:\/\/image.winudf.com\/v2\/image1\/bG9zZWJlbGx5ZmF0LmZsYXRzdG9tYWNoLmFic3dvcmtvdXQuZmF0YnVybmluZ19zY3JlZW5fNl8xNTUyOTkwOTUzXzA1Nw\/screen-6.jpg?fakeurl=1&type=.jpg","preview":"https:\/\/image.winudf.com\/v2\/image1\/bG9zZWJlbGx5ZmF0LmZsYXRzdG9tYWNoLmFic3dvcmtvdXQuZmF0YnVybmluZ19zY3JlZW5fNl8xNTUyOTkwOTUzXzA1Nw\/screen-6.jpg?fakeurl=1&type=.jpg"},{"id":1,"image_link":"https:\/\/image.winudf.com\/v2\/image1\/bG9zZWJlbGx5ZmF0LmZsYXRzdG9tYWNoLmFic3dvcmtvdXQuZmF0YnVybmluZ19zY3JlZW5fN18xNTUyOTkwOTU0XzA3Nw\/screen-7.jpg?fakeurl=1&type=.jpg","preview":"https:\/\/image.winudf.com\/v2\/image1\/bG9zZWJlbGx5ZmF0LmZsYXRzdG9tYWNoLmFic3dvcmtvdXQuZmF0YnVybmluZ19zY3JlZW5fN18xNTUyOTkwOTU0XzA3Nw\/screen-7.jpg?fakeurl=1&type=.jpg"},{"id":1,"image_link":"https:\/\/image.winudf.com\/v2\/image1\/bG9zZWJlbGx5ZmF0LmZsYXRzdG9tYWNoLmFic3dvcmtvdXQuZmF0YnVybmluZ19zY3JlZW5fOF8xNTUyOTkwOTU0XzAwOQ\/screen-8.jpg?fakeurl=1&type=.jpg","preview":"https:\/\/image.winudf.com\/v2\/image1\/bG9zZWJlbGx5ZmF0LmZsYXRzdG9tYWNoLmFic3dvcmtvdXQuZmF0YnVybmluZ19zY3JlZW5fOF8xNTUyOTkwOTU0XzAwOQ\/screen-8.jpg?fakeurl=1&type=.jpg"},{"id":1,"image_link":"https:\/\/image.winudf.com\/v2\/image1\/bG9zZWJlbGx5ZmF0LmZsYXRzdG9tYWNoLmFic3dvcmtvdXQuZmF0YnVybmluZ19zY3JlZW5fOV8xNTUyOTkwOTU0XzAyMQ\/screen-9.jpg?fakeurl=1&type=.jpg","preview":"https:\/\/image.winudf.com\/v2\/image1\/bG9zZWJlbGx5ZmF0LmZsYXRzdG9tYWNoLmFic3dvcmtvdXQuZmF0YnVybmluZ19zY3JlZW5fOV8xNTUyOTkwOTU0XzAyMQ\/screen-9.jpg?fakeurl=1&type=.jpg"}],"screenshot_previews":[{"id":1,"image_link":"https:\/\/image.winudf.com\/v2\/image1\/bG9zZWJlbGx5ZmF0LmZsYXRzdG9tYWNoLmFic3dvcmtvdXQuZmF0YnVybmluZ19zY3JlZW5fMF8xNTUyOTkwOTUwXzAyMw\/screen-0.jpg?fakeurl=1&type=.jpg","preview":"https:\/\/image.winudf.com\/v2\/image1\/bG9zZWJlbGx5ZmF0LmZsYXRzdG9tYWNoLmFic3dvcmtvdXQuZmF0YnVybmluZ19zY3JlZW5fMF8xNTUyOTkwOTUwXzAyMw\/screen-0.jpg?fakeurl=1&type=.jpg"},{"id":1,"image_link":"https:\/\/image.winudf.com\/v2\/image1\/bG9zZWJlbGx5ZmF0LmZsYXRzdG9tYWNoLmFic3dvcmtvdXQuZmF0YnVybmluZ19zY3JlZW5fMV8xNTUyOTkwOTUxXzAyNw\/screen-1.jpg?fakeurl=1&type=.jpg","preview":"https:\/\/image.winudf.com\/v2\/image1\/bG9zZWJlbGx5ZmF0LmZsYXRzdG9tYWNoLmFic3dvcmtvdXQuZmF0YnVybmluZ19zY3JlZW5fMV8xNTUyOTkwOTUxXzAyNw\/screen-1.jpg?fakeurl=1&type=.jpg"},{"id":1,"image_link":"https:\/\/image.winudf.com\/v2\/image1\/bG9zZWJlbGx5ZmF0LmZsYXRzdG9tYWNoLmFic3dvcmtvdXQuZmF0YnVybmluZ19zY3JlZW5fMl8xNTUyOTkwOTUxXzA2OA\/screen-2.jpg?fakeurl=1&type=.jpg","preview":"https:\/\/image.winudf.com\/v2\/image1\/bG9zZWJlbGx5ZmF0LmZsYXRzdG9tYWNoLmFic3dvcmtvdXQuZmF0YnVybmluZ19zY3JlZW5fMl8xNTUyOTkwOTUxXzA2OA\/screen-2.jpg?fakeurl=1&type=.jpg"},{"id":1,"image_link":"https:\/\/image.winudf.com\/v2\/image1\/bG9zZWJlbGx5ZmF0LmZsYXRzdG9tYWNoLmFic3dvcmtvdXQuZmF0YnVybmluZ19zY3JlZW5fM18xNTUyOTkwOTUyXzA1Ng\/screen-3.jpg?fakeurl=1&type=.jpg","preview":"https:\/\/image.winudf.com\/v2\/image1\/bG9zZWJlbGx5ZmF0LmZsYXRzdG9tYWNoLmFic3dvcmtvdXQuZmF0YnVybmluZ19zY3JlZW5fM18xNTUyOTkwOTUyXzA1Ng\/screen-3.jpg?fakeurl=1&type=.jpg"},{"id":1,"image_link":"https:\/\/image.winudf.com\/v2\/image1\/bG9zZWJlbGx5ZmF0LmZsYXRzdG9tYWNoLmFic3dvcmtvdXQuZmF0YnVybmluZ19zY3JlZW5fNF8xNTUyOTkwOTUyXzAzOA\/screen-4.jpg?fakeurl=1&type=.jpg","preview":"https:\/\/image.winudf.com\/v2\/image1\/bG9zZWJlbGx5ZmF0LmZsYXRzdG9tYWNoLmFic3dvcmtvdXQuZmF0YnVybmluZ19zY3JlZW5fNF8xNTUyOTkwOTUyXzAzOA\/screen-4.jpg?fakeurl=1&type=.jpg"},{"id":1,"image_link":"https:\/\/image.winudf.com\/v2\/image1\/bG9zZWJlbGx5ZmF0LmZsYXRzdG9tYWNoLmFic3dvcmtvdXQuZmF0YnVybmluZ19zY3JlZW5fNV8xNTUyOTkwOTUzXzAwNg\/screen-5.jpg?fakeurl=1&type=.jpg","preview":"https:\/\/image.winudf.com\/v2\/image1\/bG9zZWJlbGx5ZmF0LmZsYXRzdG9tYWNoLmFic3dvcmtvdXQuZmF0YnVybmluZ19zY3JlZW5fNV8xNTUyOTkwOTUzXzAwNg\/screen-5.jpg?fakeurl=1&type=.jpg"},{"id":1,"image_link":"https:\/\/image.winudf.com\/v2\/image1\/bG9zZWJlbGx5ZmF0LmZsYXRzdG9tYWNoLmFic3dvcmtvdXQuZmF0YnVybmluZ19zY3JlZW5fNl8xNTUyOTkwOTUzXzA1Nw\/screen-6.jpg?fakeurl=1&type=.jpg","preview":"https:\/\/image.winudf.com\/v2\/image1\/bG9zZWJlbGx5ZmF0LmZsYXRzdG9tYWNoLmFic3dvcmtvdXQuZmF0YnVybmluZ19zY3JlZW5fNl8xNTUyOTkwOTUzXzA1Nw\/screen-6.jpg?fakeurl=1&type=.jpg"},{"id":1,"image_link":"https:\/\/image.winudf.com\/v2\/image1\/bG9zZWJlbGx5ZmF0LmZsYXRzdG9tYWNoLmFic3dvcmtvdXQuZmF0YnVybmluZ19zY3JlZW5fN18xNTUyOTkwOTU0XzA3Nw\/screen-7.jpg?fakeurl=1&type=.jpg","preview":"https:\/\/image.winudf.com\/v2\/image1\/bG9zZWJlbGx5ZmF0LmZsYXRzdG9tYWNoLmFic3dvcmtvdXQuZmF0YnVybmluZ19zY3JlZW5fN18xNTUyOTkwOTU0XzA3Nw\/screen-7.jpg?fakeurl=1&type=.jpg"},{"id":1,"image_link":"https:\/\/image.winudf.com\/v2\/image1\/bG9zZWJlbGx5ZmF0LmZsYXRzdG9tYWNoLmFic3dvcmtvdXQuZmF0YnVybmluZ19zY3JlZW5fOF8xNTUyOTkwOTU0XzAwOQ\/screen-8.jpg?fakeurl=1&type=.jpg","preview":"https:\/\/image.winudf.com\/v2\/image1\/bG9zZWJlbGx5ZmF0LmZsYXRzdG9tYWNoLmFic3dvcmtvdXQuZmF0YnVybmluZ19zY3JlZW5fOF8xNTUyOTkwOTU0XzAwOQ\/screen-8.jpg?fakeurl=1&type=.jpg"},{"id":1,"image_link":"https:\/\/image.winudf.com\/v2\/image1\/bG9zZWJlbGx5ZmF0LmZsYXRzdG9tYWNoLmFic3dvcmtvdXQuZmF0YnVybmluZ19zY3JlZW5fOV8xNTUyOTkwOTU0XzAyMQ\/screen-9.jpg?fakeurl=1&type=.jpg","preview":"https:\/\/image.winudf.com\/v2\/image1\/bG9zZWJlbGx5ZmF0LmZsYXRzdG9tYWNoLmFic3dvcmtvdXQuZmF0YnVybmluZ19zY3JlZW5fOV8xNTUyOTkwOTU0XzAyMQ\/screen-9.jpg?fakeurl=1&type=.jpg"}],"total_ratings":670330,"developer":"Leap Fitness Group","developer_url":"https:\/\/play.google.com\/store\/apps\/developer?id=Leap Fitness Group","tags":["Health &amp; Fitness"],"versions":[{"identifier":"1.2.4","download_link":"https:\/\/apkpure.com\/lose-belly-fat-in-30-days-flat-stomach\/losebellyfat.flatstomach.absworkout.fatburning\/download?from=details","is_link_external":1}],"more_details":[{"title":"Latest Version","identifier":"latest_version","value":"1.2.4 "},{"title":"Publish Date","identifier":"published_date","value":"2019-04-29"},{"title":"Requirement","identifier":"required_android","value":"Android 4.2+"}],"seo_title":"Lose Belly Fat in 30 Days - Flat Stomach","seo_keyword":"Lose Belly Fat in 30 Days - Flat Stomach, Lose Belly Fat in 30 Days - Flat Stomach for android, Lose Belly Fat in 30 Days - Flat Stomach android download, Lose Belly Fat in 30 Days - Flat Stomach apk, Lose Belly Fat in 30 Days - Flat Stomach android apk, Lose Belly Fat in 30 Days - Flat Stomach download","seo_description":"Download Lose Belly Fat in 30 Days - Flat Stomach apk 1.2.4 for Android. Want to Lose Belly Fat fast at Home?Want to get a Flat Stomach in 30 days?"}