{"app_id":"sworkitapp.sworkit.com","value":"sworkitapp.sworkit.com","title":"Sworkit","label":"Sworkit","slug":"sworkit","app_image_url":"https:\/\/image.winudf.com\/v2\/image1\/c3dvcmtpdGFwcC5zd29ya2l0LmNvbV9pY29uXzE1NTQ4ODE5NDVfMDc2\/icon.png?w=170&fakeurl=1","app_link":"https:\/\/play.google.com\/store\/apps\/details?id=sworkitapp.sworkit.com","description":"Over 25 million people use Sworkit because it's the smartest workout app on the planet. You choose what kind of workout you want and how long you have, then Sworkit will show you exactly what to do. No more needing a gym, or weights, or excuses, just Sworkit. <br><br><h3>Is it legit?<\/h3>\n<br>Yes, we were <b>rated #1<\/b> by a recent study assessing fitness apps based on the parameters for safety, stretching, progression, and more set by the ACSM (American College of Sports Medicine). We've delivered over 50 millions workouts to people of all fitness levels. <br><br><h3>What can we do for you?<\/h3>\n<br>\u2022 Get you started on a <b>6 week program<\/b> to get \"Leaner,\" \"Fitter,\" or \"Stronger.\" We have plans for beginners, intermediate, and advanced. <br>\u2022 Give you a huge database of <b>body weight exercises<\/b>. That means you can do these workouts from anywhere. No more travel or too busy excuses. You can even do a 5 minute stretch in the office. <br>\u2022 Provide the ability to <b>make your own custom workout.<\/b> That means you can make a workout with all of your favorite exercises, nothing you despise. Hello, motivation! <br><br><h3>Who is this app made for?<\/h3>\n<br><b>We made this app with the whole purpose to be for anyone who needs an easy solution for fitness, without the complicated exercises and overpriced guidance<\/b>, we encourage everyone to find what they love in the app and thrive. So that means it's for you, your family, your friends, your teacher, your boss. It's for the traveler that needs energy, the new mom who can't make too much noise, and the dad who is realizing the dad-bod fad went out of style way too fast. <br><br><i>We also serve as a solution for Health + Wellness coaches. That's how awesome it is.<\/i><br>\u2022 Personal trainers<br>\u2022 Sports trainers <br>\u2022 Physical therapists<br>\u2022 PE teachers and more.<br><br>-------------------------------------------------------<br><br>Here are all the benefits of Sworkit that help you get in shape faster and more reliably than ever. <br>\u2022 Guided workout plans<br>\u2022 200+ workouts and exercises<br>\u2022 Custom exercise intervals (H.I.I.T + Tabata) <br>\u2022 Unlimited custom workouts<br>\u2022 Ask a Trainer access<br>\u2022 Access to our Web App<br><br><i>Subscriptions to Sworkit are available through a monthly subscription for $14.99 USD and a yearly subscription for $89.99 USD. Each subscription is auto-renewing. Subscription applies to Sworkit Personalized Workouts<\/i><br><br>Let Sworkit help you make this the workout plan that sticks. <br>Twitter: @Sworkit<br>Facebook: http:\/\/facebook.com\/sworkitapps<br>Instagram: @SworkitApps<br>Pinterest: https:\/\/www.pinterest.com\/Sworkit","status_identifier":"active","short_description":"Over 25 million people use Sworkit because it's the smartest workout app on the planet. You choose what kind of workout you want and how long you have, then Sworkit will show you exactly what to do. N...","current_ratings":5,"categories":[{"label":"Health & Fitness","value":"health_fitness"}],"screenshots":[{"id":1,"image_link":"javascript:void(0)","preview":"javascript:void(0)"},{"id":1,"image_link":"https:\/\/image.winudf.com\/v2\/image1\/c3dvcmtpdGFwcC5zd29ya2l0LmNvbV9zY3JlZW5fMF8xNTU0ODgxOTQ1XzAwOA\/screen-0.jpg?fakeurl=1&type=.jpg","preview":"https:\/\/image.winudf.com\/v2\/image1\/c3dvcmtpdGFwcC5zd29ya2l0LmNvbV9zY3JlZW5fMF8xNTU0ODgxOTQ1XzAwOA\/screen-0.jpg?fakeurl=1&type=.jpg"},{"id":1,"image_link":"https:\/\/image.winudf.com\/v2\/image1\/c3dvcmtpdGFwcC5zd29ya2l0LmNvbV9zY3JlZW5fMV8xNTU0ODgxOTQ1XzA5MQ\/screen-1.jpg?fakeurl=1&type=.jpg","preview":"https:\/\/image.winudf.com\/v2\/image1\/c3dvcmtpdGFwcC5zd29ya2l0LmNvbV9zY3JlZW5fMV8xNTU0ODgxOTQ1XzA5MQ\/screen-1.jpg?fakeurl=1&type=.jpg"},{"id":1,"image_link":"https:\/\/image.winudf.com\/v2\/image1\/c3dvcmtpdGFwcC5zd29ya2l0LmNvbV9zY3JlZW5fMl8xNTU0ODgxOTQ1XzA5OA\/screen-2.jpg?fakeurl=1&type=.jpg","preview":"https:\/\/image.winudf.com\/v2\/image1\/c3dvcmtpdGFwcC5zd29ya2l0LmNvbV9zY3JlZW5fMl8xNTU0ODgxOTQ1XzA5OA\/screen-2.jpg?fakeurl=1&type=.jpg"},{"id":1,"image_link":"https:\/\/image.winudf.com\/v2\/image1\/c3dvcmtpdGFwcC5zd29ya2l0LmNvbV9zY3JlZW5fM18xNTU0ODgxOTQ2XzA3NQ\/screen-3.jpg?fakeurl=1&type=.jpg","preview":"https:\/\/image.winudf.com\/v2\/image1\/c3dvcmtpdGFwcC5zd29ya2l0LmNvbV9zY3JlZW5fM18xNTU0ODgxOTQ2XzA3NQ\/screen-3.jpg?fakeurl=1&type=.jpg"},{"id":1,"image_link":"https:\/\/image.winudf.com\/v2\/image1\/c3dvcmtpdGFwcC5zd29ya2l0LmNvbV9zY3JlZW5fNF8xNTU0ODgxOTQ2XzA4Nw\/screen-4.jpg?fakeurl=1&type=.jpg","preview":"https:\/\/image.winudf.com\/v2\/image1\/c3dvcmtpdGFwcC5zd29ya2l0LmNvbV9zY3JlZW5fNF8xNTU0ODgxOTQ2XzA4Nw\/screen-4.jpg?fakeurl=1&type=.jpg"},{"id":1,"image_link":"https:\/\/image.winudf.com\/v2\/image1\/c3dvcmtpdGFwcC5zd29ya2l0LmNvbV9zY3JlZW5fNV8xNTU0ODgxOTQ2XzAzNA\/screen-5.jpg?fakeurl=1&type=.jpg","preview":"https:\/\/image.winudf.com\/v2\/image1\/c3dvcmtpdGFwcC5zd29ya2l0LmNvbV9zY3JlZW5fNV8xNTU0ODgxOTQ2XzAzNA\/screen-5.jpg?fakeurl=1&type=.jpg"},{"id":1,"image_link":"https:\/\/image.winudf.com\/v2\/image1\/c3dvcmtpdGFwcC5zd29ya2l0LmNvbV9zY3JlZW5fNl8xNTU0ODgxOTQ3XzAyMA\/screen-6.jpg?fakeurl=1&type=.jpg","preview":"https:\/\/image.winudf.com\/v2\/image1\/c3dvcmtpdGFwcC5zd29ya2l0LmNvbV9zY3JlZW5fNl8xNTU0ODgxOTQ3XzAyMA\/screen-6.jpg?fakeurl=1&type=.jpg"},{"id":1,"image_link":"https:\/\/image.winudf.com\/v2\/image1\/c3dvcmtpdGFwcC5zd29ya2l0LmNvbV9zY3JlZW5fN18xNTU0ODgxOTQ3XzA1OQ\/screen-7.jpg?fakeurl=1&type=.jpg","preview":"https:\/\/image.winudf.com\/v2\/image1\/c3dvcmtpdGFwcC5zd29ya2l0LmNvbV9zY3JlZW5fN18xNTU0ODgxOTQ3XzA1OQ\/screen-7.jpg?fakeurl=1&type=.jpg"},{"id":1,"image_link":"https:\/\/image.winudf.com\/v2\/image1\/c3dvcmtpdGFwcC5zd29ya2l0LmNvbV9zY3JlZW5fOF8xNTU0ODgxOTQ4XzAzMA\/screen-8.jpg?fakeurl=1&type=.jpg","preview":"https:\/\/image.winudf.com\/v2\/image1\/c3dvcmtpdGFwcC5zd29ya2l0LmNvbV9zY3JlZW5fOF8xNTU0ODgxOTQ4XzAzMA\/screen-8.jpg?fakeurl=1&type=.jpg"},{"id":1,"image_link":"https:\/\/image.winudf.com\/v2\/image1\/c3dvcmtpdGFwcC5zd29ya2l0LmNvbV9zY3JlZW5fOV8xNTU0ODgxOTQ5XzAzNw\/screen-9.jpg?fakeurl=1&type=.jpg","preview":"https:\/\/image.winudf.com\/v2\/image1\/c3dvcmtpdGFwcC5zd29ya2l0LmNvbV9zY3JlZW5fOV8xNTU0ODgxOTQ5XzAzNw\/screen-9.jpg?fakeurl=1&type=.jpg"}],"screenshot_previews":[{"id":1,"image_link":"javascript:void(0)","preview":"javascript:void(0)"},{"id":1,"image_link":"https:\/\/image.winudf.com\/v2\/image1\/c3dvcmtpdGFwcC5zd29ya2l0LmNvbV9zY3JlZW5fMF8xNTU0ODgxOTQ1XzAwOA\/screen-0.jpg?fakeurl=1&type=.jpg","preview":"https:\/\/image.winudf.com\/v2\/image1\/c3dvcmtpdGFwcC5zd29ya2l0LmNvbV9zY3JlZW5fMF8xNTU0ODgxOTQ1XzAwOA\/screen-0.jpg?fakeurl=1&type=.jpg"},{"id":1,"image_link":"https:\/\/image.winudf.com\/v2\/image1\/c3dvcmtpdGFwcC5zd29ya2l0LmNvbV9zY3JlZW5fMV8xNTU0ODgxOTQ1XzA5MQ\/screen-1.jpg?fakeurl=1&type=.jpg","preview":"https:\/\/image.winudf.com\/v2\/image1\/c3dvcmtpdGFwcC5zd29ya2l0LmNvbV9zY3JlZW5fMV8xNTU0ODgxOTQ1XzA5MQ\/screen-1.jpg?fakeurl=1&type=.jpg"},{"id":1,"image_link":"https:\/\/image.winudf.com\/v2\/image1\/c3dvcmtpdGFwcC5zd29ya2l0LmNvbV9zY3JlZW5fMl8xNTU0ODgxOTQ1XzA5OA\/screen-2.jpg?fakeurl=1&type=.jpg","preview":"https:\/\/image.winudf.com\/v2\/image1\/c3dvcmtpdGFwcC5zd29ya2l0LmNvbV9zY3JlZW5fMl8xNTU0ODgxOTQ1XzA5OA\/screen-2.jpg?fakeurl=1&type=.jpg"},{"id":1,"image_link":"https:\/\/image.winudf.com\/v2\/image1\/c3dvcmtpdGFwcC5zd29ya2l0LmNvbV9zY3JlZW5fM18xNTU0ODgxOTQ2XzA3NQ\/screen-3.jpg?fakeurl=1&type=.jpg","preview":"https:\/\/image.winudf.com\/v2\/image1\/c3dvcmtpdGFwcC5zd29ya2l0LmNvbV9zY3JlZW5fM18xNTU0ODgxOTQ2XzA3NQ\/screen-3.jpg?fakeurl=1&type=.jpg"},{"id":1,"image_link":"https:\/\/image.winudf.com\/v2\/image1\/c3dvcmtpdGFwcC5zd29ya2l0LmNvbV9zY3JlZW5fNF8xNTU0ODgxOTQ2XzA4Nw\/screen-4.jpg?fakeurl=1&type=.jpg","preview":"https:\/\/image.winudf.com\/v2\/image1\/c3dvcmtpdGFwcC5zd29ya2l0LmNvbV9zY3JlZW5fNF8xNTU0ODgxOTQ2XzA4Nw\/screen-4.jpg?fakeurl=1&type=.jpg"},{"id":1,"image_link":"https:\/\/image.winudf.com\/v2\/image1\/c3dvcmtpdGFwcC5zd29ya2l0LmNvbV9zY3JlZW5fNV8xNTU0ODgxOTQ2XzAzNA\/screen-5.jpg?fakeurl=1&type=.jpg","preview":"https:\/\/image.winudf.com\/v2\/image1\/c3dvcmtpdGFwcC5zd29ya2l0LmNvbV9zY3JlZW5fNV8xNTU0ODgxOTQ2XzAzNA\/screen-5.jpg?fakeurl=1&type=.jpg"},{"id":1,"image_link":"https:\/\/image.winudf.com\/v2\/image1\/c3dvcmtpdGFwcC5zd29ya2l0LmNvbV9zY3JlZW5fNl8xNTU0ODgxOTQ3XzAyMA\/screen-6.jpg?fakeurl=1&type=.jpg","preview":"https:\/\/image.winudf.com\/v2\/image1\/c3dvcmtpdGFwcC5zd29ya2l0LmNvbV9zY3JlZW5fNl8xNTU0ODgxOTQ3XzAyMA\/screen-6.jpg?fakeurl=1&type=.jpg"},{"id":1,"image_link":"https:\/\/image.winudf.com\/v2\/image1\/c3dvcmtpdGFwcC5zd29ya2l0LmNvbV9zY3JlZW5fN18xNTU0ODgxOTQ3XzA1OQ\/screen-7.jpg?fakeurl=1&type=.jpg","preview":"https:\/\/image.winudf.com\/v2\/image1\/c3dvcmtpdGFwcC5zd29ya2l0LmNvbV9zY3JlZW5fN18xNTU0ODgxOTQ3XzA1OQ\/screen-7.jpg?fakeurl=1&type=.jpg"},{"id":1,"image_link":"https:\/\/image.winudf.com\/v2\/image1\/c3dvcmtpdGFwcC5zd29ya2l0LmNvbV9zY3JlZW5fOF8xNTU0ODgxOTQ4XzAzMA\/screen-8.jpg?fakeurl=1&type=.jpg","preview":"https:\/\/image.winudf.com\/v2\/image1\/c3dvcmtpdGFwcC5zd29ya2l0LmNvbV9zY3JlZW5fOF8xNTU0ODgxOTQ4XzAzMA\/screen-8.jpg?fakeurl=1&type=.jpg"},{"id":1,"image_link":"https:\/\/image.winudf.com\/v2\/image1\/c3dvcmtpdGFwcC5zd29ya2l0LmNvbV9zY3JlZW5fOV8xNTU0ODgxOTQ5XzAzNw\/screen-9.jpg?fakeurl=1&type=.jpg","preview":"https:\/\/image.winudf.com\/v2\/image1\/c3dvcmtpdGFwcC5zd29ya2l0LmNvbV9zY3JlZW5fOV8xNTU0ODgxOTQ5XzAzNw\/screen-9.jpg?fakeurl=1&type=.jpg"}],"total_ratings":625657,"developer":"Nexercise Inc","developer_url":"https:\/\/play.google.com\/store\/apps\/developer?id=Nexercise Inc","tags":["Health &amp; Fitness"],"versions":[{"identifier":"8.2.0","download_link":"https:\/\/apkpure.com\/sworkit-fitness-workouts-plans-made-simple\/sworkitapp.sworkit.com\/download?from=details","is_link_external":1}],"more_details":[{"title":"Latest Version","identifier":"latest_version","value":"8.2.0 "},{"title":"Publish Date","identifier":"published_date","value":"2019-06-19"},{"title":"Requirement","identifier":"required_android","value":"Android 4.0.3+"}],"seo_title":"Sworkit","seo_keyword":"Sworkit, Sworkit for android, Sworkit android download, Sworkit apk, Sworkit android apk, Sworkit download","seo_description":"Download Sworkit apk 8.2.0 for Android. The #1 fitness app for beginners."}